<?xml version="1.0" encoding="utf-8"?>
<COLLADA xmlns="http://www.collada.org/2005/11/COLLADASchema" version="1.4.1" xmlns:xsi="http://www.w3.org/2001/XMLSchema-instance">
  <asset>
    <contributor>
      <author>Blender User</author>
      <authoring_tool>Blender 4.4.0 commit date:2025-03-17, commit time:17:00, hash:05377985c527</authoring_tool>
    </contributor>
    <created>2025-03-23T23:07:53</created>
    <modified>2025-03-23T23:07:53</modified>
    <unit name="meter" meter="1"/>
    <up_axis>Z_UP</up_axis>
  </asset>
  <library_cameras>
    <camera id="Camera-camera" name="Camera">
      <optics>
        <technique_common>
          <perspective>
            <xfov sid="xfov">39.59775</xfov>
            <aspect_ratio>1.777778</aspect_ratio>
            <znear sid="znear">0.1</znear>
            <zfar sid="zfar">100</zfar>
          </perspective>
        </technique_common>
      </optics>
      <extra>
        <technique profile="blender">
          <shiftx sid="shiftx" type="float">0</shiftx>
          <shifty sid="shifty" type="float">0</shifty>
          <dof_distance sid="dof_distance" type="float">10</dof_distance>
        </technique>
      </extra>
    </camera>
  </library_cameras>
  <library_lights>
    <light id="Light-light" name="Light">
      <technique_common>
        <point>
          <color sid="color">1000 1000 1000</color>
          <constant_attenuation>1</constant_attenuation>
          <linear_attenuation>0</linear_attenuation>
          <quadratic_attenuation>0</quadratic_attenuation>
        </point>
      </technique_common>
      <extra>
        <technique profile="blender">
          <type sid="type" type="int">0</type>
          <flag sid="flag" type="int">0</flag>
          <mode sid="mode" type="int">2097153</mode>
          <red sid="red" type="float">1</red>
          <green sid="green" type="float">1</green>
          <blue sid="blue" type="float">1</blue>
          <energy sid="blender_energy" type="float">1000</energy>
          <spotsize sid="spotsize" type="float">75</spotsize>
          <spotblend sid="spotblend" type="float">0.15</spotblend>
          <clipsta sid="clipsta" type="float">0.04999995</clipsta>
          <clipend sid="clipend" type="float">40</clipend>
          <radius sid="radius" type="float">0.1</radius>
          <area_shape sid="area_shape" type="int">1</area_shape>
          <area_size sid="area_size" type="float">0.1</area_size>
          <area_sizey sid="area_sizey" type="float">0.1</area_sizey>
          <area_sizez sid="area_sizez" type="float">1</area_sizez>
        </technique>
      </extra>
    </light>
  </library_lights>
  <library_effects>
    <effect id="ConcAggr-effect">
      <profile_COMMON>
        <newparam sid="wood1_jpg-surface">
          <surface type="2D">
            <init_from>wood1_jpg</init_from>
          </surface>
        </newparam>
        <newparam sid="wood1_jpg-sampler">
          <sampler2D>
            <source>wood1_jpg-surface</source>
          </sampler2D>
        </newparam>
        <technique sid="common">
          <lambert>
            <emission>
              <color sid="emission">0 0 0 1</color>
            </emission>
            <diffuse>
              <texture texture="wood1_jpg-sampler" texcoord="ID577"/>
            </diffuse>
            <index_of_refraction>
              <float sid="ior">1.5</float>
            </index_of_refraction>
          </lambert>
        </technique>
      </profile_COMMON>
    </effect>
    <effect id="material-effect">
      <profile_COMMON>
        <technique sid="common">
          <lambert>
            <emission>
              <color sid="emission">0 0 0 1</color>
            </emission>
            <diffuse>
              <color sid="diffuse">0.6705882 0.6901961 0.8 1</color>
            </diffuse>
            <index_of_refraction>
              <float sid="ior">1.5</float>
            </index_of_refraction>
          </lambert>
        </technique>
      </profile_COMMON>
    </effect>
    <effect id="edge_color696969255-effect">
      <profile_COMMON>
        <technique sid="common">
          <lambert>
            <emission>
              <color sid="emission">0 0 0 1</color>
            </emission>
            <diffuse>
              <color sid="diffuse">0 0 0 1</color>
            </diffuse>
            <index_of_refraction>
              <float sid="ior">1.5</float>
            </index_of_refraction>
          </lambert>
        </technique>
      </profile_COMMON>
    </effect>
    <effect id="ConcBase-effect">
      <profile_COMMON>
        <newparam sid="wood1_jpg-surface">
          <surface type="2D">
            <init_from>wood1_jpg</init_from>
          </surface>
        </newparam>
        <newparam sid="wood1_jpg-sampler">
          <sampler2D>
            <source>wood1_jpg-surface</source>
          </sampler2D>
        </newparam>
        <technique sid="common">
          <lambert>
            <emission>
              <color sid="emission">0 0 0 1</color>
            </emission>
            <diffuse>
              <texture texture="wood1_jpg-sampler" texcoord="ID497"/>
            </diffuse>
            <index_of_refraction>
              <float sid="ior">1.5</float>
            </index_of_refraction>
          </lambert>
        </technique>
      </profile_COMMON>
    </effect>
    <effect id="RustBase-effect">
      <profile_COMMON>
        <newparam sid="RustBase_jpg-surface">
          <surface type="2D">
            <init_from>RustBase_jpg</init_from>
          </surface>
        </newparam>
        <newparam sid="RustBase_jpg-sampler">
          <sampler2D>
            <source>RustBase_jpg-surface</source>
          </sampler2D>
        </newparam>
        <technique sid="common">
          <lambert>
            <emission>
              <color sid="emission">0 0 0 1</color>
            </emission>
            <diffuse>
              <texture texture="RustBase_jpg-sampler" texcoord="ID280"/>
            </diffuse>
            <index_of_refraction>
              <float sid="ior">1.5</float>
            </index_of_refraction>
          </lambert>
        </technique>
      </profile_COMMON>
    </effect>
    <effect id="Material-effect">
      <profile_COMMON>
        <technique sid="common">
          <lambert>
            <emission>
              <color sid="emission">0 0 0 1</color>
            </emission>
            <diffuse>
              <color sid="diffuse">0.8 0.8 0.8 1</color>
            </diffuse>
            <index_of_refraction>
              <float sid="ior">1.45</float>
            </index_of_refraction>
          </lambert>
        </technique>
      </profile_COMMON>
    </effect>
  </library_effects>
  <library_images>
    <image id="RustBase_jpg" name="RustBase_jpg">
      <init_from>/home/nvhung/ws_mader/src/mader/mader/meshes/ConcreteDamage01b/model/RustBase.jpg</init_from>
    </image>
    <image id="wood1_jpg" name="wood1_jpg">
      <init_from>/home/nvhung/ws_mader/src/mader/mader/meshes/ConcreteDamage01b/model/wood1.jpg</init_from>
    </image>
  </library_images>
  <library_materials>
    <material id="ConcAggr-material" name="ConcAggr">
      <instance_effect url="#ConcAggr-effect"/>
    </material>
    <material id="material-material" name="material">
      <instance_effect url="#material-effect"/>
    </material>
    <material id="edge_color696969255-material" name="edge_color696969255">
      <instance_effect url="#edge_color696969255-effect"/>
    </material>
    <material id="ConcBase-material" name="ConcBase">
      <instance_effect url="#ConcBase-effect"/>
    </material>
    <material id="RustBase-material" name="RustBase">
      <instance_effect url="#RustBase-effect"/>
    </material>
    <material id="Material-material" name="Material">
      <instance_effect url="#Material-effect"/>
    </material>
  </library_materials>
  <library_geometries>
    <geometry id="ID572-mesh" name="ID572">
      <mesh>
        <source id="ID572-mesh-positions">
          <float_array id="ID572-mesh-positions-array" count="36">31.49606 0 196.8504 0 31.49606 196.8504 0 0 196.8504 31.49606 31.49606 196.8504 31.49606 31.49606 196.8504 31.49606 0 196.8504 0 31.49606 196.8504 0 0 196.8504 31.49606 0 196.8504 31.49606 31.49606 196.8504 0 31.49606 196.8504 0 0 196.8504</float_array>
          <technique_common>
            <accessor source="#ID572-mesh-positions-array" count="12" stride="3">
              <param name="X" type="float"/>
              <param name="Y" type="float"/>
              <param name="Z" type="float"/>
            </accessor>
          </technique_common>
        </source>
        <source id="ID572-mesh-normals">
          <float_array id="ID572-mesh-normals-array" count="6">0 0 1 0 0 -1</float_array>
          <technique_common>
            <accessor source="#ID572-mesh-normals-array" count="2" stride="3">
              <param name="X" type="float"/>
              <param name="Y" type="float"/>
              <param name="Z" type="float"/>
            </accessor>
          </technique_common>
        </source>
        <source id="ID572-mesh-map-0">
          <float_array id="ID572-mesh-map-0-array" count="24">0.8 0 0 0.8 0 0 0 0.8 0.8 0 0.8 0.8 0 0 0 0 0 0 0 0 0 0 0 0</float_array>
          <technique_common>
            <accessor source="#ID572-mesh-map-0-array" count="12" stride="2">
              <param name="S" type="float"/>
              <param name="T" type="float"/>
            </accessor>
          </technique_common>
        </source>
        <vertices id="ID572-mesh-vertices">
          <input semantic="POSITION" source="#ID572-mesh-positions"/>
        </vertices>
        <lines count="4">
          <input semantic="VERTEX" source="#ID572-mesh-vertices" offset="0"/>
          <p>9 8 10 9 11 10 8 11</p>
        </lines>
        <triangles material="ConcAggr-material" count="2">
          <input semantic="VERTEX" source="#ID572-mesh-vertices" offset="0"/>
          <input semantic="NORMAL" source="#ID572-mesh-normals" offset="1"/>
          <input semantic="TEXCOORD" source="#ID572-mesh-map-0" offset="2" set="0"/>
          <p>0 0 0 1 0 1 2 0 2 1 0 3 0 0 4 3 0 5</p>
        </triangles>
        <triangles material="material-material" count="2">
          <input semantic="VERTEX" source="#ID572-mesh-vertices" offset="0"/>
          <input semantic="NORMAL" source="#ID572-mesh-normals" offset="1"/>
          <input semantic="TEXCOORD" source="#ID572-mesh-map-0" offset="2" set="0"/>
          <p>4 1 6 5 1 7 6 1 8 7 1 9 6 1 10 5 1 11</p>
        </triangles>
      </mesh>
    </geometry>
    <geometry id="ID562-mesh" name="ID562">
      <mesh>
        <source id="ID562-mesh-positions">
          <float_array id="ID562-mesh-positions-array" count="36">31.49606 31.49606 0 0 0 0 0 31.49606 0 31.49606 0 0 31.49606 0 0 31.49606 31.49606 0 0 0 0 0 31.49606 0 31.49606 0 0 31.49606 31.49606 0 0 0 0 0 31.49606 0</float_array>
          <technique_common>
            <accessor source="#ID562-mesh-positions-array" count="12" stride="3">
              <param name="X" type="float"/>
              <param name="Y" type="float"/>
              <param name="Z" type="float"/>
            </accessor>
          </technique_common>
        </source>
        <source id="ID562-mesh-normals">
          <float_array id="ID562-mesh-normals-array" count="6">0 0 -1 0 0 1</float_array>
          <technique_common>
            <accessor source="#ID562-mesh-normals-array" count="2" stride="3">
              <param name="X" type="float"/>
              <param name="Y" type="float"/>
              <param name="Z" type="float"/>
            </accessor>
          </technique_common>
        </source>
        <source id="ID562-mesh-map-0">
          <float_array id="ID562-mesh-map-0-array" count="24">-0.8 0.8 0 0 0 0.8 0 0 -0.8 0.8 -0.8 0 0 0 0 0 0 0 0 0 0 0 0 0</float_array>
          <technique_common>
            <accessor source="#ID562-mesh-map-0-array" count="12" stride="2">
              <param name="S" type="float"/>
              <param name="T" type="float"/>
            </accessor>
          </technique_common>
        </source>
        <vertices id="ID562-mesh-vertices">
          <input semantic="POSITION" source="#ID562-mesh-positions"/>
        </vertices>
        <lines count="4">
          <input semantic="VERTEX" source="#ID562-mesh-vertices" offset="0"/>
          <p>9 8 8 10 10 11 11 9</p>
        </lines>
        <triangles material="ConcAggr-material" count="2">
          <input semantic="VERTEX" source="#ID562-mesh-vertices" offset="0"/>
          <input semantic="NORMAL" source="#ID562-mesh-normals" offset="1"/>
          <input semantic="TEXCOORD" source="#ID562-mesh-map-0" offset="2" set="0"/>
          <p>0 0 0 1 0 1 2 0 2 1 0 3 0 0 4 3 0 5</p>
        </triangles>
        <triangles material="material-material" count="2">
          <input semantic="VERTEX" source="#ID562-mesh-vertices" offset="0"/>
          <input semantic="NORMAL" source="#ID562-mesh-normals" offset="1"/>
          <input semantic="TEXCOORD" source="#ID562-mesh-map-0" offset="2" set="0"/>
          <p>4 1 6 5 1 7 6 1 8 7 1 9 6 1 10 5 1 11</p>
        </triangles>
      </mesh>
    </geometry>
    <geometry id="ID552-mesh" name="ID552">
      <mesh>
        <source id="ID552-mesh-positions">
          <float_array id="ID552-mesh-positions-array" count="189">0 4.671988 23.07471 0 2.631494 21.97754 2.499122 0 23.08986 2.499122 0 23.08986 0 2.631494 21.97754 0 4.671988 23.07471 2.499122 0 23.08986 0 4.671988 23.07471 0 2.631494 21.97754 3.982279 0 24.38418 3.982279 0 24.38418 3.982279 0 24.38418 0 3.93663 19.55027 0 3.93663 19.55027 0 3.93663 19.55027 0 3.5533 25.15522 0 3.5533 25.15522 0 3.5533 25.15522 3.982279 0 21.39031 3.982279 0 21.39031 3.982279 0 21.39031 4.893045 0 26.12932 4.893045 0 26.12932 4.893045 0 26.12932 2.717766 0 19.39506 2.717766 0 19.39506 2.717766 0 19.39506 0 5.264232 26.78394 0 5.264232 26.78394 0 5.264232 26.78394 0 2.631494 18.8485 0 2.631494 18.8485 0 2.631494 18.8485 0 2.631494 27.59862 0 2.631494 27.59862 0 2.631494 27.59862 4.182041 0 17.54144 4.182041 0 17.54144 4.182041 0 17.54144 2.798878 0 27.22224 2.798878 0 27.22224 2.798878 0 27.22224 0 3.93663 16.42123 0 3.93663 16.42123 0 3.93663 16.42123 0 0 30.52698 0 0 30.52698 0 0 30.52698 0 2.631494 15.71946 0 2.631494 15.71946 0 2.631494 15.71946 3.208991 0 15.38896 3.208991 0 15.38896 3.208991 0 15.38896 1.411426 0 14.58661 1.411426 0 14.58661 1.411426 0 14.58661 0 2.631494 14.14466 0 2.631494 14.14466 0 2.631494 14.14466 0 0 12.64284 0 0 12.64284 0 0 12.64284</float_array>
          <technique_common>
            <accessor source="#ID552-mesh-positions-array" count="63" stride="3">
              <param name="X" type="float"/>
              <param name="Y" type="float"/>
              <param name="Z" type="float"/>
            </accessor>
          </technique_common>
        </source>
        <source id="ID552-mesh-normals">
          <float_array id="ID552-mesh-normals-array" count="126">-0.7784799 -0.6008818 0.1814116 -0.7472158 -0.648829 0.1438388 -0.7312822 -0.630162 0.2610024 -0.6581664 -0.6535366 0.3737742 -0.7001135 -0.6854727 0.1999204 -0.6785183 -0.7127114 0.1779199 -0.6755502 -0.7304157 -0.1006226 -0.6828843 -0.7183127 -0.1330258 -0.7344717 -0.6766167 0.05235612 -0.7339891 -0.6651939 -0.13703 -0.689733 -0.6868818 0.2290453 -0.4972667 -0.3960984 -0.7719014 -0.6427645 -0.7636567 -0.06068366 -0.4999111 -0.4236683 -0.7553769 -0.6994257 -0.6850977 0.2035801 -0.6195141 -0.5838746 -0.5246836 -0.6944156 -0.5151646 0.5023867 -0.5389729 -0.7134838 0.4477156 -0.6056731 -0.4793744 0.6351065 -0.8756268 -0.4340834 0.2117771 -0.7671915 -0.3179308 0.5570791 0.7312822 0.630162 -0.2610024 0.7472156 0.6488292 -0.1438387 0.7784801 0.6008816 -0.1814117 0.6581664 0.6535365 -0.3737742 0.7001131 0.6854731 -0.1999207 0.6785184 0.7127113 -0.1779199 0.6755502 0.7304157 0.1006227 0.6828843 0.7183127 0.1330259 0.7344717 0.6766168 -0.05235618 0.7339891 0.6651939 0.13703 0.6897326 0.6868821 -0.2290458 0.4972667 0.3960984 0.7719014 0.6427645 0.7636567 0.0606836 0.4999111 0.4236683 0.7553769 0.6994258 0.6850976 -0.2035803 0.6195141 0.5838746 0.5246836 0.6944155 0.5151646 -0.5023868 0.5389729 0.7134838 -0.4477156 0.6056731 0.4793744 -0.6351065 0.8756268 0.4340834 -0.2117771 0.7671915 0.3179308 -0.5570791</float_array>
          <technique_common>
            <accessor source="#ID552-mesh-normals-array" count="42" stride="3">
              <param name="X" type="float"/>
              <param name="Y" type="float"/>
              <param name="Z" type="float"/>
            </accessor>
          </technique_common>
        </source>
        <source id="ID552-mesh-map-0">
          <float_array id="ID552-mesh-map-0-array" count="228">0.4160887 0.5860976 0.452737 0.5582295 0.5448855 0.5864824 0.5715238 0.6193581 0.4160887 0.5860976 0.5448855 0.5864824 0.5448855 0.5864824 0.452737 0.5582295 0.4292961 0.4965769 0.4361809 0.6389427 0.4160887 0.5860976 0.5715238 0.6193581 0.5448855 0.5864824 0.4292961 0.4965769 0.5715238 0.5433139 0.5878816 0.6636846 0.4361809 0.6389427 0.5715238 0.6193581 0.4292961 0.4965769 0.5488125 0.4926346 0.5715238 0.5433139 0.5878816 0.6636846 0.4054517 0.6803121 0.4361809 0.6389427 0.5488125 0.4926346 0.4292961 0.4965769 0.452737 0.478752 0.5878816 0.6636846 0.452737 0.701005 0.4054517 0.6803121 0.5488125 0.4926346 0.452737 0.478752 0.5751116 0.4455526 0.5878816 0.6636846 0.5502693 0.6914448 0.452737 0.701005 0.452737 0.478752 0.4292961 0.4170993 0.5751116 0.4455526 0.452737 0.701005 0.5502693 0.6914448 0.5 0.7753852 0.5751116 0.4455526 0.4292961 0.4170993 0.452737 0.3992744 0.5751116 0.4455526 0.452737 0.3992744 0.5576351 0.3908796 0.5576351 0.3908796 0.452737 0.3992744 0.5253499 0.3704998 0.452737 0.3592744 0.5253499 0.3704998 0.452737 0.3992744 0.452737 0.3592744 0.5 0.3211282 0.5253499 0.3704998 0 0 0 0 0 0 0 0 0 0 0 0 0 0 0 0 0 0 0 0 0 0 0 0 0 0 0 0 0 0 0 0 0 0 0 0 0 0 0 0 0 0 0 0 0 0 0 0 0 0 0 0 0 0 0 0 0 0 0 0 0 0 0 0 0 0 0 0 0 0 0 0 0 0 0 0 0 0 0 0 0 0 0 0 0 0 0 0 0 0 0 0 0 0 0 0 0 0 0 0 0 0 0 0 0 0 0 0 0 0 0 0 0 0</float_array>
          <technique_common>
            <accessor source="#ID552-mesh-map-0-array" count="114" stride="2">
              <param name="S" type="float"/>
              <param name="T" type="float"/>
            </accessor>
          </technique_common>
        </source>
        <vertices id="ID552-mesh-vertices">
          <input semantic="POSITION" source="#ID552-mesh-positions"/>
        </vertices>
        <lines count="39">
          <input semantic="VERTEX" source="#ID552-mesh-vertices" offset="0"/>
          <p>7 6 8 7 6 8 6 11 7 11 6 14 14 8 17 11 7 17 20 14 20 6 11 23 23 17 14 26 26 20 23 29 17 29 32 14 26 32 35 23 29 35 32 38 38 26 23 41 41 35 44 32 38 44 41 47 35 47 38 50 50 44 53 50 53 38 50 56 56 53 59 50 59 56 62 59 62 56</p>
        </lines>
        <triangles material="ConcAggr-material" count="19">
          <input semantic="VERTEX" source="#ID552-mesh-vertices" offset="0"/>
          <input semantic="NORMAL" source="#ID552-mesh-normals" offset="1"/>
          <input semantic="TEXCOORD" source="#ID552-mesh-map-0" offset="2" set="0"/>
          <p>0 0 0 1 1 1 2 2 2 9 3 3 0 0 4 2 2 5 2 2 6 1 1 7 12 4 8 15 5 9 0 0 10 9 3 11 2 2 12 12 4 13 18 6 14 21 7 15 15 5 16 9 3 17 12 4 18 24 8 19 18 6 20 21 7 21 27 9 22 15 5 23 24 8 24 12 4 25 30 10 26 21 7 27 33 11 28 27 9 29 24 8 30 30 10 31 36 12 32 21 7 33 39 13 34 33 11 35 30 10 36 42 14 37 36 12 38 33 11 39 39 13 40 45 15 41 36 12 42 42 14 43 48 16 44 36 12 45 48 16 46 51 17 47 51 17 48 48 16 49 54 18 50 57 19 51 54 18 52 48 16 53 57 19 54 60 20 55 54 18 56</p>
        </triangles>
        <triangles material="material-material" count="19">
          <input semantic="VERTEX" source="#ID552-mesh-vertices" offset="0"/>
          <input semantic="NORMAL" source="#ID552-mesh-normals" offset="1"/>
          <input semantic="TEXCOORD" source="#ID552-mesh-map-0" offset="2" set="0"/>
          <p>3 21 57 4 22 58 5 23 59 3 21 60 5 23 61 10 24 62 13 25 63 4 22 64 3 21 65 10 24 66 5 23 67 16 26 68 19 27 69 13 25 70 3 21 71 10 24 72 16 26 73 22 28 74 19 27 75 25 29 76 13 25 77 16 26 78 28 30 79 22 28 80 31 31 81 13 25 82 25 29 83 28 30 84 34 32 85 22 28 86 37 33 87 31 31 88 25 29 89 34 32 90 40 34 91 22 28 92 37 33 93 43 35 94 31 31 95 46 36 96 40 34 97 34 32 98 49 37 99 43 35 100 37 33 101 52 38 102 49 37 103 37 33 104 55 39 105 49 37 106 52 38 107 49 37 108 55 39 109 58 40 110 55 39 111 61 41 112 58 40 113</p>
        </triangles>
      </mesh>
    </geometry>
    <geometry id="ID542-mesh" name="ID542">
      <mesh>
        <source id="ID542-mesh-positions">
          <float_array id="ID542-mesh-positions-array" count="327">31.49606 3.757057 96.8837 25.41331 0 96.67447 24.28201 0 92.7928 24.28201 0 92.7928 25.41331 0 96.67447 31.49606 3.757057 96.8837 31.49606 3.757057 96.8837 25.41331 0 96.67447 24.28201 0 92.7928 31.49606 3.757057 98.06481 31.49606 3.757057 98.06481 31.49606 3.757057 98.06481 31.49606 2.797615 94.72512 31.49606 2.797615 94.72512 31.49606 2.797615 94.72512 22.39758 0 98.25746 22.39758 0 98.25746 22.39758 0 98.25746 27.86547 0 91.6795 27.86547 0 91.6795 27.86547 0 91.6795 31.49606 5.189076 99.41548 31.49606 5.189076 99.41548 31.49606 5.189076 99.41548 31.49606 4.014472 93.17778 31.49606 4.014472 93.17778 31.49606 4.014472 93.17778 23.99631 0 100.8519 23.99631 0 100.8519 23.99631 0 100.8519 31.49606 2.343071 90.98656 31.49606 2.343071 90.98656 31.49606 2.343071 90.98656 31.49606 3.986299 101.8951 31.49606 3.986299 101.8951 31.49606 3.986299 101.8951 29.4495 0 88.66755 29.4495 0 88.66755 29.4495 0 88.66755 21.45798 0 102.6964 21.45798 0 102.6964 21.45798 0 102.6964 31.49606 2.938896 88.29583 31.49606 2.938896 88.29583 31.49606 2.938896 88.29583 31.49606 5.248893 103.8915 31.49606 5.248893 103.8915 31.49606 5.248893 103.8915 31.49606 1.593103 86.85922 31.49606 1.593103 86.85922 31.49606 1.593103 86.85922 31.49606 2.941771 107.0817 31.49606 2.941771 107.0817 31.49606 2.941771 107.0817 27.59222 0 86.56659 27.59222 0 86.56659 27.59222 0 86.56659 31.49606 2.941771 107.8691 21.45798 0 102.6964 31.49606 2.941771 107.0817 31.49606 2.941771 107.0817 21.45798 0 102.6964 31.49606 2.941771 107.8691 31.49606 2.941771 107.8691 31.49606 2.020524 86.19793 31.49606 2.020524 86.19793 31.49606 2.020524 86.19793 23.19349 0 105.2863 23.19349 0 105.2863 23.19349 0 105.2863 31.49606 0 84.9742 31.49606 0 84.9742 31.49606 0 84.9742 31.49606 3.437715 108.4807 31.49606 3.437715 108.4807 31.49606 3.437715 108.4807 27.4971 1.468823 109.5843 27.4971 1.468823 109.5843 27.4971 1.468823 109.5843 21.91054 0 107.9007 21.91054 0 107.9007 21.91054 0 107.9007 31.49606 2.804427 111.1629 24.51381 0 110.4076 24.51381 0 110.4076 31.49606 2.804427 111.1629 24.51381 0 110.4076 31.49606 2.804427 111.1629 26.94051 0 111.7804 26.94051 0 111.7804 26.94051 0 111.7804 26.94051 0 113.3552 26.94051 0 113.3552 26.94051 0 113.3552 31.49606 4.053864 112.684 31.49606 4.053864 112.684 31.49606 4.053864 112.684 28.71743 0 113.9277 28.71743 0 113.9277 28.71743 0 113.9277 31.49606 1.620015 114.6831 31.49606 1.620015 114.6831 31.49606 1.620015 114.6831 31.49606 1.620015 115.0768 31.49606 1.620015 115.0768 31.49606 1.620015 115.0768 31.49606 0 117.0813 31.49606 0 117.0813 31.49606 0 117.0813</float_array>
          <technique_common>
            <accessor source="#ID542-mesh-positions-array" count="109" stride="3">
              <param name="X" type="float"/>
              <param name="Y" type="float"/>
              <param name="Z" type="float"/>
            </accessor>
          </technique_common>
        </source>
        <source id="ID542-mesh-normals">
          <float_array id="ID542-mesh-normals-array" count="222">0.447507 -0.8879313 0.106374 0.4481196 -0.8501639 0.2764241 0.3796103 -0.9033826 0.1994898 0.4119341 -0.7952665 0.4448163 0.4925293 -0.8614755 0.1235924 0.473414 -0.8733176 0.1148729 0.395429 -0.8171672 0.419373 0.4705364 -0.8751362 0.1128371 0.7503764 -0.6588939 -0.05286115 0.4657747 -0.8789621 0.1023695 0.6509692 -0.702596 0.287399 0.4573866 -0.8835884 0.1003445 0.6093791 -0.7928733 0.003031253 0.428994 -0.8749582 0.224527 0.8209463 -0.5543836 0.1367705 0.4674975 -0.8825509 -0.05049926 0.5977555 -0.7907248 -0.1320708 0.442528 -0.7266464 -0.5255036 0.443252 -0.8944866 0.05849331 0.1761978 -0.9024028 0.3932221 0.3843201 -0.8918301 -0.238615 0.2812332 -0.9596396 0 0.4653418 -0.8640323 0.1921079 0.3468846 -0.9298879 -0.1223915 0.3294297 -0.4891278 0.8076077 0.306873 -0.9426634 0.1312052 0.3805341 -0.9098174 -0.1656083 0.2587786 -0.9658026 -0.01609283 0.5426304 -0.8353788 0.08771836 0.3470072 -0.8547844 -0.3859143 0.4475007 -0.8102541 -0.3784593 0.5317734 -0.8005998 -0.2761468 0.6849746 -0.7271373 -0.0456196 0.3954501 -0.5333092 -0.7477971 0.5410077 -0.7599893 -0.3601764 0.5695324 -0.7667264 -0.2962492 0.5807587 -0.6331493 -0.5117043 -0.3796102 0.9033825 -0.1994898 -0.4481196 0.8501639 -0.2764241 -0.447507 0.8879314 -0.106374 -0.411934 0.7952666 -0.4448162 -0.4925294 0.8614754 -0.1235924 -0.473414 0.8733176 -0.1148729 -0.3954288 0.8171674 -0.4193732 -0.4705374 0.8751357 -0.1128373 -0.7503758 0.6588946 0.05286091 -0.4657748 0.8789621 -0.1023696 -0.6509682 0.7025967 -0.2873993 -0.4573876 0.8835879 -0.1003447 -0.6093794 0.7928731 -0.003031015 -0.428994 0.8749582 -0.224527 -0.8209471 0.5543826 -0.1367697 -0.4674974 0.8825509 0.0504992 -0.5977566 0.7907238 0.1320715 -0.4425279 0.7266465 0.5255035 -0.443252 0.8944866 -0.05849325 -0.2812332 0.9596396 0 -0.38432 0.8918302 0.238615 -0.1761978 0.9024028 -0.3932221 -0.4653418 0.8640322 -0.1921077 -0.3468844 0.9298879 0.1223915 -0.3294296 0.4891279 -0.8076077 -0.3068739 0.9426631 -0.1312053 -0.3805339 0.9098175 0.1656082 -0.2587786 0.9658026 0.01609283 -0.347007 0.8547844 0.3859142 -0.5426311 0.8353785 -0.08771836 -0.4475005 0.8102542 0.3784593 -0.5317733 0.8005999 0.276147 -0.684974 0.7271379 0.04562014 -0.3954498 0.5333092 0.7477974 -0.5410066 0.7599899 0.360177 -0.5695324 0.7667264 0.2962492 -0.5807587 0.6331493 0.5117043</float_array>
          <technique_common>
            <accessor source="#ID542-mesh-normals-array" count="74" stride="3">
              <param name="X" type="float"/>
              <param name="Y" type="float"/>
              <param name="Z" type="float"/>
            </accessor>
          </technique_common>
        </source>
        <source id="ID542-mesh-map-0">
          <float_array id="ID542-mesh-map-0-array" count="408">0.5674787 2.460846 0.3907507 2.455532 0.3704319 2.356937 0.5674787 2.490846 0.3907507 2.455532 0.5674787 2.460846 0.5674787 2.460846 0.3704319 2.356937 0.5502466 2.406018 0.3365866 2.495739 0.3907507 2.455532 0.5674787 2.490846 0.5502466 2.406018 0.3704319 2.356937 0.4347927 2.328659 0.5931985 2.525153 0.3365866 2.495739 0.5674787 2.490846 0.572102 2.366716 0.5502466 2.406018 0.4347927 2.328659 0.3653007 2.561638 0.3365866 2.495739 0.5931985 2.525153 0.572102 2.366716 0.4347927 2.328659 0.5420828 2.311059 0.571596 2.588135 0.3653007 2.561638 0.5931985 2.525153 0.4347927 2.328659 0.4632426 2.252156 0.5420828 2.311059 0.3197109 2.608488 0.3653007 2.561638 0.571596 2.588135 0.5527841 2.242714 0.5420828 2.311059 0.4632426 2.252156 0.5942728 2.638845 0.3197109 2.608488 0.571596 2.588135 0.5527841 2.242714 0.4632426 2.252156 0.5286129 2.206224 0.5528357 2.719875 0.3197109 2.608488 0.5942728 2.638845 0.4632426 2.252156 0.4298849 2.198791 0.5286129 2.206224 0.5528357 2.739875 0.3197109 2.608488 0.5528357 2.719875 0.5286129 2.206224 0.4298849 2.198791 0.5362896 2.189427 0.5528357 2.739875 0.3508816 2.674271 0.3197109 2.608488 0.5 2.158345 0.5362896 2.189427 0.4298849 2.198791 0.5617431 2.75541 0.3508816 2.674271 0.5528357 2.739875 0.4545574 2.783442 0.3508816 2.674271 0.5617431 2.75541 0.4545574 2.783442 0.3278391 2.740678 0.3508816 2.674271 0.5503689 2.823537 0.4545574 2.783442 0.5617431 2.75541 0.4545574 2.783442 0.5503689 2.823537 0.3745952 2.804354 0.3745952 2.804354 0.3278391 2.740678 0.4545574 2.783442 0.4181799 2.839222 0.3745952 2.804354 0.5503689 2.823537 0.4181799 2.879222 0.4181799 2.839222 0.5503689 2.823537 0.5728095 2.862174 0.4181799 2.879222 0.5503689 2.823537 0.5728095 2.862174 0.4500944 2.893762 0.4181799 2.879222 0.5290963 2.912951 0.4500944 2.893762 0.5728095 2.862174 0.5290963 2.922951 0.4500944 2.893762 0.5290963 2.912951 0.5 2.973864 0.4500944 2.893762 0.5290963 2.922951 0 0 0 0 0 0 0 0 0 0 0 0 0 0 0 0 0 0 0 0 0 0 0 0 0 0 0 0 0 0 0 0 0 0 0 0 0 0 0 0 0 0 0 0 0 0 0 0 0 0 0 0 0 0 0 0 0 0 0 0 0 0 0 0 0 0 0 0 0 0 0 0 0 0 0 0 0 0 0 0 0 0 0 0 0 0 0 0 0 0 0 0 0 0 0 0 0 0 0 0 0 0 0 0 0 0 0 0 0 0 0 0 0 0 0 0 0 0 0 0 0 0 0 0 0 0 0 0 0 0 0 0 0 0 0 0 0 0 0 0 0 0 0 0 0 0 0 0 0 0 0 0 0 0 0 0 0 0 0 0 0 0 0 0 0 0 0 0 0 0 0 0 0 0 0 0 0 0 0 0 0 0 0 0 0 0 0 0 0 0 0 0 0 0 0 0 0 0 0 0 0 0 0 0</float_array>
          <technique_common>
            <accessor source="#ID542-mesh-map-0-array" count="204" stride="2">
              <param name="S" type="float"/>
              <param name="T" type="float"/>
            </accessor>
          </technique_common>
        </source>
        <vertices id="ID542-mesh-vertices">
          <input semantic="POSITION" source="#ID542-mesh-positions"/>
        </vertices>
        <lines count="67">
          <input semantic="VERTEX" source="#ID542-mesh-vertices" offset="0"/>
          <p>7 6 8 7 6 8 11 6 11 7 8 14 6 14 17 11 7 17 20 8 14 20 23 11 23 17 26 20 14 26 29 23 17 29 20 32 26 32 35 23 29 35 38 20 32 38 35 41 29 41 44 38 32 44 47 35 47 41 38 50 44 50 53 47 41 53 50 56 56 38 63 53 63 41 56 66 50 66 63 69 41 69 72 56 66 72 75 63 75 69 78 69 75 78 78 81 69 81 87 86 78 86 87 75 81 86 87 90 86 90 93 87 90 93 96 87 96 93 99 96 93 99 102 96 102 99 105 102 105 99 108 105 99 108</p>
        </lines>
        <triangles material="ConcAggr-material" count="34">
          <input semantic="VERTEX" source="#ID542-mesh-vertices" offset="0"/>
          <input semantic="NORMAL" source="#ID542-mesh-normals" offset="1"/>
          <input semantic="TEXCOORD" source="#ID542-mesh-map-0" offset="2" set="0"/>
          <p>0 0 0 1 1 1 2 2 2 9 3 3 1 1 4 0 0 5 0 0 6 2 2 7 12 4 8 15 5 9 1 1 10 9 3 11 12 4 12 2 2 13 18 6 14 21 7 15 15 5 16 9 3 17 24 8 18 12 4 19 18 6 20 27 9 21 15 5 22 21 7 23 24 8 24 18 6 25 30 10 26 33 11 27 27 9 28 21 7 29 18 6 30 36 12 31 30 10 32 39 13 33 27 9 34 33 11 35 42 14 36 30 10 37 36 12 38 45 15 39 39 13 40 33 11 41 42 14 42 36 12 43 48 16 44 51 17 45 39 13 46 45 15 47 36 12 48 54 18 49 48 16 50 57 19 51 58 20 52 59 21 53 48 16 54 54 18 55 64 22 56 57 19 57 67 23 58 58 20 59 70 24 60 64 22 61 54 18 62 73 25 63 67 23 64 57 19 65 76 26 66 67 23 67 73 25 68 76 26 69 79 27 70 67 23 71 82 28 72 76 26 73 73 25 74 76 26 75 82 28 76 83 29 77 83 29 78 79 27 79 76 26 80 88 30 81 83 29 82 82 28 83 91 31 84 88 30 85 82 28 86 94 32 87 91 31 88 82 28 89 94 32 90 97 33 91 91 31 92 100 34 93 97 33 94 94 32 95 103 35 96 97 33 97 100 34 98 106 36 99 97 33 100 103 35 101</p>
        </triangles>
        <triangles material="material-material" count="34">
          <input semantic="VERTEX" source="#ID542-mesh-vertices" offset="0"/>
          <input semantic="NORMAL" source="#ID542-mesh-normals" offset="1"/>
          <input semantic="TEXCOORD" source="#ID542-mesh-map-0" offset="2" set="0"/>
          <p>3 37 102 4 38 103 5 39 104 5 39 105 4 38 106 10 40 107 13 41 108 3 37 109 5 39 110 10 40 111 4 38 112 16 42 113 19 43 114 3 37 115 13 41 116 10 40 117 16 42 118 22 44 119 19 43 120 13 41 121 25 45 122 22 44 123 16 42 124 28 46 125 31 47 126 19 43 127 25 45 128 22 44 129 28 46 130 34 48 131 31 47 132 37 49 133 19 43 134 34 48 135 28 46 136 40 50 137 37 49 138 31 47 139 43 51 140 34 48 141 40 50 142 46 52 143 49 53 144 37 49 145 43 51 146 46 52 147 40 50 148 52 54 149 49 53 150 55 55 151 37 49 152 60 56 153 61 57 154 62 58 155 65 59 156 55 55 157 49 53 158 61 57 159 68 60 160 62 58 161 55 55 162 65 59 163 71 61 164 62 58 165 68 60 166 74 62 167 74 62 168 68 60 169 77 63 170 68 60 171 80 64 172 77 63 173 84 65 174 85 66 175 77 63 176 74 62 177 77 63 178 85 66 179 77 63 180 80 64 181 84 65 182 85 66 183 84 65 184 89 67 185 85 66 186 89 67 187 92 68 188 85 66 189 92 68 190 95 69 191 92 68 192 98 70 193 95 69 194 95 69 195 98 70 196 101 71 197 101 71 198 98 70 199 104 72 200 104 72 201 98 70 202 107 73 203</p>
        </triangles>
      </mesh>
    </geometry>
    <geometry id="ID532-mesh" name="ID532">
      <mesh>
        <source id="ID532-mesh-positions">
          <float_array id="ID532-mesh-positions-array" count="306">31.49606 25.46544 150.6596 21.26351 31.49606 147.3864 25.55626 31.49606 150.7056 25.55626 31.49606 150.7056 21.26351 31.49606 147.3864 31.49606 25.46544 150.6596 31.49606 25.46544 150.6596 25.55626 31.49606 150.7056 21.26351 31.49606 147.3864 31.49606 28.19442 152.2321 31.49606 28.19442 152.2321 31.49606 28.19442 152.2321 31.49606 23.49694 150.6596 31.49606 23.49694 150.6596 31.49606 23.49694 150.6596 31.49606 31.49606 158.054 31.49606 31.49606 158.054 31.49606 31.49606 158.054 31.49606 24.77549 146.1115 31.49606 24.77549 146.1115 31.49606 24.77549 146.1115 24.23879 31.49606 142.5165 24.23879 31.49606 142.5165 24.23879 31.49606 142.5165 31.49606 26.86048 142.7719 31.49606 26.86048 142.7719 31.49606 26.86048 142.7719 31.49606 24.85744 139.8491 31.49606 24.85744 139.8491 31.49606 24.85744 139.8491 31.49606 26.86048 138.4764 31.49606 26.86048 138.4764 31.49606 26.86048 138.4764 26.26906 31.49606 139.187 26.26906 31.49606 139.187 26.26906 31.49606 139.187 23.48089 31.49606 136.6247 23.48089 31.49606 136.6247 23.48089 31.49606 136.6247 31.49606 24.38696 132.2573 31.49606 24.38696 132.2573 31.49606 24.38696 132.2573 31.49606 26.86048 131.2735 31.49606 26.86048 131.2735 31.49606 26.86048 131.2735 21.63283 31.49606 132.7081 21.63283 31.49606 132.7081 21.63283 31.49606 132.7081 24.53464 31.49606 129.7569 24.53464 31.49606 129.7569 24.53464 31.49606 129.7569 31.49606 26.86048 128.5176 31.49606 26.86048 128.5176 31.49606 26.86048 128.5176 21.87658 31.49606 126.9263 21.87658 31.49606 126.9263 21.87658 31.49606 126.9263 31.49606 22.01472 124.4928 31.49606 22.01472 124.4928 31.49606 22.01472 124.4928 27.10297 31.49606 122.7454 27.10297 31.49606 122.7454 27.10297 31.49606 122.7454 31.49606 24.38696 121.6367 31.49606 24.38696 121.6367 31.49606 24.38696 121.6367 25.38141 31.49606 120.5934 25.38141 31.49606 120.5934 25.38141 31.49606 120.5934 31.49606 26.56827 117.0067 31.49606 26.56827 117.0067 31.49606 26.56827 117.0067 25.38141 31.49606 118.6249 25.38141 31.49606 118.6249 25.38141 31.49606 118.6249 31.49606 22.78651 112.9969 31.49606 22.78651 112.9969 31.49606 22.78651 112.9969 22.3375 31.49606 116.128 22.3375 31.49606 116.128 22.3375 31.49606 116.128 31.49606 26.77471 111.3089 31.49606 26.77471 111.3089 31.49606 26.77471 111.3089 21.22344 31.49606 111.1167 21.22344 31.49606 111.1167 21.22344 31.49606 111.1167 24.04602 31.49606 107.9284 24.04602 31.49606 107.9284 24.04602 31.49606 107.9284 27.10297 31.49606 107.9284 27.10297 31.49606 107.9284 27.10297 31.49606 107.9284 31.49606 28.5186 105.6718 31.49606 28.5186 105.6718 31.49606 28.5186 105.6718 28.55012 31.49606 106.0614 28.55012 31.49606 106.0614 28.55012 31.49606 106.0614 31.49606 31.49606 103.859 31.49606 31.49606 103.859 31.49606 31.49606 103.859</float_array>
          <technique_common>
            <accessor source="#ID532-mesh-positions-array" count="102" stride="3">
              <param name="X" type="float"/>
              <param name="Y" type="float"/>
              <param name="Z" type="float"/>
            </accessor>
          </technique_common>
        </source>
        <source id="ID532-mesh-normals">
          <float_array id="ID532-mesh-normals-array" count="204">0.3808761 0.1845952 -0.9060122 0.6245011 0.7784734 -0.06306833 0.5204464 0.571954 -0.634038 0.4938855 0.5956329 -0.6334814 0.637492 0.6399076 -0.4290946 0.5209389 0.7425054 -0.42108 0.5295892 0.7865517 0.3176032 0.5838119 0.7498051 0.3113778 0.5385385 0.8425344 -0.01059061 0.6977563 0.6978963 0.1614838 0.6790173 0.7161829 0.1613 0.6534079 0.7511613 -0.09388881 0.5021204 0.8282846 -0.2486358 0.7189638 0.6292444 0.2951994 0.6409119 0.6620098 0.388555 0.4300052 0.9018335 0.0423305 0.4937157 0.8696219 0.001653552 0.4996554 0.754142 -0.4261624 0.6419771 0.7663009 -0.02546429 0.7695676 0.6381863 0.02200359 0.8102967 0.5689631 0.1403579 0.7949534 0.5366342 0.2829717 0.7066042 0.6906454 -0.1540114 0.582425 0.7629375 -0.2805485 0.5563049 0.7649564 -0.3246021 0.6985818 0.6936733 0.1755018 0.5071131 0.8360305 -0.2094978 0.5584301 0.6231795 0.5475428 0.414648 0.9057502 0.08765691 0.2973833 0.819732 0.4894924 0.2897924 0.6778059 0.6757215 0.6190515 0.6345183 0.4627764 0.6192269 0.5378097 0.572118 0.5381902 0.4382985 0.7198929 -0.5204464 -0.5719541 0.634038 -0.6245011 -0.7784735 0.06306833 -0.3808761 -0.1845952 0.9060122 -0.4938854 -0.5956329 0.6334814 -0.6374921 -0.6399076 0.4290946 -0.5209389 -0.7425056 0.42108 -0.5295892 -0.7865516 -0.3176033 -0.5838119 -0.749805 -0.3113778 -0.5385385 -0.8425344 0.01059061 -0.6977563 -0.6978963 -0.1614838 -0.6790174 -0.7161828 -0.1613 -0.6534079 -0.7511612 0.09388875 -0.5021204 -0.8282845 0.2486361 -0.7189639 -0.6292441 -0.2951995 -0.6409121 -0.6620097 -0.3885551 -0.4300052 -0.9018336 -0.04233038 -0.4937157 -0.8696219 -0.001653552 -0.4996545 -0.7541423 0.4261628 -0.6419768 -0.7663012 0.02546489 -0.7695668 -0.6381872 -0.02200371 -0.8102967 -0.5689631 -0.140358 -0.7949529 -0.5366347 -0.2829721 -0.7066041 -0.6906454 0.1540114 -0.5824242 -0.762938 0.2805488 -0.5563048 -0.7649566 0.3246019 -0.6985814 -0.6936736 -0.1755018 -0.507113 -0.8360306 0.2094975 -0.5584303 -0.6231793 -0.5475428 -0.414648 -0.9057502 -0.08765691 -0.2973833 -0.819732 -0.4894924 -0.2897927 -0.6778061 -0.6757212 -0.6190518 -0.6345181 -0.4627761 -0.6192273 -0.5378102 -0.5721171 -0.5381903 -0.4382984 -0.7198929</float_array>
          <technique_common>
            <accessor source="#ID532-mesh-normals-array" count="68" stride="3">
              <param name="X" type="float"/>
              <param name="Y" type="float"/>
              <param name="Z" type="float"/>
            </accessor>
          </technique_common>
        </source>
        <source id="ID532-mesh-map-0">
          <float_array id="ID532-mesh-map-0-array" count="384">0.391687 3.826754 0.6837818 3.743615 0.6066819 3.827922 0.391687 3.826754 0.6066819 3.827922 0.4407007 3.866695 0.3563317 3.826754 0.6837818 3.743615 0.391687 3.826754 0.5 4.014571 0.4407007 3.866695 0.6066819 3.827922 0.3563317 3.826754 0.379295 3.711232 0.6837818 3.743615 0.6837818 3.743615 0.379295 3.711232 0.6303444 3.61992 0.379295 3.711232 0.4167426 3.626406 0.6303444 3.61992 0.4167426 3.626406 0.3807669 3.552167 0.6303444 3.61992 0.4167426 3.5173 0.6303444 3.61992 0.3807669 3.552167 0.6303444 3.61992 0.4167426 3.5173 0.5938796 3.535349 0.5938796 3.535349 0.4167426 3.5173 0.6439566 3.470268 0.4167426 3.5173 0.3723169 3.359335 0.6439566 3.470268 0.4167426 3.334347 0.6439566 3.470268 0.3723169 3.359335 0.6439566 3.470268 0.4167426 3.334347 0.6771487 3.370787 0.6771487 3.370787 0.4167426 3.334347 0.6250307 3.295826 0.4167426 3.334347 0.4167426 3.264347 0.6250307 3.295826 0.6250307 3.295826 0.4167426 3.264347 0.6727708 3.223929 0.3297102 3.162118 0.6727708 3.223929 0.4167426 3.264347 0.3297102 3.162118 0.5789023 3.117734 0.6727708 3.223929 0.5789023 3.117734 0.3297102 3.162118 0.3723169 3.089572 0.5789023 3.117734 0.3723169 3.089572 0.6098222 3.063072 0.6098222 3.063072 0.3723169 3.089572 0.4114943 2.97197 0.6098222 3.063072 0.4114943 2.97197 0.6098222 3.013072 0.6098222 3.013072 0.4114943 2.97197 0.343572 2.870121 0.6098222 3.013072 0.343572 2.870121 0.6644925 2.94965 0.4152022 2.827247 0.6644925 2.94965 0.343572 2.870121 0.6644925 2.94965 0.4152022 2.827247 0.6845015 2.822365 0.4152022 2.827247 0.6338066 2.741381 0.6845015 2.822365 0.4152022 2.827247 0.5789023 2.741381 0.6338066 2.741381 0.4152022 2.827247 0.4465232 2.684064 0.5789023 2.741381 0.5789023 2.741381 0.4465232 2.684064 0.5529107 2.693959 0.5 2.638019 0.5529107 2.693959 0.4465232 2.684064 0 0 0 0 0 0 0 0 0 0 0 0 0 0 0 0 0 0 0 0 0 0 0 0 0 0 0 0 0 0 0 0 0 0 0 0 0 0 0 0 0 0 0 0 0 0 0 0 0 0 0 0 0 0 0 0 0 0 0 0 0 0 0 0 0 0 0 0 0 0 0 0 0 0 0 0 0 0 0 0 0 0 0 0 0 0 0 0 0 0 0 0 0 0 0 0 0 0 0 0 0 0 0 0 0 0 0 0 0 0 0 0 0 0 0 0 0 0 0 0 0 0 0 0 0 0 0 0 0 0 0 0 0 0 0 0 0 0 0 0 0 0 0 0 0 0 0 0 0 0 0 0 0 0 0 0 0 0 0 0 0 0 0 0 0 0 0 0 0 0 0 0 0 0 0 0 0 0 0 0 0 0 0 0 0 0 0 0 0 0 0 0</float_array>
          <technique_common>
            <accessor source="#ID532-mesh-map-0-array" count="192" stride="2">
              <param name="S" type="float"/>
              <param name="T" type="float"/>
            </accessor>
          </technique_common>
        </source>
        <vertices id="ID532-mesh-vertices">
          <input semantic="POSITION" source="#ID532-mesh-positions"/>
        </vertices>
        <lines count="65">
          <input semantic="VERTEX" source="#ID532-mesh-vertices" offset="0"/>
          <p>7 6 8 6 8 7 7 11 6 11 8 14 14 6 7 17 11 17 20 14 20 8 23 20 23 8 26 20 26 23 23 29 29 26 23 32 32 29 32 35 35 23 32 38 38 35 41 32 38 41 38 44 44 41 47 44 47 38 44 50 50 47 50 53 53 44 56 53 56 50 56 59 59 53 59 62 62 56 65 59 65 62 65 68 68 62 71 65 68 71 71 74 74 68 77 71 74 77 77 80 80 74 83 77 80 83 86 83 86 80 83 89 89 86 83 92 92 89 95 83 92 95 95 98 98 92 101 95 101 98</p>
        </lines>
        <triangles material="ConcAggr-material" count="32">
          <input semantic="VERTEX" source="#ID532-mesh-vertices" offset="0"/>
          <input semantic="NORMAL" source="#ID532-mesh-normals" offset="1"/>
          <input semantic="TEXCOORD" source="#ID532-mesh-map-0" offset="2" set="0"/>
          <p>0 0 0 1 1 1 2 2 2 0 0 3 2 2 4 9 3 5 12 4 6 1 1 7 0 0 8 15 5 9 9 3 10 2 2 11 12 4 12 18 6 13 1 1 14 1 1 15 18 6 16 21 7 17 18 6 18 24 8 19 21 7 20 24 8 21 27 9 22 21 7 23 30 10 24 21 7 25 27 9 26 21 7 27 30 10 28 33 11 29 33 11 30 30 10 31 36 12 32 30 10 33 39 13 34 36 12 35 42 14 36 36 12 37 39 13 38 36 12 39 42 14 40 45 15 41 45 15 42 42 14 43 48 16 44 42 14 45 51 17 46 48 16 47 48 16 48 51 17 49 54 18 50 57 19 51 54 18 52 51 17 53 57 19 54 60 20 55 54 18 56 60 20 57 57 19 58 63 21 59 60 20 60 63 21 61 66 22 62 66 22 63 63 21 64 69 23 65 66 22 66 69 23 67 72 24 68 72 24 69 69 23 70 75 25 71 72 24 72 75 25 73 78 26 74 81 27 75 78 26 76 75 25 77 78 26 78 81 27 79 84 28 80 81 27 81 87 29 82 84 28 83 81 27 84 90 30 85 87 29 86 81 27 87 93 31 88 90 30 89 90 30 90 93 31 91 96 32 92 99 33 93 96 32 94 93 31 95</p>
        </triangles>
        <triangles material="material-material" count="32">
          <input semantic="VERTEX" source="#ID532-mesh-vertices" offset="0"/>
          <input semantic="NORMAL" source="#ID532-mesh-normals" offset="1"/>
          <input semantic="TEXCOORD" source="#ID532-mesh-map-0" offset="2" set="0"/>
          <p>3 34 96 4 35 97 5 36 98 10 37 99 3 34 100 5 36 101 5 36 102 4 35 103 13 38 104 3 34 105 10 37 106 16 39 107 4 35 108 19 40 109 13 38 110 22 41 111 19 40 112 4 35 113 22 41 114 25 42 115 19 40 116 22 41 117 28 43 118 25 42 119 28 43 120 22 41 121 31 44 122 34 45 123 31 44 124 22 41 125 37 46 126 31 44 127 34 45 128 37 46 129 40 47 130 31 44 131 40 47 132 37 46 133 43 48 134 46 49 135 43 48 136 37 46 137 49 50 138 43 48 139 46 49 140 49 50 141 52 51 142 43 48 143 55 52 144 52 51 145 49 50 146 52 51 147 55 52 148 58 53 149 55 52 150 61 54 151 58 53 152 64 55 153 58 53 154 61 54 155 67 56 156 64 55 157 61 54 158 70 57 159 64 55 160 67 56 161 73 58 162 70 57 163 67 56 164 76 59 165 70 57 166 73 58 167 79 60 168 76 59 169 73 58 170 76 59 171 79 60 172 82 61 173 85 62 174 82 61 175 79 60 176 85 62 177 88 63 178 82 61 179 88 63 180 91 64 181 82 61 182 91 64 183 94 65 184 82 61 185 97 66 186 94 65 187 91 64 188 94 65 189 97 66 190 100 67 191</p>
        </triangles>
      </mesh>
    </geometry>
    <geometry id="ID522-mesh" name="ID522">
      <mesh>
        <source id="ID522-mesh-positions">
          <float_array id="ID522-mesh-positions-array" count="378">6.355885 0 183.5668 0 3.730567 181.6 0 7.313968 177.9457 0 7.313968 177.9457 0 3.730567 181.6 6.355885 0 183.5668 0 7.313968 177.9457 6.355885 0 183.5668 0 3.730567 181.6 8.908293 0 182.5275 8.908293 0 182.5275 8.908293 0 182.5275 7.098271 0 185.3899 7.098271 0 185.3899 7.098271 0 185.3899 7.720475 0 179.6104 7.720475 0 179.6104 7.720475 0 179.6104 4.545863 0 186.4293 4.545863 0 186.4293 4.545863 0 186.4293 0 3.715527 175.1892 0 3.715527 175.1892 0 3.715527 175.1892 0 6.542153 184.2948 0 6.542153 184.2948 0 6.542153 184.2948 10.7564 0 177.1038 10.7564 0 177.1038 10.7564 0 177.1038 4.545863 0 187.6104 4.545863 0 187.6104 4.545863 0 187.6104 9.955801 0 174.8814 9.955801 0 174.8814 9.955801 0 174.8814 0 3.173747 186.3329 0 3.173747 186.3329 0 3.173747 186.3329 0 3.715527 173.6144 0 3.715527 173.6144 0 3.715527 173.6144 3.36476 0 188.3978 3.36476 0 188.3978 3.36476 0 188.3978 7.386793 0 173.8838 7.386793 0 173.8838 7.386793 0 173.8838 3.049997 0 189.611 3.049997 0 189.611 3.049997 0 189.611 0 7.134425 172.2835 0 7.134425 172.2835 0 7.134425 172.2835 0 0 191.3131 0 0 191.3131 0 0 191.3131 5.677405 0 171.2384 5.677405 0 171.2384 5.677405 0 171.2384 0 5.68403 170.7029 0 5.68403 170.7029 0 5.68403 170.7029 0 8.495072 168.1234 0 8.495072 168.1234 0 8.495072 168.1234 7.666919 0 168.7967 7.666919 0 168.7967 7.666919 0 168.7967 4.277988 0 166.9093 4.277988 0 166.9093 4.277988 0 166.9093 0 5.034662 164.3524 0 5.034662 164.3524 0 5.034662 164.3524 7.945125 0 163.164 7.945125 0 163.164 7.945125 0 163.164 5.409729 0 160.544 5.409729 0 160.544 5.409729 0 160.544 0 5.034662 160.4154 0 5.034662 160.4154 0 5.034662 160.4154 0 7.469134 157.806 0 7.469134 157.806 0 7.469134 157.806 7.919923 0 159.9725 7.919923 0 159.9725 7.919923 0 159.9725 4.776865 0 156.9932 4.776865 0 156.9932 4.776865 0 156.9932 0 8.256536 155.4438 0 8.256536 155.4438 0 8.256536 155.4438 0 6.878906 153.6072 0 6.878906 153.6072 0 6.878906 153.6072 6.848576 0 153.6454 6.848576 0 153.6454 6.848576 0 153.6454 4.400994 0 151.6631 4.400994 0 151.6631 4.400994 0 151.6631 0 6.089292 152.2447 0 6.089292 152.2447 0 6.089292 152.2447 0 7.019241 150.9738 0 7.019241 150.9738 0 7.019241 150.9738 5.442318 0 149.9926 5.442318 0 149.9926 5.442318 0 149.9926 0 2.571073 147.719 0 2.571073 147.719 0 2.571073 147.719 4.978075 0 148.9065 4.978075 0 148.9065 4.978075 0 148.9065 3.796972 0 147.7254 3.796972 0 147.7254 3.796972 0 147.7254 0 0 146.8237 0 0 146.8237 0 0 146.8237</float_array>
          <technique_common>
            <accessor source="#ID522-mesh-positions-array" count="126" stride="3">
              <param name="X" type="float"/>
              <param name="Y" type="float"/>
              <param name="Z" type="float"/>
            </accessor>
          </technique_common>
        </source>
        <source id="ID522-mesh-normals">
          <float_array id="ID522-mesh-normals-array" count="276">-0.442044 -0.858907 -0.2586038 -0.5521038 -0.7831227 -0.2861822 -0.6116724 -0.7804701 0.1293189 -0.5397661 -0.8071643 -0.2390366 -0.3844004 -0.9068681 -0.1727042 -0.5445846 -0.836457 0.06137871 -0.6090186 -0.7710309 -0.1860322 -0.4988601 -0.8189582 0.2836303 -0.7946588 -0.6066843 0.02125346 -0.3129396 -0.9465078 -0.07868891 -0.6011067 -0.7032293 -0.3796569 -0.3525072 -0.9039541 0.2420865 -0.2123477 -0.6287485 -0.7480533 -0.2910868 -0.7432743 -0.6023387 -0.5056654 -0.7782877 -0.3722509 -0.4474155 -0.6294385 0.6353163 -0.4511883 -0.8132295 -0.3675418 0.4473575 0.6294757 -0.6353201 -0.2910787 -0.7432975 -0.6023139 -0.6649877 -0.7408828 -0.0942558 -0.287272 -0.8077672 -0.5147688 -0.66492 -0.7409483 -0.09421926 -0.7292169 -0.6831544 -0.03927963 -0.4474959 -0.6294391 0.635259 -0.7004426 -0.7080677 -0.08955699 -0.7829119 -0.6216409 0.02473276 -0.7427207 -0.6627465 0.09556663 -0.6896132 -0.6646025 0.2876408 -0.7362156 -0.6537405 0.1749568 -0.5332375 -0.8457714 0.0181216 -0.471256 -0.806373 -0.3573239 -0.6364476 -0.6925377 -0.3395967 -0.7748695 -0.5860925 -0.2367971 -0.649011 -0.7397271 -0.1777321 -0.7598037 -0.6215913 0.1905854 -0.8692457 -0.4876249 0.08144944 -0.801818 -0.5280807 0.2796761 -0.7058121 -0.7021787 0.09367167 -0.7727531 -0.6237503 0.1174238 -0.8111962 -0.5844614 -0.01912599 -0.7926847 -0.6076906 0.0486108 -0.6992588 -0.7132709 0.04776865 -0.4355323 -0.4953244 0.7516418 -0.4924595 -0.8237886 0.2808133 -0.4454987 -0.6564 0.6088268 -0.2188308 -0.3208853 0.9214911 0.6116735 0.7804694 -0.1293182 0.5521038 0.7831227 0.2861822 0.442044 0.8589071 0.2586037 0.5397661 0.8071643 0.2390365 0.3844004 0.9068681 0.1727042 0.5445848 0.8364568 -0.06137859 0.6090186 0.7710309 0.1860322 0.498861 0.8189578 -0.2836298 0.7946588 0.6066843 -0.02125346 0.3129396 0.9465078 0.07868885 0.6011067 0.7032293 0.3796569 0.3525072 0.9039541 -0.2420865 0.2123478 0.6287485 0.7480533 0.2853504 0.7454591 0.6023836 0.5056655 0.7782877 0.3722509 0.4474318 0.6294208 -0.6353223 0.4511883 0.8132295 0.3675418 0.6649985 0.7408733 0.09425461 0.2911543 0.7432697 0.6023117 -0.4473928 -0.6294476 0.6353231 0.287272 0.8077672 0.5147688 0.447497 0.6294346 -0.6352626 0.7292169 0.6831544 0.03927963 0.6649408 0.7409291 0.09422254 0.7004431 0.7080671 0.08955734 0.7829119 0.6216409 -0.02473276 0.7427207 0.6627465 -0.09556663 0.6896132 0.6646025 -0.2876409 0.7362156 0.6537407 -0.1749568 0.5332375 0.8457714 -0.0181216 0.4712562 0.806373 0.3573238 0.6364487 0.6925371 0.3395962 0.7748698 0.5860922 0.2367968 0.649011 0.7397271 0.1777321 0.7598037 0.6215913 -0.1905854 0.8692455 0.4876251 -0.08144962 0.8018183 0.5280804 -0.279676 0.7058121 0.7021787 -0.09367167 0.7727533 0.6237499 -0.1174239 0.811199 0.5844576 0.01912486 0.7926869 0.6076877 -0.04861265 0.6992588 0.7132709 -0.04776871 0.4355323 0.4953244 -0.7516418 0.4924595 0.8237886 -0.2808133 0.4454987 0.6564 -0.6088268 0.2188308 0.3208853 -0.9214911</float_array>
          <technique_common>
            <accessor source="#ID522-mesh-normals-array" count="92" stride="3">
              <param name="X" type="float"/>
              <param name="Y" type="float"/>
              <param name="Z" type="float"/>
            </accessor>
          </technique_common>
        </source>
        <source id="ID522-mesh-map-0">
          <float_array id="ID522-mesh-map-0-array" count="480">0.6141549 4.662597 0.4329971 4.612641 0.3686374 4.51982 0.6141549 4.662597 0.3686374 4.51982 0.6599975 4.636197 0.6274886 4.708905 0.4329971 4.612641 0.6141549 4.662597 0.3686374 4.51982 0.6386637 4.562105 0.6599975 4.636197 0.581646 4.735304 0.4329971 4.612641 0.6274886 4.708905 0.6386637 4.562105 0.3686374 4.51982 0.4332672 4.449806 0.3824996 4.681087 0.4329971 4.612641 0.581646 4.735304 0.6386637 4.562105 0.4332672 4.449806 0.6931904 4.498436 0.3824996 4.681087 0.581646 4.735304 0.581646 4.765304 0.6931904 4.498436 0.4332672 4.449806 0.6788113 4.441987 0.581646 4.765304 0.4429979 4.732855 0.3824996 4.681087 0.4332672 4.449806 0.4332672 4.409806 0.6788113 4.441987 0.5604328 4.785304 0.4429979 4.732855 0.581646 4.765304 0.6788113 4.441987 0.4332672 4.409806 0.6326706 4.416648 0.5547795 4.816119 0.4429979 4.732855 0.5604328 4.785304 0.6326706 4.416648 0.4332672 4.409806 0.3718621 4.376001 0.5 4.859352 0.4429979 4.732855 0.5547795 4.816119 0.3718621 4.376001 0.6019691 4.349456 0.6326706 4.416648 0.3718621 4.376001 0.3979119 4.335854 0.6019691 4.349456 0.6019691 4.349456 0.3979119 4.335854 0.3474242 4.270335 0.3474242 4.270335 0.6377018 4.287437 0.6019691 4.349456 0.6377018 4.287437 0.3474242 4.270335 0.5768349 4.239496 0.3474242 4.270335 0.4095749 4.174551 0.5768349 4.239496 0.5768349 4.239496 0.4095749 4.174551 0.6426985 4.144366 0.4095749 4.174551 0.5971615 4.077817 0.6426985 4.144366 0.4095749 4.174551 0.4095749 4.074551 0.5971615 4.077817 0.5971615 4.077817 0.4095749 4.074551 0.3658505 4.008272 0.6422459 4.063302 0.5971615 4.077817 0.3658505 4.008272 0.6422459 4.063302 0.3658505 4.008272 0.5857949 3.987628 0.3517084 3.948272 0.5857949 3.987628 0.3658505 4.008272 0.3517084 3.948272 0.3764513 3.901624 0.5857949 3.987628 0.3764513 3.901624 0.6230039 3.902592 0.5857949 3.987628 0.6230039 3.902592 0.3764513 3.901624 0.5790441 3.852243 0.3764513 3.901624 0.3906332 3.867016 0.5790441 3.852243 0.3739308 3.834735 0.5790441 3.852243 0.3906332 3.867016 0.3739308 3.834735 0.5977468 3.809812 0.5790441 3.852243 0.5977468 3.809812 0.3739308 3.834735 0.4538222 3.752062 0.5977468 3.809812 0.4538222 3.752062 0.5894088 3.782226 0.5894088 3.782226 0.4538222 3.752062 0.5681956 3.752226 0.5681956 3.752226 0.4538222 3.752062 0.5 3.729323 0 0 0 0 0 0 0 0 0 0 0 0 0 0 0 0 0 0 0 0 0 0 0 0 0 0 0 0 0 0 0 0 0 0 0 0 0 0 0 0 0 0 0 0 0 0 0 0 0 0 0 0 0 0 0 0 0 0 0 0 0 0 0 0 0 0 0 0 0 0 0 0 0 0 0 0 0 0 0 0 0 0 0 0 0 0 0 0 0 0 0 0 0 0 0 0 0 0 0 0 0 0 0 0 0 0 0 0 0 0 0 0 0 0 0 0 0 0 0 0 0 0 0 0 0 0 0 0 0 0 0 0 0 0 0 0 0 0 0 0 0 0 0 0 0 0 0 0 0 0 0 0 0 0 0 0 0 0 0 0 0 0 0 0 0 0 0 0 0 0 0 0 0 0 0 0 0 0 0 0 0 0 0 0 0 0 0 0 0 0 0 0 0 0 0 0 0 0 0 0 0 0 0 0 0 0 0 0 0 0 0 0 0 0 0 0 0 0 0 0 0 0 0 0 0 0 0 0 0 0 0 0 0 0 0 0 0 0 0 0</float_array>
          <technique_common>
            <accessor source="#ID522-mesh-map-0-array" count="240" stride="2">
              <param name="S" type="float"/>
              <param name="T" type="float"/>
            </accessor>
          </technique_common>
        </source>
        <vertices id="ID522-mesh-vertices">
          <input semantic="POSITION" source="#ID522-mesh-positions"/>
        </vertices>
        <lines count="81">
          <input semantic="VERTEX" source="#ID522-mesh-vertices" offset="0"/>
          <p>7 6 8 7 6 8 11 6 7 11 14 7 14 8 6 17 11 17 20 14 8 20 17 23 23 6 26 20 8 26 23 29 17 29 32 20 26 32 23 35 29 35 38 32 26 38 35 41 41 23 44 32 44 38 41 47 35 47 50 44 50 38 47 53 53 41 50 56 38 56 53 59 47 59 59 62 62 53 59 65 65 62 68 65 59 68 65 71 68 71 74 65 71 74 74 77 71 77 74 80 77 80 83 74 80 83 80 86 86 83 86 89 80 89 86 92 89 92 95 86 92 95 92 98 98 95 101 98 92 101 98 104 101 104 107 98 107 104 104 110 110 107 113 110 104 113 116 110 116 113 116 119 113 119 116 122 119 122 125 116 122 125</p>
        </lines>
        <triangles material="ConcAggr-material" count="40">
          <input semantic="VERTEX" source="#ID522-mesh-vertices" offset="0"/>
          <input semantic="NORMAL" source="#ID522-mesh-normals" offset="1"/>
          <input semantic="TEXCOORD" source="#ID522-mesh-map-0" offset="2" set="0"/>
          <p>0 0 0 1 1 1 2 2 2 0 0 3 2 2 4 9 3 5 12 4 6 1 1 7 0 0 8 2 2 9 15 5 10 9 3 11 18 6 12 1 1 13 12 4 14 15 5 15 2 2 16 21 7 17 24 8 18 1 1 19 18 6 20 15 5 21 21 7 22 27 9 23 24 8 24 18 6 25 30 10 26 27 9 27 21 7 28 33 11 29 30 10 30 36 12 31 24 8 32 21 7 33 39 13 34 33 11 35 42 14 36 36 12 37 30 10 38 33 11 39 39 13 40 45 15 41 48 16 42 36 12 43 42 14 44 46 17 45 39 18 46 51 19 47 54 20 48 36 12 49 48 16 50 51 21 51 57 22 52 45 23 53 51 21 54 60 24 55 57 22 56 57 22 57 60 24 58 63 25 59 63 25 60 66 26 61 57 22 62 66 26 63 63 25 64 69 27 65 63 25 66 72 28 67 69 27 68 69 27 69 72 28 70 75 29 71 72 28 72 78 30 73 75 29 74 72 28 75 81 31 76 78 30 77 78 30 78 81 31 79 84 32 80 87 33 81 78 30 82 84 32 83 87 33 84 84 32 85 90 34 86 93 35 87 90 34 88 84 32 89 93 35 90 96 36 91 90 34 92 96 36 93 99 37 94 90 34 95 99 37 96 96 36 97 102 38 98 96 36 99 105 39 100 102 38 101 108 40 102 102 38 103 105 39 104 108 40 105 111 41 106 102 38 107 111 41 108 108 40 109 114 42 110 111 41 111 114 42 112 117 43 113 117 43 114 114 42 115 120 44 116 120 44 117 114 42 118 123 45 119</p>
        </triangles>
        <triangles material="material-material" count="40">
          <input semantic="VERTEX" source="#ID522-mesh-vertices" offset="0"/>
          <input semantic="NORMAL" source="#ID522-mesh-normals" offset="1"/>
          <input semantic="TEXCOORD" source="#ID522-mesh-map-0" offset="2" set="0"/>
          <p>3 46 120 4 47 121 5 48 122 10 49 123 3 46 124 5 48 125 5 48 126 4 47 127 13 50 128 10 49 129 16 51 130 3 46 131 13 50 132 4 47 133 19 52 134 22 53 135 3 46 136 16 51 137 19 52 138 4 47 139 25 54 140 28 55 141 22 53 142 16 51 143 31 56 144 19 52 145 25 54 146 34 57 147 22 53 148 28 55 149 25 54 150 37 58 151 31 56 152 34 57 153 40 59 154 22 53 155 31 56 156 37 58 157 43 60 158 46 61 159 40 59 160 34 57 161 43 60 162 37 58 163 49 62 164 52 63 165 40 64 166 45 65 167 49 62 168 37 58 169 55 66 170 46 67 171 58 68 172 52 69 173 58 68 174 61 70 175 52 69 176 64 71 177 61 70 178 58 68 179 58 68 180 67 72 181 64 71 182 70 73 183 64 71 184 67 72 185 70 73 186 73 74 187 64 71 188 76 75 189 73 74 190 70 73 191 76 75 192 79 76 193 73 74 194 79 76 195 82 77 196 73 74 197 85 78 198 82 77 199 79 76 200 85 78 201 79 76 202 88 79 203 91 80 204 85 78 205 88 79 206 85 78 207 91 80 208 94 81 209 91 80 210 97 82 211 94 81 212 91 80 213 100 83 214 97 82 215 103 84 216 97 82 217 100 83 218 103 84 219 106 85 220 97 82 221 106 85 222 103 84 223 109 86 224 103 84 225 112 87 226 109 86 227 115 88 228 109 86 229 112 87 230 118 89 231 115 88 232 112 87 233 121 90 234 115 88 235 118 89 236 124 91 237 115 88 238 121 90 239</p>
        </triangles>
      </mesh>
    </geometry>
    <geometry id="ID512-mesh" name="ID512">
      <mesh>
        <source id="ID512-mesh-positions">
          <float_array id="ID512-mesh-positions-array" count="360">31.49606 0 79.26618 31.16815 0.3279083 76.67941 31.49606 0.8280935 75.83636 31.49606 0.8280935 75.83636 31.16815 0.3279083 76.67941 31.49606 0 79.26618 31.49606 0.8280935 75.83636 31.16815 0.3279083 76.67941 31.49606 0 79.26618 30.76282 0.733242 74.9933 30.76282 0.733242 74.9933 30.76282 0.733242 74.9933 30.34204 0 76.89356 30.34204 0 76.89356 30.34204 0 76.89356 31.49606 1.851716 75.83636 31.49606 1.851716 75.83636 31.49606 1.851716 75.83636 29.33379 0 72.98599 29.33379 0 72.98599 29.33379 0 72.98599 29.5922 1.903862 73.2964 29.5922 1.903862 73.2964 29.5922 1.903862 73.2964 31.49606 3.89403 73.2964 31.49606 3.89403 73.2964 31.49606 3.89403 73.2964 27.48316 0 71.59047 27.48316 0 71.59047 27.48316 0 71.59047 31.49606 4.373888 70.01812 31.49606 4.373888 70.01812 31.49606 4.373888 70.01812 29.76409 1.731971 71.70423 29.76409 1.731971 71.70423 29.76409 1.731971 71.70423 28.97435 2.521711 69.88129 28.97435 2.521711 69.88129 28.97435 2.521711 69.88129 25.84693 0 71.59047 25.84693 0 71.59047 25.84693 0 71.59047 29.7789 1.717164 68.6668 29.7789 1.717164 68.6668 29.7789 1.717164 68.6668 25.84693 0 69.90436 25.84693 0 69.90436 25.84693 0 69.90436 31.49606 6.368282 68.19518 31.49606 6.368282 68.19518 31.49606 6.368282 68.19518 29.63179 1.864274 67.07806 29.63179 1.864274 67.07806 29.63179 1.864274 67.07806 23.42654 0 66.50338 23.42654 0 66.50338 23.42654 0 66.50338 31.49606 7.078339 66.98069 31.49606 7.078339 66.98069 31.49606 7.078339 66.98069 29.82788 1.668184 65.93843 29.82788 1.668184 65.93843 29.82788 1.668184 65.93843 29.33572 2.160341 63.25878 29.33572 2.160341 63.25878 29.33572 2.160341 63.25878 22.50287 0 63.49389 22.50287 0 63.49389 22.50287 0 63.49389 31.49606 4.708004 65.39195 31.49606 4.708004 65.39195 31.49606 4.708004 65.39195 31.49606 4.212802 64.25232 31.49606 4.212802 64.25232 31.49606 4.212802 64.25232 24.12929 0 59.20326 24.12929 0 59.20326 24.12929 0 59.20326 29.86774 1.628321 60.71436 29.86774 1.628321 60.71436 29.86774 1.628321 60.71436 31.49606 5.455685 61.57267 31.49606 5.455685 61.57267 31.49606 5.455685 61.57267 25.66473 0 59.20326 25.66473 0 59.20326 25.66473 0 59.20326 31.49606 4.112132 59.02825 31.49606 4.112132 59.02825 31.49606 4.112132 59.02825 26.63153 0 57.23843 26.63153 0 57.23843 26.63153 0 57.23843 29.33837 2.157693 59.47038 29.33837 2.157693 59.47038 29.33837 2.157693 59.47038 29.91973 1.576333 57.12017 29.91973 1.576333 57.12017 29.91973 1.576333 57.12017 28.76565 0 57.23843 28.76565 0 57.23843 28.76565 0 57.23843 31.49606 5.448998 57.78427 31.49606 5.448998 57.78427 31.49606 5.448998 57.78427 31.49606 3.980843 55.43406 31.49606 3.980843 55.43406 31.49606 3.980843 55.43406 30.52773 0.968333 56.27711 30.52773 0.968333 56.27711 30.52773 0.968333 56.27711 29.81879 0 55.39795 29.81879 0 55.39795 29.81879 0 55.39795 31.49606 2.44541 55.43406 31.49606 2.44541 55.43406 31.49606 2.44541 55.43406 31.49606 0 54.19183 31.49606 0 54.19183 31.49606 0 54.19183</float_array>
          <technique_common>
            <accessor source="#ID512-mesh-positions-array" count="120" stride="3">
              <param name="X" type="float"/>
              <param name="Y" type="float"/>
              <param name="Z" type="float"/>
            </accessor>
          </technique_common>
        </source>
        <source id="ID512-mesh-normals">
          <float_array id="ID512-mesh-normals-array" count="240">0.4430435 -0.880657 -0.1677969 0.4757916 -0.851459 -0.2205446 0.6820117 -0.5392898 -0.4939904 0.7565974 -0.4602212 -0.4644963 0.3754684 -0.9036443 -0.206035 0.7575368 -0.2499881 -0.603029 0.7238168 -0.09350913 -0.6836267 0.816333 -0.4496572 -0.3625038 0.6980465 -0.6677751 -0.2584719 0.3125525 -0.5946669 -0.7407309 0.8046425 -0.557441 -0.2044751 0.7110343 -0.6896437 -0.1371927 0.585931 -0.8019728 0.1162954 0.4422771 -0.8098025 -0.3855009 0.6561343 -0.7347552 0.1721124 0.4904099 -0.8701779 -0.04784071 0.9095646 -0.3424456 -0.2354221 0.6824737 -0.7293982 0.04698938 0.2711938 -0.9574947 -0.09827423 0.9047944 -0.4256497 0.01302611 0.7021374 -0.7118549 -0.0163055 0.5124279 -0.8540781 0.08926606 0.2808506 -0.9597315 -0.006204903 -9.72838e-4 -0.6414926 0.7671287 0.7105649 -0.6774798 0.1900492 0.2391797 -0.9352909 0.2608141 0.6148231 -0.7883939 -0.02067995 0.920812 -0.3899215 -0.008160829 0.1167976 -0.820619 0.5594131 0.8753303 -0.4807698 -0.05155104 0.2753391 -0.9075739 0.3170142 0.7149568 -0.6813463 -0.156857 0.7868577 -0.4228985 0.4494575 0.4042633 -0.6914736 0.5986949 0.9280433 -0.3687849 -0.0522834 0.8616027 -0.2915084 0.4155284 0.6963282 -0.4156072 0.5851477 0.4801586 -0.755779 0.445248 0.7208082 -0.07954847 0.6885548 0.6610501 -0.5147035 0.5459791 -0.6820114 0.5392904 0.4939902 -0.4757922 0.8514587 0.2205445 -0.4430442 0.8806565 0.1677973 -0.7565972 0.4602217 0.4644963 -0.3754689 0.9036443 0.2060346 -0.7575367 0.2499884 0.603029 -0.7238165 0.09350937 0.6836269 -0.8163328 0.4496572 0.362504 -0.6980466 0.667775 0.2584719 -0.3125525 0.594667 0.740731 -0.8046423 0.5574412 0.2044753 -0.7110338 0.6896442 0.137193 -0.5859307 0.8019731 -0.1162948 -0.4422773 0.8098025 0.3855009 -0.6561345 0.734755 -0.1721121 -0.4904101 0.8701777 0.04784083 -0.9095646 0.3424453 0.235422 -0.6824735 0.7293983 -0.04698944 -0.2711938 0.9574947 0.09827429 -0.9047945 0.4256494 -0.01302617 -0.7021372 0.711855 0.01630556 -0.5124275 0.8540782 -0.08926594 -0.2808506 0.9597315 0.006204903 9.68987e-4 0.6414933 -0.767128 -0.7105642 0.6774806 -0.1900489 -0.2391796 0.9352909 -0.2608141 -0.6148229 0.7883941 0.02068001 -0.9208122 0.3899211 0.008161067 -0.1167976 0.820619 -0.5594131 -0.8753302 0.4807696 0.05155158 -0.275339 0.9075739 -0.3170142 -0.7149564 0.6813467 0.1568569 -0.7868582 0.4228983 -0.4494569 -0.4042638 0.6914734 -0.5986949 -0.928043 0.3687853 0.05228376 -0.8616027 0.2915084 -0.4155282 -0.6963288 0.4156066 -0.5851474 -0.4801591 0.7557786 -0.4452484 -0.720808 0.07954829 -0.6885551 -0.66105 0.514703 -0.5459797</float_array>
          <technique_common>
            <accessor source="#ID512-mesh-normals-array" count="80" stride="3">
              <param name="X" type="float"/>
              <param name="Y" type="float"/>
              <param name="Z" type="float"/>
            </accessor>
          </technique_common>
        </source>
        <source id="ID512-mesh-map-0">
          <float_array id="ID512-mesh-map-0-array" count="612">0.5 2.013361 0.5 1.947657 0.514873 1.926243 0.5 1.947657 0.5 1.90483 0.514873 1.926243 0.5 2.013361 0.4792732 1.953097 0.5 1.947657 0.4792732 1.953097 0.5 1.90483 0.5 1.947657 0.5332578 1.926243 0.514873 1.926243 0.5 1.90483 0.4792732 1.953097 0.4611645 1.853844 0.5 1.90483 0.5 1.861729 0.5332578 1.926243 0.5 1.90483 0.5 1.861729 0.5 1.90483 0.4611645 1.853844 0.5699388 1.861729 0.5332578 1.926243 0.5 1.861729 0.5 1.861729 0.4611645 1.853844 0.4279262 1.818398 0.5785573 1.77846 0.5699388 1.861729 0.5 1.861729 0.5 1.861729 0.4279262 1.818398 0.5 1.821288 0.5785573 1.77846 0.5 1.861729 0.5 1.821288 0.5 1.821288 0.4279262 1.818398 0.5 1.774985 0.5 1.821288 0.5 1.774985 0.5785573 1.77846 0.5 1.774985 0.4279262 1.818398 0.3985388 1.818398 0.5785573 1.77846 0.5 1.774985 0.5 1.744137 0.3985388 1.818398 0.3985388 1.775571 0.5 1.774985 0.6143776 1.732157 0.5785573 1.77846 0.5 1.744137 0.5 1.744137 0.5 1.774985 0.3985388 1.775571 0.6143776 1.732157 0.5 1.744137 0.5 1.703783 0.3985388 1.775571 0.3550672 1.689186 0.5 1.744137 0.6271306 1.701309 0.6143776 1.732157 0.5 1.703783 0.5 1.744137 0.3550672 1.689186 0.5 1.703783 0.6271306 1.701309 0.5 1.703783 0.5 1.674836 0.5 1.703783 0.3550672 1.689186 0.5 1.674836 0.6271306 1.701309 0.5 1.674836 0.5 1.606773 0.3550672 1.689186 0.3384777 1.612745 0.5 1.674836 0.5845582 1.660956 0.6271306 1.701309 0.5 1.606773 0.5 1.674836 0.3384777 1.612745 0.5 1.606773 0.5845582 1.660956 0.5 1.606773 0.5756641 1.632009 0.3384777 1.612745 0.367689 1.503763 0.5 1.606773 0.5756641 1.632009 0.5 1.606773 0.5 1.542145 0.5 1.606773 0.367689 1.503763 0.5 1.542145 0.5979869 1.563946 0.5756641 1.632009 0.5 1.542145 0.5 1.542145 0.367689 1.503763 0.3952662 1.503763 0.5979869 1.563946 0.5 1.542145 0.573856 1.499318 0.5 1.542145 0.3952662 1.503763 0.4126305 1.453856 0.5 1.542145 0.5 1.510548 0.573856 1.499318 0.5 1.510548 0.5 1.542145 0.4126305 1.453856 0.573856 1.499318 0.5 1.510548 0.5 1.450852 0.5 1.510548 0.4126305 1.453856 0.4509603 1.453856 0.5978668 1.46772 0.573856 1.499318 0.5 1.450852 0.5 1.510548 0.4509603 1.453856 0.5 1.450852 0.5978668 1.46772 0.5 1.450852 0.571498 1.408025 0.5 1.429439 0.5 1.450852 0.4509603 1.453856 0.571498 1.408025 0.5 1.450852 0.5 1.429439 0.4509603 1.453856 0.4698753 1.407108 0.5 1.429439 0.571498 1.408025 0.5 1.429439 0.5439208 1.408025 0.5 1.429439 0.4698753 1.407108 0.5 1.376473 0.5439208 1.408025 0.5 1.429439 0.5 1.376473 0 0 0 0 0 0 0 0 0 0 0 0 0 0 0 0 0 0 0 0 0 0 0 0 0 0 0 0 0 0 0 0 0 0 0 0 0 0 0 0 0 0 0 0 0 0 0 0 0 0 0 0 0 0 0 0 0 0 0 0 0 0 0 0 0 0 0 0 0 0 0 0 0 0 0 0 0 0 0 0 0 0 0 0 0 0 0 0 0 0 0 0 0 0 0 0 0 0 0 0 0 0 0 0 0 0 0 0 0 0 0 0 0 0 0 0 0 0 0 0 0 0 0 0 0 0 0 0 0 0 0 0 0 0 0 0 0 0 0 0 0 0 0 0 0 0 0 0 0 0 0 0 0 0 0 0 0 0 0 0 0 0 0 0 0 0 0 0 0 0 0 0 0 0 0 0 0 0 0 0 0 0 0 0 0 0 0 0 0 0 0 0 0 0 0 0 0 0 0 0 0 0 0 0 0 0 0 0 0 0 0 0 0 0 0 0 0 0 0 0 0 0 0 0 0 0 0 0 0 0 0 0 0 0 0 0 0 0 0 0 0 0 0 0 0 0 0 0 0 0 0 0 0 0 0 0 0 0 0 0 0 0 0 0 0 0 0 0 0 0 0 0 0 0 0 0 0 0 0 0 0 0 0 0 0 0 0 0 0 0 0 0 0 0 0 0 0 0 0 0 0 0 0 0 0 0</float_array>
          <technique_common>
            <accessor source="#ID512-mesh-map-0-array" count="306" stride="2">
              <param name="S" type="float"/>
              <param name="T" type="float"/>
            </accessor>
          </technique_common>
        </source>
        <vertices id="ID512-mesh-vertices">
          <input semantic="POSITION" source="#ID512-mesh-positions"/>
        </vertices>
        <lines count="90">
          <input semantic="VERTEX" source="#ID512-mesh-vertices" offset="0"/>
          <p>7 6 8 6 8 7 7 11 6 11 7 14 14 8 11 14 17 11 6 17 20 11 20 14 11 23 17 23 20 23 26 23 17 26 23 29 29 20 32 23 26 32 29 35 23 35 32 35 38 29 35 38 32 38 29 41 41 38 32 44 38 44 38 47 41 47 50 44 32 50 44 47 50 53 44 53 56 47 56 44 53 59 50 59 56 53 59 62 53 62 56 62 59 65 62 65 68 56 62 68 65 71 59 71 68 65 65 74 71 74 65 77 77 68 65 80 74 80 80 77 83 80 74 83 86 77 86 80 89 80 83 89 80 92 92 86 80 95 95 89 92 95 89 98 95 98 101 92 95 101 104 98 89 104 101 98 98 107 104 107 110 101 98 110 107 110 113 101 113 110 110 116 107 116 119 113 110 119 116 119</p>
        </lines>
        <triangles material="ConcAggr-material" count="51">
          <input semantic="VERTEX" source="#ID512-mesh-vertices" offset="0"/>
          <input semantic="NORMAL" source="#ID512-mesh-normals" offset="1"/>
          <input semantic="TEXCOORD" source="#ID512-mesh-map-0" offset="2" set="0"/>
          <p>0 0 0 1 1 1 2 2 2 1 1 3 9 3 4 2 2 5 0 0 6 12 4 7 1 1 8 12 4 9 9 3 10 1 1 11 15 5 12 2 2 13 9 3 14 12 4 15 18 6 16 9 3 17 21 7 18 15 5 19 9 3 20 21 7 21 9 3 22 18 6 23 24 8 24 15 5 25 21 7 26 21 7 27 18 6 28 27 9 29 30 10 30 24 8 31 21 7 32 21 7 33 27 9 34 33 11 35 30 10 36 21 7 37 33 11 38 33 11 39 27 9 40 36 12 41 33 11 42 36 12 43 30 10 44 36 12 45 27 9 46 39 13 47 30 10 48 36 12 49 42 14 50 39 13 51 45 15 52 36 12 53 48 16 54 30 10 55 42 14 56 42 14 57 36 12 58 45 15 59 48 16 60 42 14 61 51 17 62 45 15 63 54 18 64 42 14 65 57 19 66 48 16 67 51 17 68 42 14 69 54 18 70 51 17 71 57 19 72 51 17 73 60 20 74 51 17 75 54 18 76 60 20 77 57 19 78 60 20 79 63 21 80 54 18 81 66 22 82 60 20 83 69 23 84 57 19 85 63 21 86 60 20 87 66 22 88 63 21 89 69 23 90 63 21 91 72 24 92 66 22 93 75 25 94 63 21 95 72 24 96 63 21 97 78 26 98 63 21 99 75 25 100 78 26 101 81 27 102 72 24 103 78 26 104 78 26 105 75 25 106 84 28 107 81 27 108 78 26 109 87 29 110 78 26 111 84 28 112 90 30 113 78 26 114 93 31 115 87 29 116 93 31 117 78 26 118 90 30 119 87 29 120 93 31 121 96 32 122 93 31 123 90 30 124 99 33 125 102 34 126 87 29 127 96 32 128 93 31 129 99 33 130 96 32 131 102 34 132 96 32 133 105 35 134 108 36 135 96 32 136 99 33 137 105 35 138 96 32 139 108 36 140 99 33 141 111 37 142 108 36 143 105 35 144 108 36 145 114 38 146 108 36 147 111 37 148 117 39 149 114 38 150 108 36 151 117 39 152</p>
        </triangles>
        <triangles material="material-material" count="51">
          <input semantic="VERTEX" source="#ID512-mesh-vertices" offset="0"/>
          <input semantic="NORMAL" source="#ID512-mesh-normals" offset="1"/>
          <input semantic="TEXCOORD" source="#ID512-mesh-map-0" offset="2" set="0"/>
          <p>3 40 153 4 41 154 5 42 155 3 40 156 10 43 157 4 41 158 4 41 159 13 44 160 5 42 161 4 41 162 10 43 163 13 44 164 10 43 165 3 40 166 16 45 167 10 43 168 19 46 169 13 44 170 10 43 171 16 45 172 22 47 173 19 46 174 10 43 175 22 47 176 22 47 177 16 45 178 25 48 179 28 49 180 19 46 181 22 47 182 22 47 183 25 48 184 31 50 185 34 51 186 28 49 187 22 47 188 34 51 189 22 47 190 31 50 191 37 52 192 28 49 193 34 51 194 31 50 195 37 52 196 34 51 197 40 53 198 28 49 199 37 52 200 43 54 201 37 52 202 31 50 203 37 52 204 46 55 205 40 53 206 43 54 207 31 50 208 49 56 209 46 55 210 37 52 211 43 54 212 52 57 213 43 54 214 49 56 215 43 54 216 55 58 217 46 55 218 52 57 219 49 56 220 58 59 221 52 57 222 55 58 223 43 54 224 61 60 225 52 57 226 58 59 227 61 60 228 55 58 229 52 57 230 64 61 231 61 60 232 58 59 233 61 60 234 67 62 235 55 58 236 64 61 237 58 59 238 70 63 239 64 61 240 67 62 241 61 60 242 73 64 243 64 61 244 70 63 245 64 61 246 76 65 247 67 62 248 79 66 249 64 61 250 73 64 251 79 66 252 76 65 253 64 61 254 79 66 255 73 64 256 82 67 257 85 68 258 76 65 259 79 66 260 88 69 261 79 66 262 82 67 263 91 70 264 85 68 265 79 66 266 88 69 267 94 71 268 79 66 269 91 70 270 79 66 271 94 71 272 97 72 273 94 71 274 88 69 275 100 73 276 91 70 277 94 71 278 97 72 279 88 69 280 103 74 281 97 72 282 100 73 283 94 71 284 106 75 285 97 72 286 103 74 287 100 73 288 97 72 289 109 76 290 109 76 291 97 72 292 106 75 293 109 76 294 112 77 295 100 73 296 115 78 297 109 76 298 106 75 299 118 79 300 112 77 301 109 76 302 118 79 303 109 76 304 115 78 305</p>
        </triangles>
      </mesh>
    </geometry>
    <geometry id="ID502-mesh" name="ID502">
      <mesh>
        <source id="ID502-mesh-positions">
          <float_array id="ID502-mesh-positions-array" count="306">5.595231 31.49606 76.6519 7.514113 31.49606 72.33473 0 24.4231 75.9028 0 24.4231 75.9028 7.514113 31.49606 72.33473 5.595231 31.49606 76.6519 0 24.4231 75.9028 5.595231 31.49606 76.6519 7.514113 31.49606 72.33473 0 24.28873 80.51655 0 24.28873 80.51655 0 24.28873 80.51655 7.514113 31.49606 69.97253 7.514113 31.49606 69.97253 7.514113 31.49606 69.97253 0 27.27444 82.74314 0 27.27444 82.74314 0 27.27444 82.74314 0 22.09754 69.58722 0 22.09754 69.58722 0 22.09754 69.58722 8.028944 31.49606 79.74658 8.028944 31.49606 79.74658 8.028944 31.49606 79.74658 10.37815 31.49606 67.27117 10.37815 31.49606 67.27117 10.37815 31.49606 67.27117 4.686142 31.49606 84.12902 4.686142 31.49606 84.12902 4.686142 31.49606 84.12902 0 24.35023 64.39837 0 24.35023 64.39837 0 24.35023 64.39837 0 29.11634 88.76705 0 29.11634 88.76705 0 29.11634 88.76705 7.972599 31.49606 62.312 7.972599 31.49606 62.312 7.972599 31.49606 62.312 5.877791 31.49606 89.51047 5.877791 31.49606 89.51047 5.877791 31.49606 89.51047 0 21.39868 60.70942 0 21.39868 60.70942 0 21.39868 60.70942 3.186206 31.49606 92.38369 3.186206 31.49606 92.38369 3.186206 31.49606 92.38369 10.49779 31.49606 58.31907 10.49779 31.49606 58.31907 10.49779 31.49606 58.31907 0 26.95671 92.96896 0 26.95671 92.96896 0 26.95671 92.96896 5.883542 31.49606 51.93872 5.883542 31.49606 51.93872 5.883542 31.49606 51.93872 4.041047 31.49606 93.70629 4.041047 31.49606 93.70629 4.041047 31.49606 93.70629 0 21.84191 55.52961 0 21.84191 55.52961 0 21.84191 55.52961 0 31.49606 96.15373 0 31.49606 96.15373 0 31.49606 96.15373 5.883542 31.49606 50.36392 5.883542 31.49606 50.36392 5.883542 31.49606 50.36392 6.87543 31.49606 49.14074 6.87543 31.49606 49.14074 6.87543 31.49606 49.14074 0 24.28712 50.30069 0 24.28712 50.30069 0 24.28712 50.30069 0 23.37717 45.28688 0 23.37717 45.28688 0 23.37717 45.28688 5.608854 31.49606 43.77643 5.608854 31.49606 43.77643 5.608854 31.49606 43.77643 0 26.19891 42.54137 0 26.19891 42.54137 0 26.19891 42.54137 0 26.19891 39.39177 0 26.19891 39.39177 0 26.19891 39.39177 8.107728 31.49606 40.73412 8.107728 31.49606 40.73412 8.107728 31.49606 40.73412 0 28.2651 38.24684 0 28.2651 38.24684 0 28.2651 38.24684 3.240029 31.49606 36.73592 3.240029 31.49606 36.73592 3.240029 31.49606 36.73592 3.240029 31.49606 35.94852 3.240029 31.49606 35.94852 3.240029 31.49606 35.94852 0 31.49606 31.93962 0 31.49606 31.93962 0 31.49606 31.93962</float_array>
          <technique_common>
            <accessor source="#ID502-mesh-positions-array" count="102" stride="3">
              <param name="X" type="float"/>
              <param name="Y" type="float"/>
              <param name="Z" type="float"/>
            </accessor>
          </technique_common>
        </source>
        <source id="ID502-mesh-normals">
          <float_array id="ID502-mesh-normals-array" count="204">-0.6630293 0.7431551 -0.09007006 -0.7083003 0.6974233 -0.1091392 -0.7688437 0.6280462 -0.1201553 -0.825167 0.5066857 -0.2497382 -0.6783688 0.6135342 -0.4042174 -0.6926448 0.6431421 -0.3265141 -0.7152074 0.6981916 -0.03173321 -0.4531736 0.890509 0.0403403 -0.6729623 0.7367482 -0.06575649 -0.5308043 0.8132093 -0.2386156 -0.6802304 0.7300081 -0.0661419 -0.5897903 0.8075377 -0.005503237 -0.6867066 0.7165449 -0.1224645 -0.3641059 0.927103 -0.08892166 -0.7563415 0.6414047 -0.1286376 -0.6410135 0.7494617 0.1655567 -0.6869657 0.7252038 0.04645162 -0.7530155 0.6512327 -0.09414815 -0.7758902 0.6086864 0.1658169 -0.7243766 0.6707383 -0.1593385 -0.8154305 0.5710341 0.09483236 -0.444194 0.5145654 -0.7334263 -0.8516589 0.2829946 -0.4411249 -0.8398331 0.5347039 -0.09366017 -0.707654 0.6952105 0.1261282 -0.7459264 0.6412501 0.1799783 -0.6790815 0.7334872 -0.02906733 -0.6881811 0.6568089 0.3082354 -0.6185411 0.7106444 0.3352484 -0.5267725 0.8495008 0.02930986 -0.4719719 0.6089637 0.6374995 -0.6057656 0.7418958 0.2874695 -0.5970373 0.766676 0.2361235 -0.4913309 0.775182 0.3970981 0.7688438 -0.6280462 0.1201553 0.7083004 -0.6974234 0.1091391 0.6630294 -0.7431551 0.09006971 0.8251673 -0.5066854 0.2497377 0.6783687 -0.6135341 0.4042176 0.6926452 -0.6431419 0.3265137 0.7152074 -0.6981915 0.03173321 0.4531737 -0.8905091 -0.0403406 0.6729623 -0.7367482 0.06575679 0.5308043 -0.8132093 0.2386156 0.6802304 -0.7300082 0.06614196 0.5897903 -0.8075377 0.005503177 0.6867066 -0.7165448 0.1224645 0.364106 -0.927103 0.0889216 0.7563414 -0.6414048 0.1286376 0.6410134 -0.7494617 -0.165557 0.6869657 -0.7252037 -0.04645168 0.7530154 -0.6512327 0.09414803 0.7758903 -0.6086865 -0.1658169 0.7243766 -0.6707383 0.1593381 0.8154304 -0.5710344 -0.09483236 0.444194 -0.5145654 0.7334263 0.8516591 -0.2829946 0.4411245 0.8398331 -0.5347039 0.09366011 0.707654 -0.6952105 -0.1261282 0.7459264 -0.64125 -0.1799782 0.6790816 -0.7334872 0.02906751 0.6881812 -0.6568087 -0.3082353 0.6185408 -0.7106446 -0.3352485 0.5267724 -0.8495009 -0.02930951 0.4719717 -0.6089638 -0.6374996 0.6057657 -0.7418959 -0.2874692 0.5970373 -0.766676 -0.2361235 0.4913309 -0.775182 -0.3970981</float_array>
          <technique_common>
            <accessor source="#ID502-mesh-normals-array" count="68" stride="3">
              <param name="X" type="float"/>
              <param name="Y" type="float"/>
              <param name="Z" type="float"/>
            </accessor>
          </technique_common>
        </source>
        <source id="ID502-mesh-map-0">
          <float_array id="ID502-mesh-map-0-array" count="384">0.3995068 1.946958 0.3650427 1.837302 0.6270341 1.927931 0.3995068 1.946958 0.6270341 1.927931 0.6294473 2.04512 0.6270341 1.927931 0.3650427 1.837302 0.3650427 1.777302 0.3995068 1.946958 0.6294473 2.04512 0.5758224 2.101676 0.3650427 1.777302 0.6688023 1.767515 0.6270341 1.927931 0.5758224 2.101676 0.3557961 2.025563 0.3995068 1.946958 0.3136031 1.708688 0.6688023 1.767515 0.3650427 1.777302 0.4158345 2.136877 0.3557961 2.025563 0.5758224 2.101676 0.6688023 1.767515 0.3136031 1.708688 0.6283428 1.635719 0.5427411 2.254683 0.4158345 2.136877 0.5758224 2.101676 0.3136031 1.708688 0.356808 1.582725 0.6283428 1.635719 0.3944319 2.273566 0.4158345 2.136877 0.5427411 2.254683 0.356808 1.582725 0.6813543 1.542019 0.6283428 1.635719 0.4427741 2.346546 0.3944319 2.273566 0.5427411 2.254683 0.356808 1.582725 0.3114544 1.481304 0.6813543 1.542019 0.4427741 2.346546 0.5427411 2.254683 0.5815292 2.361412 0.6813543 1.542019 0.3114544 1.481304 0.3943286 1.319244 0.4274207 2.38014 0.4427741 2.346546 0.5815292 2.361412 0.3943286 1.319244 0.6733935 1.410452 0.6813543 1.542019 0.4274207 2.38014 0.5815292 2.361412 0.5 2.442305 0.3943286 1.279244 0.6733935 1.410452 0.3943286 1.319244 0.3943286 1.279244 0.3765138 1.248175 0.6733935 1.410452 0.6733935 1.410452 0.3765138 1.248175 0.6294764 1.277637 0.3765138 1.248175 0.6458195 1.150287 0.6294764 1.277637 0.3765138 1.248175 0.3992621 1.111921 0.6458195 1.150287 0.3992621 1.111921 0.5951396 1.080551 0.6458195 1.150287 0.3992621 1.111921 0.5951396 1.000551 0.5951396 1.080551 0.3992621 1.111921 0.3543811 1.034647 0.5951396 1.000551 0.3543811 1.034647 0.5580298 0.9714697 0.5951396 1.000551 0.3543811 1.034647 0.4418074 0.9330924 0.5580298 0.9714697 0.5580298 0.9714697 0.4418074 0.9330924 0.4418074 0.9130924 0.5580298 0.9714697 0.4418074 0.9130924 0.5 0.8112664 0 0 0 0 0 0 0 0 0 0 0 0 0 0 0 0 0 0 0 0 0 0 0 0 0 0 0 0 0 0 0 0 0 0 0 0 0 0 0 0 0 0 0 0 0 0 0 0 0 0 0 0 0 0 0 0 0 0 0 0 0 0 0 0 0 0 0 0 0 0 0 0 0 0 0 0 0 0 0 0 0 0 0 0 0 0 0 0 0 0 0 0 0 0 0 0 0 0 0 0 0 0 0 0 0 0 0 0 0 0 0 0 0 0 0 0 0 0 0 0 0 0 0 0 0 0 0 0 0 0 0 0 0 0 0 0 0 0 0 0 0 0 0 0 0 0 0 0 0 0 0 0 0 0 0 0 0 0 0 0 0 0 0 0 0 0 0 0 0 0 0 0 0 0 0 0 0 0 0 0 0 0 0 0 0 0 0 0 0 0 0 0</float_array>
          <technique_common>
            <accessor source="#ID502-mesh-map-0-array" count="192" stride="2">
              <param name="S" type="float"/>
              <param name="T" type="float"/>
            </accessor>
          </technique_common>
        </source>
        <vertices id="ID502-mesh-vertices">
          <input semantic="POSITION" source="#ID502-mesh-positions"/>
        </vertices>
        <lines count="65">
          <input semantic="VERTEX" source="#ID502-mesh-vertices" offset="0"/>
          <p>7 6 8 7 6 8 11 6 11 7 14 8 14 6 17 11 7 17 20 14 6 20 23 17 7 23 26 14 26 20 17 29 23 29 32 26 20 32 35 17 29 35 38 26 32 38 41 35 29 41 38 44 32 44 35 47 41 47 50 38 50 44 47 53 53 35 56 50 44 56 53 59 47 59 56 62 44 62 65 53 59 65 68 56 68 62 71 68 71 62 74 71 62 74 71 77 74 77 80 77 80 71 80 83 77 83 86 80 83 86 89 80 89 86 92 89 86 92 95 89 95 92 98 95 98 92 101 98 92 101</p>
        </lines>
        <triangles material="ConcAggr-material" count="32">
          <input semantic="VERTEX" source="#ID502-mesh-vertices" offset="0"/>
          <input semantic="NORMAL" source="#ID502-mesh-normals" offset="1"/>
          <input semantic="TEXCOORD" source="#ID502-mesh-map-0" offset="2" set="0"/>
          <p>0 0 0 1 1 1 2 2 2 0 0 3 2 2 4 9 3 5 2 2 6 1 1 7 12 4 8 0 0 9 9 3 10 15 5 11 12 4 12 18 6 13 2 2 14 15 5 15 21 7 16 0 0 17 24 8 18 18 6 19 12 4 20 27 9 21 21 7 22 15 5 23 18 6 24 24 8 25 30 10 26 33 11 27 27 9 28 15 5 29 24 8 30 36 12 31 30 10 32 39 13 33 27 9 34 33 11 35 36 12 36 42 14 37 30 10 38 45 15 39 39 13 40 33 11 41 36 12 42 48 16 43 42 14 44 45 15 45 33 11 46 51 17 47 42 14 48 48 16 49 54 18 50 57 19 51 45 15 52 51 17 53 54 18 54 60 20 55 42 14 56 57 19 57 51 17 58 63 21 59 66 22 60 60 20 61 54 18 62 66 22 63 69 23 64 60 20 65 60 20 66 69 23 67 72 24 68 69 23 69 75 25 70 72 24 71 69 23 72 78 26 73 75 25 74 78 26 75 81 27 76 75 25 77 78 26 78 84 28 79 81 27 80 78 26 81 87 29 82 84 28 83 87 29 84 90 30 85 84 28 86 87 29 87 93 31 88 90 30 89 90 30 90 93 31 91 96 32 92 90 30 93 96 32 94 99 33 95</p>
        </triangles>
        <triangles material="material-material" count="32">
          <input semantic="VERTEX" source="#ID502-mesh-vertices" offset="0"/>
          <input semantic="NORMAL" source="#ID502-mesh-normals" offset="1"/>
          <input semantic="TEXCOORD" source="#ID502-mesh-map-0" offset="2" set="0"/>
          <p>3 34 96 4 35 97 5 36 98 10 37 99 3 34 100 5 36 101 13 38 102 4 35 103 3 34 104 16 39 105 10 37 106 5 36 107 3 34 108 19 40 109 13 38 110 5 36 111 22 41 112 16 39 113 13 38 114 19 40 115 25 42 116 16 39 117 22 41 118 28 43 119 31 44 120 25 42 121 19 40 122 16 39 123 28 43 124 34 45 125 31 44 126 37 46 127 25 42 128 34 45 129 28 43 130 40 47 131 31 44 132 43 48 133 37 46 134 34 45 135 40 47 136 46 49 137 43 48 138 49 50 139 37 46 140 52 51 141 34 45 142 46 49 143 55 52 144 49 50 145 43 48 146 52 51 147 46 49 148 58 53 149 43 48 150 61 54 151 55 52 152 64 55 153 52 51 154 58 53 155 55 52 156 61 54 157 67 56 158 61 54 159 70 57 160 67 56 161 73 58 162 70 57 163 61 54 164 73 58 165 76 59 166 70 57 167 76 59 168 79 60 169 70 57 170 76 59 171 82 61 172 79 60 173 82 61 174 85 62 175 79 60 176 85 62 177 88 63 178 79 60 179 85 62 180 91 64 181 88 63 182 91 64 183 94 65 184 88 63 185 97 66 186 94 65 187 91 64 188 100 67 189 97 66 190 91 64 191</p>
        </triangles>
      </mesh>
    </geometry>
    <geometry id="ID492-mesh" name="ID492">
      <mesh>
        <source id="ID492-mesh-positions">
          <float_array id="ID492-mesh-positions-array" count="1920">0 31.49606 31.93962 31.49606 31.49606 0 0 31.49606 0 8.107728 31.49606 40.73412 31.49606 31.49606 103.859 3.240029 31.49606 35.94852 3.240029 31.49606 36.73592 5.608854 31.49606 43.77643 6.87543 31.49606 49.14074 10.49779 31.49606 58.31907 5.883542 31.49606 50.36392 5.883542 31.49606 51.93872 7.972599 31.49606 62.312 10.37815 31.49606 67.27117 7.514113 31.49606 69.97253 7.514113 31.49606 72.33473 5.595231 31.49606 76.6519 8.028944 31.49606 79.74658 4.686142 31.49606 84.12902 5.877791 31.49606 89.51047 3.186206 31.49606 92.38369 4.041047 31.49606 93.70629 0 31.49606 96.15373 24.04602 31.49606 107.9284 21.22344 31.49606 111.1167 0 31.49606 196.8504 28.55012 31.49606 106.0614 22.3375 31.49606 116.128 21.87658 31.49606 126.9263 25.38141 31.49606 118.6249 25.38141 31.49606 120.5934 27.10297 31.49606 122.7454 21.63283 31.49606 132.7081 24.53464 31.49606 129.7569 23.48089 31.49606 136.6247 21.26351 31.49606 147.3864 26.26906 31.49606 139.187 24.23879 31.49606 142.5165 25.55626 31.49606 150.7056 31.49606 31.49606 158.054 31.49606 31.49606 196.8504 27.10297 31.49606 107.9284 24.04602 31.49606 107.9284 28.55012 31.49606 106.0614 27.10297 31.49606 107.9284 31.49606 31.49606 196.8504 0 31.49606 196.8504 31.49606 31.49606 158.054 25.55626 31.49606 150.7056 21.26351 31.49606 147.3864 24.23879 31.49606 142.5165 26.26906 31.49606 139.187 23.48089 31.49606 136.6247 21.63283 31.49606 132.7081 24.53464 31.49606 129.7569 21.87658 31.49606 126.9263 27.10297 31.49606 122.7454 25.38141 31.49606 120.5934 25.38141 31.49606 118.6249 22.3375 31.49606 116.128 21.22344 31.49606 111.1167 31.49606 31.49606 103.859 0 31.49606 96.15373 4.041047 31.49606 93.70629 3.186206 31.49606 92.38369 5.877791 31.49606 89.51047 4.686142 31.49606 84.12902 8.028944 31.49606 79.74658 5.595231 31.49606 76.6519 7.514113 31.49606 72.33473 7.514113 31.49606 69.97253 10.37815 31.49606 67.27117 7.972599 31.49606 62.312 10.49779 31.49606 58.31907 5.883542 31.49606 51.93872 5.883542 31.49606 50.36392 6.87543 31.49606 49.14074 5.608854 31.49606 43.77643 8.107728 31.49606 40.73412 3.240029 31.49606 36.73592 3.240029 31.49606 35.94852 0 31.49606 31.93962 31.49606 31.49606 0 0 31.49606 0 0 31.49606 0 0 31.49606 31.93962 3.240029 31.49606 35.94852 3.240029 31.49606 36.73592 8.107728 31.49606 40.73412 5.608854 31.49606 43.77643 6.87543 31.49606 49.14074 5.883542 31.49606 50.36392 5.883542 31.49606 51.93872 10.49779 31.49606 58.31907 7.972599 31.49606 62.312 10.37815 31.49606 67.27117 7.514113 31.49606 69.97253 7.514113 31.49606 72.33473 5.595231 31.49606 76.6519 8.028944 31.49606 79.74658 4.686142 31.49606 84.12902 5.877791 31.49606 89.51047 3.186206 31.49606 92.38369 4.041047 31.49606 93.70629 0 31.49606 96.15373 0 31.49606 196.8504 31.49606 31.49606 196.8504 31.49606 31.49606 158.054 25.55626 31.49606 150.7056 21.26351 31.49606 147.3864 24.23879 31.49606 142.5165 26.26906 31.49606 139.187 23.48089 31.49606 136.6247 21.63283 31.49606 132.7081 24.53464 31.49606 129.7569 21.87658 31.49606 126.9263 27.10297 31.49606 122.7454 25.38141 31.49606 120.5934 25.38141 31.49606 118.6249 22.3375 31.49606 116.128 21.22344 31.49606 111.1167 24.04602 31.49606 107.9284 27.10297 31.49606 107.9284 28.55012 31.49606 106.0614 31.49606 31.49606 103.859 31.49606 31.49606 0 0 3.93663 16.42123 0 2.631494 14.14466 0 2.631494 15.71946 0 4.671988 23.07471 0 3.93663 19.55027 0 2.631494 21.97754 0 5.264232 26.78394 0 3.5533 25.15522 0 2.571073 147.719 0 0 30.52698 0 0 146.8237 0 2.631494 27.59862 0 7.019241 150.9738 0 6.878906 153.6072 0 6.089292 152.2447 0 8.256536 155.4438 0 7.313968 177.9457 0 3.715527 173.6144 0 3.715527 175.1892 0 7.134425 172.2835 0 8.495072 168.1234 0 5.034662 160.4154 0 5.034662 164.3524 0 7.469134 157.806 0 24.28712 50.30069 0 23.37717 45.28688 0 21.84191 55.52961 0 0 0 0 0 12.64284 0 31.49606 0 0 21.39868 60.70942 0 26.19891 39.39177 0 26.19891 42.54137 0 28.2651 38.24684 0 31.49606 31.93962 0 5.68403 170.7029 0 3.730567 181.6 0 6.542153 184.2948 0 2.631494 18.8485 0 31.49606 196.8504 0 0 191.3131 0 0 196.8504 0 3.173747 186.3329 0 22.09754 69.58722 0 24.28873 80.51655 0 26.95671 92.96896 0 31.49606 96.15373 0 27.27444 82.74314 0 29.11634 88.76705 0 24.4231 75.9028 0 24.35023 64.39837 0 22.09754 69.58722 0 21.39868 60.70942 0 24.35023 64.39837 0 24.28873 80.51655 0 24.4231 75.9028 0 29.11634 88.76705 0 26.95671 92.96896 0 27.27444 82.74314 0 31.49606 96.15373 0 31.49606 196.8504 0 8.495072 168.1234 0 7.313968 177.9457 0 6.542153 184.2948 0 3.173747 186.3329 0 0 191.3131 0 0 196.8504 0 3.93663 19.55027 0 2.631494 18.8485 0 3.93663 16.42123 0 3.730567 181.6 0 7.134425 172.2835 0 5.68403 170.7029 0 31.49606 31.93962 0 28.2651 38.24684 0 31.49606 0 0 26.19891 39.39177 0 26.19891 42.54137 0 23.37717 45.28688 0 21.84191 55.52961 0 8.256536 155.4438 0 7.019241 150.9738 0 5.264232 26.78394 0 4.671988 23.07471 0 2.631494 14.14466 0 0 0 0 0 12.64284 0 24.28712 50.30069 0 7.469134 157.806 0 5.034662 160.4154 0 5.034662 164.3524 0 3.715527 173.6144 0 3.715527 175.1892 0 6.878906 153.6072 0 6.089292 152.2447 0 2.631494 27.59862 0 2.571073 147.719 0 0 30.52698 0 0 146.8237 0 3.5533 25.15522 0 2.631494 21.97754 0 2.631494 15.71946 0 26.95671 92.96896 0 29.11634 88.76705 0 27.27444 82.74314 0 24.28873 80.51655 0 24.4231 75.9028 0 22.09754 69.58722 0 24.35023 64.39837 0 21.39868 60.70942 0 21.84191 55.52961 0 24.28712 50.30069 0 23.37717 45.28688 0 26.19891 42.54137 0 26.19891 39.39177 0 28.2651 38.24684 0 0 0 0 0 12.64284 0 2.631494 14.14466 0 2.631494 15.71946 0 3.93663 16.42123 0 2.631494 18.8485 0 3.93663 19.55027 0 2.631494 21.97754 0 4.671988 23.07471 0 3.5533 25.15522 0 5.264232 26.78394 0 2.631494 27.59862 0 0 30.52698 0 0 146.8237 0 2.571073 147.719 0 7.019241 150.9738 0 6.089292 152.2447 0 6.878906 153.6072 0 8.256536 155.4438 0 7.469134 157.806 0 5.034662 160.4154 0 5.034662 164.3524 0 8.495072 168.1234 0 5.68403 170.7029 0 7.134425 172.2835 0 3.715527 173.6144 0 3.715527 175.1892 0 7.313968 177.9457 0 3.730567 181.6 0 6.542153 184.2948 0 3.173747 186.3329 0 0 191.3131 0 0 196.8504 31.49606 4.053864 112.684 31.49606 1.620015 115.0768 31.49606 1.620015 114.6831 31.49606 0.8280935 75.83636 31.49606 0 84.9742 31.49606 0 79.26618 31.49606 2.020524 86.19793 31.49606 1.851716 75.83636 31.49606 3.89403 73.2964 31.49606 2.938896 88.29583 31.49606 4.014472 93.17778 31.49606 2.343071 90.98656 31.49606 4.373888 70.01812 31.49606 5.248893 103.8915 31.49606 2.941771 107.8691 31.49606 2.941771 107.0817 31.49606 3.437715 108.4807 31.49606 3.757057 96.8837 31.49606 2.797615 94.72512 31.49606 3.757057 98.06481 31.49606 5.189076 99.41548 31.49606 6.368282 68.19518 31.49606 0 196.8504 31.49606 0 117.0813 31.49606 31.49606 196.8504 31.49606 7.078339 66.98069 31.49606 23.49694 150.6596 31.49606 22.01472 124.4928 31.49606 25.46544 150.6596 31.49606 28.19442 152.2321 31.49606 31.49606 158.054 31.49606 5.455685 61.57267 31.49606 4.708004 65.39195 31.49606 4.212802 64.25232 31.49606 4.112132 59.02825 31.49606 5.448998 57.78427 31.49606 3.986299 101.8951 31.49606 2.804427 111.1629 31.49606 1.593103 86.85922 31.49606 31.49606 0 31.49606 0 54.19183 31.49606 0 0 31.49606 2.44541 55.43406 31.49606 3.980843 55.43406 31.49606 22.78651 112.9969 31.49606 26.77471 111.3089 31.49606 28.5186 105.6718 31.49606 31.49606 103.859 31.49606 24.38696 132.2573 31.49606 26.86048 128.5176 31.49606 26.86048 131.2735 31.49606 24.77549 146.1115 31.49606 24.85744 139.8491 31.49606 26.86048 138.4764 31.49606 26.86048 142.7719 31.49606 24.38696 121.6367 31.49606 26.56827 117.0067 31.49606 26.56827 117.0067 31.49606 22.78651 112.9969 31.49606 24.38696 121.6367 31.49606 22.01472 124.4928 31.49606 24.85744 139.8491 31.49606 24.77549 146.1115 31.49606 26.86048 142.7719 31.49606 26.86048 138.4764 31.49606 24.38696 132.2573 31.49606 23.49694 150.6596 31.49606 26.86048 131.2735 31.49606 26.86048 128.5176 31.49606 31.49606 103.859 31.49606 31.49606 0 31.49606 28.5186 105.6718 31.49606 26.77471 111.3089 31.49606 7.078339 66.98069 31.49606 5.455685 61.57267 31.49606 5.448998 57.78427 31.49606 3.980843 55.43406 31.49606 2.44541 55.43406 31.49606 0 54.19183 31.49606 0 0 31.49606 2.020524 86.19793 31.49606 1.593103 86.85922 31.49606 2.938896 88.29583 31.49606 3.437715 108.4807 31.49606 2.804427 111.1629 31.49606 4.053864 112.684 31.49606 5.189076 99.41548 31.49606 3.986299 101.8951 31.49606 5.248893 103.8915 31.49606 4.112132 59.02825 31.49606 4.708004 65.39195 31.49606 4.212802 64.25232 31.49606 31.49606 158.054 31.49606 28.19442 152.2321 31.49606 31.49606 196.8504 31.49606 25.46544 150.6596 31.49606 6.368282 68.19518 31.49606 1.620015 115.0768 31.49606 0 196.8504 31.49606 0 117.0813 31.49606 4.373888 70.01812 31.49606 4.014472 93.17778 31.49606 3.757057 98.06481 31.49606 3.757057 96.8837 31.49606 2.797615 94.72512 31.49606 2.941771 107.8691 31.49606 2.941771 107.0817 31.49606 3.89403 73.2964 31.49606 2.343071 90.98656 31.49606 1.851716 75.83636 31.49606 0.8280935 75.83636 31.49606 0 84.9742 31.49606 0 79.26618 31.49606 1.620015 114.6831 31.49606 22.78651 112.9969 31.49606 26.77471 111.3089 31.49606 26.56827 117.0067 31.49606 24.38696 121.6367 31.49606 22.01472 124.4928 31.49606 26.86048 128.5176 31.49606 26.86048 131.2735 31.49606 24.38696 132.2573 31.49606 26.86048 138.4764 31.49606 24.85744 139.8491 31.49606 26.86048 142.7719 31.49606 24.77549 146.1115 31.49606 23.49694 150.6596 31.49606 25.46544 150.6596 31.49606 28.19442 152.2321 31.49606 0 196.8504 31.49606 0 117.0813 31.49606 1.620015 115.0768 31.49606 1.620015 114.6831 31.49606 4.053864 112.684 31.49606 2.804427 111.1629 31.49606 3.437715 108.4807 31.49606 2.941771 107.8691 31.49606 2.941771 107.0817 31.49606 5.248893 103.8915 31.49606 3.986299 101.8951 31.49606 5.189076 99.41548 31.49606 3.757057 98.06481 31.49606 3.757057 96.8837 31.49606 2.797615 94.72512 31.49606 4.014472 93.17778 31.49606 2.343071 90.98656 31.49606 2.938896 88.29583 31.49606 1.593103 86.85922 31.49606 2.020524 86.19793 31.49606 0 84.9742 31.49606 0 79.26618 31.49606 0.8280935 75.83636 31.49606 1.851716 75.83636 31.49606 3.89403 73.2964 31.49606 4.373888 70.01812 31.49606 6.368282 68.19518 31.49606 7.078339 66.98069 31.49606 4.708004 65.39195 31.49606 4.212802 64.25232 31.49606 5.455685 61.57267 31.49606 4.112132 59.02825 31.49606 5.448998 57.78427 31.49606 3.980843 55.43406 31.49606 2.44541 55.43406 31.49606 0 54.19183 31.49606 0 0 31.49606 28.5186 105.6718 29.33379 0 72.98599 25.84693 0 71.59047 27.48316 0 71.59047 31.49606 0 54.19183 0 0 0 31.49606 0 0 3.208991 0 15.38896 0 0 12.64284 1.411426 0 14.58661 4.182041 0 17.54144 2.717766 0 19.39506 3.982279 0 21.39031 3.982279 0 24.38418 2.499122 0 23.08986 4.893045 0 26.12932 2.798878 0 27.22224 0 0 30.52698 26.63153 0 57.23843 24.12929 0 59.20326 22.50287 0 63.49389 0 0 146.8237 29.81879 0 55.39795 28.76565 0 57.23843 25.66473 0 59.20326 23.42654 0 66.50338 25.84693 0 69.90436 30.34204 0 76.89356 24.28201 0 92.7928 27.59222 0 86.56659 31.49606 0 79.26618 31.49606 0 84.9742 29.4495 0 88.66755 27.86547 0 91.6795 22.39758 0 98.25746 25.41331 0 96.67447 21.45798 0 102.6964 23.99631 0 100.8519 23.19349 0 105.2863 21.91054 0 107.9007 24.51381 0 110.4076 26.94051 0 111.7804 26.94051 0 113.3552 28.71743 0 113.9277 31.49606 0 117.0813 3.796972 0 147.7254 4.978075 0 148.9065 31.49606 0 196.8504 5.442318 0 149.9926 6.848576 0 153.6454 4.400994 0 151.6631 7.919923 0 159.9725 4.776865 0 156.9932 7.945125 0 163.164 5.409729 0 160.544 7.666919 0 168.7967 4.277988 0 166.9093 9.955801 0 174.8814 5.677405 0 171.2384 7.386793 0 173.8838 10.7564 0 177.1038 7.720475 0 179.6104 8.908293 0 182.5275 6.355885 0 183.5668 7.098271 0 185.3899 4.545863 0 186.4293 4.545863 0 187.6104 3.36476 0 188.3978 3.049997 0 189.611 0 0 191.3131 0 0 196.8504 0 0 196.8504 31.49606 0 196.8504 0 0 191.3131 3.049997 0 189.611 3.36476 0 188.3978 4.545863 0 187.6104 4.545863 0 186.4293 7.098271 0 185.3899 6.355885 0 183.5668 8.908293 0 182.5275 7.720475 0 179.6104 10.7564 0 177.1038 9.955801 0 174.8814 7.386793 0 173.8838 5.677405 0 171.2384 7.666919 0 168.7967 4.277988 0 166.9093 7.945125 0 163.164 5.409729 0 160.544 7.919923 0 159.9725 4.776865 0 156.9932 6.848576 0 153.6454 4.400994 0 151.6631 5.442318 0 149.9926 4.978075 0 148.9065 31.49606 0 117.0813 3.796972 0 147.7254 0 0 146.8237 28.71743 0 113.9277 26.94051 0 113.3552 26.94051 0 111.7804 24.51381 0 110.4076 21.91054 0 107.9007 23.19349 0 105.2863 21.45798 0 102.6964 23.99631 0 100.8519 22.39758 0 98.25746 25.41331 0 96.67447 24.28201 0 92.7928 27.86547 0 91.6795 29.4495 0 88.66755 27.59222 0 86.56659 31.49606 0 84.9742 31.49606 0 79.26618 30.34204 0 76.89356 29.33379 0 72.98599 25.84693 0 71.59047 25.84693 0 69.90436 23.42654 0 66.50338 22.50287 0 63.49389 25.66473 0 59.20326 26.63153 0 57.23843 24.12929 0 59.20326 28.76565 0 57.23843 29.81879 0 55.39795 31.49606 0 54.19183 0 0 30.52698 2.798878 0 27.22224 4.893045 0 26.12932 3.982279 0 24.38418 2.499122 0 23.08986 3.982279 0 21.39031 2.717766 0 19.39506 4.182041 0 17.54144 3.208991 0 15.38896 1.411426 0 14.58661 0 0 12.64284 0 0 0 31.49606 0 0 27.48316 0 71.59047 9.955801 0 174.8814 10.7564 0 177.1038 7.386793 0 173.8838 5.677405 0 171.2384 7.666919 0 168.7967 4.277988 0 166.9093 7.945125 0 163.164 5.409729 0 160.544 7.919923 0 159.9725 4.776865 0 156.9932 6.848576 0 153.6454 4.400994 0 151.6631 5.442318 0 149.9926 4.978075 0 148.9065 3.796972 0 147.7254 2.798878 0 27.22224 4.893045 0 26.12932 3.982279 0 24.38418 2.499122 0 23.08986 3.982279 0 21.39031 2.717766 0 19.39506 4.182041 0 17.54144 3.208991 0 15.38896 1.411426 0 14.58661 29.81879 0 55.39795 28.76565 0 57.23843 26.63153 0 57.23843 25.66473 0 59.20326 24.12929 0 59.20326 22.50287 0 63.49389 23.42654 0 66.50338 25.84693 0 69.90436 25.84693 0 71.59047 27.48316 0 71.59047 29.33379 0 72.98599 30.34204 0 76.89356 27.59222 0 86.56659 29.4495 0 88.66755 27.86547 0 91.6795 24.28201 0 92.7928 25.41331 0 96.67447 22.39758 0 98.25746 23.99631 0 100.8519 21.45798 0 102.6964 23.19349 0 105.2863 21.91054 0 107.9007 24.51381 0 110.4076 26.94051 0 111.7804 26.94051 0 113.3552 28.71743 0 113.9277 3.049997 0 189.611 3.36476 0 188.3978 4.545863 0 187.6104 4.545863 0 186.4293 7.098271 0 185.3899 6.355885 0 183.5668 8.908293 0 182.5275 7.720475 0 179.6104</float_array>
          <technique_common>
            <accessor source="#ID492-mesh-positions-array" count="640" stride="3">
              <param name="X" type="float"/>
              <param name="Y" type="float"/>
              <param name="Z" type="float"/>
            </accessor>
          </technique_common>
        </source>
        <source id="ID492-mesh-normals">
          <float_array id="ID492-mesh-normals-array" count="468">0 1 0 0 1 0 0 1 3.80647e-6 0 1 3.33313e-7 0 1 1.2155e-7 0 1 2.19811e-6 0 1 -8.4554e-7 0 1 -2.30215e-7 0 1 9.12971e-7 0 1 -6.59999e-7 0 1 2.79081e-7 0 1 5.47288e-6 0 1 -3.15878e-7 0 1 4.0789e-7 0 1 -3.58925e-6 0 1 4.22986e-7 0 1 1.11073e-6 0 1 0 0 1 1.11539e-6 0 1 -6.00545e-7 0 1 -3.91019e-5 0 1 -3.97731e-5 0 1 -3.94377e-5 0 1 4.31475e-7 -1 0 0 -1 0 0 -1 0 0 -1 0 0 -1 0 0 -1 0 0 -1 0 0 -1 0 0 -1 0 0 -1 0 0 -1 0 0 -1 0 0 -1 0 0 -1 0 0 -1 0 0 -1 0 0 -1 0 0 -1 0 0 -1 0 0 -1 0 0 -1 0 0 -1 0 0 -1 0 0 -1 0 0 -1 0 0 -1 0 0 -1 0 0 -1 0 0 -1 0 0 -1 0 0 -1 0 0 -1 0 0 -1 0 0 -1 0 0 -1 0 0 -1 0 0 -1 0 0 1 1.99045e-6 0 1 -6.45634e-6 0 1 0 0 1 7.06741e-7 0 1 2.62952e-6 0 1 -3.0717e-6 0 1 -6.29966e-6 0 1 3.71144e-6 0 1 -5.07645e-7 0 1 -3.77847e-6 0 1 0 0 1 4.50742e-6 0 1 -5.23589e-7 0 1 -9.52992e-7 0 1 3.53659e-6 0 1 5.07277e-6 0 1 1.6716e-6 0 1 -2.46449e-6 0 1 2.02827e-6 0 1 -2.24419e-7 0 1 2.82447e-7 0 1 1.57899e-6 0 1 5.43459e-7 0 1 -2.23842e-6 0 1 -1.56658e-6 0 1 8.55198e-6 0 1 6.08727e-7 0 0 -1 0 0 -1 2.67354e-6 0 -1 -4.31474e-7 0 -1 6.00545e-7 0 -1 2.37553e-7 0 -1 -1.11539e-6 0 -1 8.27264e-7 0 -1 -6.90484e-6 0 -1 -1.11073e-6 0 -1 4.41754e-6 0 -1 -8.75661e-6 0 -1 7.54285e-7 0 -1 1.12739e-6 0 -1 -4.39622e-6 0 -1 -5.33301e-7 0 -1 2.27764e-7 1 0 0 1 0 0 1 0 0 1 0 0 1 0 0 1 0 0 1 0 0 1 0 0 1 0 0 1 0 0 1 0 0 1 0 0 1 0 0 1 0 0 1 0 0 1 0 0 1 0 0 1 0 0 1 0 0 1 0 0 1 0 0 1 0 0 1 0 0 1 0 0 1 0 0 1 0 0 1 0 0 1 0 0 1 0 0 1 0 0 1 0 0 1 0 0 1 0 0 1 0 0 1 0 0 -1 2.23842e-6 0 -1 -1.57899e-6 0 -1 2.24419e-7 0 -1 -1.01413e-6 0 -1 2.46449e-6 0 -1 -1.6716e-6 0 -1 -5.07274e-6 0 -1 -3.53659e-6 0 -1 -1.48999e-6 0 -1 1.90598e-6 0 -1 5.48441e-6 0 -1 -4.00659e-6 0 -1 3.77847e-6 0 -1 -3.71144e-6 0 -1 8.39955e-6 0 -1 1.46748e-6 0 -1 -5.25903e-6 0</float_array>
          <technique_common>
            <accessor source="#ID492-mesh-normals-array" count="156" stride="3">
              <param name="X" type="float"/>
              <param name="Y" type="float"/>
              <param name="Z" type="float"/>
            </accessor>
          </technique_common>
        </source>
        <source id="ID492-mesh-map-0">
          <float_array id="ID492-mesh-map-0-array" count="2544">0.8 0.4056332 0.4 0 0.8 0 0.4 0 0.8 0.4056332 0.6970319 0.5173233 0.4 0 0.6970319 0.5173233 0.4 1.319009 0.6970319 0.5173233 0.8 0.4056332 0.7588516 0.4565462 0.6970319 0.5173233 0.7588516 0.4565462 0.7588516 0.4665462 0.4 1.319009 0.6970319 0.5173233 0.7287676 0.5559607 0.4 1.319009 0.7287676 0.5559607 0.712682 0.6240874 0.4 1.319009 0.712682 0.6240874 0.6666781 0.7406522 0.6666781 0.7406522 0.712682 0.6240874 0.725279 0.6396218 0.6666781 0.7406522 0.725279 0.6396218 0.725279 0.6596218 0.4 1.319009 0.6666781 0.7406522 0.698748 0.7913624 0.4 1.319009 0.698748 0.7913624 0.6681975 0.8543439 0.4 1.319009 0.6681975 0.8543439 0.7045708 0.8886511 0.4 1.319009 0.7045708 0.8886511 0.7045708 0.9186511 0.4 1.319009 0.7045708 0.9186511 0.7289406 0.9734791 0.4 1.319009 0.7289406 0.9734791 0.6980324 1.012782 0.4 1.319009 0.6980324 1.012782 0.740486 1.068439 0.4 1.319009 0.740486 1.068439 0.725352 1.136783 0.4 1.319009 0.725352 1.136783 0.7595352 1.173273 0.4 1.319009 0.7595352 1.173273 0.7486787 1.19007 0.4 1.319009 0.7486787 1.19007 0.8 1.221152 0.4 1.319009 0.8 1.221152 0.4946155 1.370691 0.4946155 1.370691 0.8 1.221152 0.5304623 1.411183 0.5304623 1.411183 0.8 1.221152 0.8 2.5 0.4 1.319009 0.4946155 1.370691 0.4374135 1.346979 0.5304623 1.411183 0.8 2.5 0.5163138 1.474825 0.5163138 1.474825 0.8 2.5 0.5221674 1.611964 0.5163138 1.474825 0.5221674 1.611964 0.477656 1.506536 0.477656 1.506536 0.5221674 1.611964 0.477656 1.531536 0.477656 1.531536 0.5221674 1.611964 0.4557923 1.558867 0.5221674 1.611964 0.8 2.5 0.525263 1.685393 0.5221674 1.611964 0.525263 1.685393 0.4884101 1.647913 0.525263 1.685393 0.8 2.5 0.5017927 1.735134 0.5017927 1.735134 0.8 2.5 0.5299534 1.871807 0.5017927 1.735134 0.5299534 1.871807 0.4663829 1.767674 0.4663829 1.767674 0.5299534 1.871807 0.4921674 1.80996 0.5299534 1.871807 0.8 2.5 0.4754355 1.913961 0.4754355 1.913961 0.8 2.5 0.4 2.007285 0.4 2.007285 0.8 2.5 0.4 2.5 0.4557923 1.370691 0.4374135 1.346979 0.4946155 1.370691 1.150005 0.2085497 1.16658 0.1796372 1.16658 0.1996372 1.140666 0.2930488 1.150005 0.2482884 1.16658 0.2791148 1.150005 0.2482884 1.140666 0.2930488 1.150005 0.2085497 1.133144 0.3401561 1.140666 0.2930488 1.154873 0.3194713 1.167347 1.876031 1.2 0.3876926 1.2 1.864662 1.2 0.3876926 1.167347 1.876031 1.16658 0.3505025 1.16658 0.3505025 1.167347 1.876031 1.110856 1.917367 1.16658 0.3505025 1.110856 1.917367 1.133144 0.3401561 1.112638 1.950812 1.110856 1.917367 1.122666 1.933508 1.110856 1.917367 1.112638 1.950812 1.095142 1.974136 1.107113 2.25991 1.152813 2.204903 1.152813 2.224903 1.152813 2.204903 1.107113 2.25991 1.109393 2.188 1.092113 2.135167 1.13606 2.037275 1.13606 2.087275 1.13606 2.037275 1.092113 2.135167 1.105142 2.004136 1.105142 2.004136 1.092113 2.135167 1.095142 1.974136 0.8915536 0.6388187 0.90311 0.5751434 0.9226077 0.705226 1.16658 0.1796372 1.2 0 1.2 0.1605641 1.2 0 1.16658 0.1796372 0.8 0 0.8 0 1.16658 0.1796372 1.150005 0.2085497 0.8 0 1.150005 0.2085497 1.140666 0.2930488 0.8 0 1.140666 0.2930488 1.133144 0.3401561 0.8 0 1.133144 0.3401561 0.90311 0.5751434 0.90311 0.5751434 1.133144 0.3401561 1.110856 1.917367 0.90311 0.5751434 1.110856 1.917367 0.9226077 0.705226 0.9226077 0.705226 1.110856 1.917367 1.095142 1.974136 0.9226077 0.705226 1.095142 1.974136 1.092113 2.135167 0.9226077 0.705226 1.092113 2.135167 0.9282368 0.7710096 0.8 0 0.90311 0.5751434 0.8672739 0.5002755 0.8672739 0.5002755 0.90311 0.5751434 0.8672739 0.5402755 0.8 0 0.8672739 0.5002755 0.8410332 0.4857348 0.8 0 0.8410332 0.4857348 0.8 0.4056332 1.109393 2.188 1.092113 2.135167 1.127813 2.167927 1.092113 2.135167 1.109393 2.188 1.107113 2.25991 1.107113 2.25991 1.152622 2.30632 1.116915 2.340543 1.150005 0.2085497 1.16658 0.239376 1.150005 0.2482884 0.8 2.5 1.2 2.429676 1.2 2.5 1.2 2.429676 0.8 2.5 1.159693 2.366427 1.159693 2.366427 0.8 2.5 1.116915 2.340543 1.116915 2.340543 0.8 2.5 1.107113 2.25991 1.107113 2.25991 0.8 2.5 1.092113 2.135167 1.092113 2.135167 0.8 2.5 0.9282368 0.7710096 0.9282368 0.7710096 0.8 2.5 0.9193613 0.8837577 0.9193613 0.8837577 0.8 2.5 0.8915331 1.02256 0.8915331 1.02256 0.8 2.5 0.8576498 1.180706 0.8576498 1.180706 0.8 2.5 0.8 1.221152 0.8576498 1.180706 0.8536146 1.050838 0.8915331 1.02256 0.8536146 1.050838 0.8576498 1.180706 0.8302225 1.127342 0.8898267 0.9639655 0.9193613 0.8837577 0.8915331 1.02256 0.8907521 0.8178593 0.9282368 0.7710096 0.9193613 0.8837577 0.05148404 1.431087 0.02057415 1.461475 0.02057415 1.456475 0.01051676 0.9631217 0 1.079172 0 1.006681 0 1.079172 0.01051676 0.9631217 0.02566063 1.094714 0.02566063 1.094714 0.01051676 0.9631217 0.02351677 0.9631217 0.02566063 1.094714 0.02351677 0.9631217 0.04945415 0.9308643 0.02566063 1.094714 0.04945415 0.9308643 0.03732395 1.121357 0.03732395 1.121357 0.05098378 1.183358 0.02975696 1.155529 0.05098378 1.183358 0.03732395 1.121357 0.04945415 0.9308643 0.05098378 1.183358 0.04945415 0.9308643 0.05554836 0.8892302 0.06666094 1.319422 0.03736048 1.369938 0.03736048 1.359938 0.03736048 1.369938 0.06666094 1.319422 0.04365897 1.377705 0.04365897 1.377705 0.06666094 1.319422 0.05148404 1.431087 0.05098378 1.183358 0.04771459 1.230423 0.03552967 1.203009 0.04771459 1.230423 0.05098378 1.183358 0.04771459 1.245423 0.04771459 1.245423 0.05098378 1.183358 0.06590127 1.262577 0.06590127 1.262577 0.05098378 1.183358 0.05554836 0.8892302 0.06590127 1.262577 0.05554836 0.8892302 0.08087718 0.8660787 0.06590127 1.262577 0.08087718 0.8660787 0.06666094 1.319422 0.02057415 1.461475 0 2.5 0 1.486932 0 2.5 0.02057415 1.461475 0.4 2.5 0.4 2.5 0.02057415 1.461475 0.05148404 1.431087 0.4 2.5 0.05148404 1.431087 0.06666094 1.319422 0.4 2.5 0.06666094 1.319422 0.08087718 0.8660787 0.4 2.5 0.08087718 0.8660787 0.08989489 0.8506547 0.4 2.5 0.08989489 0.8506547 0.2984112 1.913377 0.2984112 1.913377 0.08989489 0.8506547 0.279587 1.581059 0.4 2.5 0.2984112 1.913377 0.3234112 1.913377 0.4 2.5 0.3234112 1.913377 0.3580691 1.933348 0.4 2.5 0.3580691 1.933348 0.4 2.007285 0.06928718 0.7819729 0.05979162 0.8304778 0.05350255 0.8160045 0.05979162 0.8304778 0.06928718 0.7819729 0.08989489 0.8506547 0.06928718 0.7819729 0.05222404 0.7496588 0.06920224 0.7338602 0.06666094 1.319422 0.05062597 1.294067 0.06590127 1.262577 0.05148404 1.431087 0.03561621 1.411768 0.04365897 1.377705 0.03732395 1.121357 0.02023237 1.103112 0.02566063 1.094714 0.4 0 0 0.6882363 0 0 0 0.6882363 0.4 0 0.0310567 0.7040126 0.0310567 0.7040126 0.4 0 0.05055665 0.7040126 0.05055665 0.7040126 0.4 0 0.06920224 0.7338602 0.06920224 0.7338602 0.4 0 0.06928718 0.7819729 0.06928718 0.7819729 0.4 0 0.08989489 0.8506547 0.08989489 0.8506547 0.4 0 0.2893887 1.435061 0.08989489 0.8506547 0.2893887 1.435061 0.279587 1.581059 0.2893887 1.435061 0.4 0 0.3400389 1.413623 0.3400389 1.413623 0.4 0 0.3621862 1.342032 0.3621862 1.342032 0.4 0 0.4 1.319009 0.279587 1.581059 0.3097144 1.679668 0.2984112 1.913377 0.3097144 1.679668 0.279587 1.581059 0.3411281 1.632174 0.3097144 1.679668 0.3411281 1.632174 0.3411281 1.667174 0.3097144 1.679668 0.3146487 1.855616 0.2984112 1.913377 0.3146487 1.855616 0.3097144 1.679668 0.3156894 1.776083 0.3156894 1.776083 0.3097144 1.679668 0.3411281 1.75865 0.3411281 1.813203 0.3146487 1.855616 0.3156894 1.776083 0.2893887 1.435061 0.3097144 1.544786 0.279587 1.581059 0.3097144 1.544786 0.2893887 1.435061 0.3374171 1.485985 -0.02746081 0.9269221 -0.0717439 0.909199 -0.05096381 0.909199 0 0.6882363 -0.4 0 0 0 -0.4 0 0 0.6882363 -0.3592458 0.1954398 -0.4 0 -0.3592458 0.1954398 -0.4 0.1605641 -0.4 0.1605641 -0.3592458 0.1954398 -0.3820749 0.1852499 -0.3592458 0.1954398 0 0.6882363 -0.3468881 0.2227763 -0.3468881 0.2227763 0 0.6882363 -0.3654844 0.2463173 -0.3654844 0.2463173 0 0.6882363 -0.3494251 0.271657 -0.3494251 0.271657 0 0.6882363 -0.3494251 0.309679 -0.3494251 0.271657 -0.3494251 0.309679 -0.3682611 0.2932412 -0.3494251 0.309679 0 0.6882363 -0.3378583 0.3318423 -0.3378583 0.3318423 0 0.6882363 -0.3644543 0.3457224 -0.3644543 0.3457224 0 0.6882363 -0.4 0.3876926 -0.4 0.3876926 0 0.6882363 -0.06177955 0.7269281 -0.4 0.3876926 -0.06177955 0.7269281 -0.09355795 0.7518814 -0.4 0.3876926 -0.09355795 0.7518814 -0.1142135 0.8063724 -0.4 0.3876926 -0.1142135 0.8063724 -0.4 1.864662 -0.06177955 0.7269281 0 0.6882363 -0.02130132 0.703554 -0.06177955 0.7269281 -0.02130132 0.703554 -0.03467625 0.7269281 -0.09355795 0.7518814 -0.06177955 0.7269281 -0.07405799 0.7518814 -0.4 1.864662 -0.1142135 0.8063724 -0.102483 0.8445929 -0.4 1.864662 -0.102483 0.8445929 -0.0717439 0.8877854 -0.4 1.864662 -0.0717439 0.8877854 -0.0717439 0.909199 -0.4 1.864662 -0.0717439 0.909199 -0.02746081 0.9269221 -0.4 1.864662 -0.02746081 0.9269221 -0.01465606 0.9765483 -0.4 1.864662 -0.01465606 0.9765483 -0.09161841 1.178469 -0.09161841 1.178469 -0.01465606 0.9765483 -0.04957884 1.099396 -0.04957884 1.099396 -0.01465606 0.9765483 0 1.006681 -0.04957884 1.099396 0 1.006681 0 1.079172 -0.09161841 1.178469 -0.04957884 1.099396 -0.02599132 1.126078 -0.09161841 1.178469 -0.02599132 1.126078 -0.04610848 1.16433 -0.4 1.864662 -0.09161841 1.178469 -0.1155507 1.24787 -0.1155507 1.24787 -0.09161841 1.178469 -0.07725089 1.227766 -0.4 1.864662 -0.1155507 1.24787 -0.1274837 1.304244 -0.1274837 1.304244 -0.1155507 1.24787 -0.09524679 1.280819 -0.4 1.864662 -0.1274837 1.304244 -0.1054426 1.337136 -0.4 1.864662 -0.1054426 1.337136 -0.1217361 1.370339 -0.4 1.864662 -0.1217361 1.370339 -0.08867454 1.402177 -0.4 1.864662 -0.08867454 1.402177 -0.05785548 1.419611 -0.4 1.864662 -0.05785548 1.419611 -0.05785548 1.439611 -0.4 1.864662 -0.05785548 1.439611 -0.03528857 1.446881 -0.4 1.864662 -0.03528857 1.446881 0 1.486932 -0.4 1.864662 0 1.486932 -0.3517785 1.876113 -0.3517785 1.876113 0 1.486932 -0.3367785 1.891113 -0.3367785 1.891113 0 1.486932 0 2.5 -0.3367785 1.891113 0 2.5 -0.3308826 1.904906 -0.3308826 1.904906 0 2.5 -0.3130231 1.951296 -0.3308826 1.904906 -0.3130231 1.951296 -0.3441074 1.926122 -0.3130231 1.951296 0 2.5 -0.299417 2.031651 -0.3130231 1.951296 -0.299417 2.031651 -0.3393338 1.993814 -0.299417 2.031651 0 2.5 -0.2990969 2.072183 -0.299417 2.031651 -0.2990969 2.072183 -0.3312964 2.038909 -0.2990969 2.072183 0 2.5 -0.3026301 2.143718 -0.2990969 2.072183 -0.3026301 2.143718 -0.3456695 2.119748 -0.3026301 2.143718 0 2.5 -0.2735613 2.220994 -0.3026301 2.143718 -0.2735613 2.220994 -0.327897 2.174728 -0.327897 2.174728 -0.2735613 2.220994 -0.3061877 2.208324 -0.2735613 2.220994 0 2.5 -0.2633937 2.249218 -0.2633937 2.249218 0 2.5 -0.30195 2.281052 -0.30195 2.281052 0 2.5 -0.2868647 2.318099 -0.2868647 2.318099 0 2.5 -0.3192803 2.331298 -0.3192803 2.331298 0 2.5 -0.309852 2.354452 -0.309852 2.354452 0 2.5 -0.3422675 2.367652 -0.3422675 2.367652 0 2.5 -0.3422675 2.382652 -0.3422675 2.382652 0 2.5 -0.3572675 2.392652 -0.3572675 2.392652 0 2.5 -0.361265 2.408059 -0.361265 2.408059 0 2.5 -0.4 2.429676 -0.4 2.429676 0 2.5 -0.4 2.5 0 0 0 0 0 0 0 0 0 0 0 0 0 0 0 0 0 0 0 0 0 0 0 0 0 0 0 0 0 0 0 0 0 0 0 0 0 0 0 0 0 0 0 0 0 0 0 0 0 0 0 0 0 0 0 0 0 0 0 0 0 0 0 0 0 0 0 0 0 0 0 0 0 0 0 0 0 0 0 0 0 0 0 0 0 0 0 0 0 0 0 0 0 0 0 0 0 0 0 0 0 0 0 0 0 0 0 0 0 0 0 0 0 0 0 0 0 0 0 0 0 0 0 0 0 0 0 0 0 0 0 0 0 0 0 0 0 0 0 0 0 0 0 0 0 0 0 0 0 0 0 0 0 0 0 0 0 0 0 0 0 0 0 0 0 0 0 0 0 0 0 0 0 0 0 0 0 0 0 0 0 0 0 0 0 0 0 0 0 0 0 0 0 0 0 0 0 0 0 0 0 0 0 0 0 0 0 0 0 0 0 0 0 0 0 0 0 0 0 0 0 0 0 0 0 0 0 0 0 0 0 0 0 0 0 0 0 0 0 0 0 0 0 0 0 0 0 0 0 0 0 0 0 0 0 0 0 0 0 0 0 0 0 0 0 0 0 0 0 0 0 0 0 0 0 0 0 0 0 0 0 0 0 0 0 0 0 0 0 0 0 0 0 0 0 0 0 0 0 0 0 0 0 0 0 0 0 0 0 0 0 0 0 0 0 0 0 0 0 0 0 0 0 0 0 0 0 0 0 0 0 0 0 0 0 0 0 0 0 0 0 0 0 0 0 0 0 0 0 0 0 0 0 0 0 0 0 0 0 0 0 0 0 0 0 0 0 0 0 0 0 0 0 0 0 0 0 0 0 0 0 0 0 0 0 0 0 0 0 0 0 0 0 0 0 0 0 0 0 0 0 0 0 0 0 0 0 0 0 0 0 0 0 0 0 0 0 0 0 0 0 0 0 0 0 0 0 0 0 0 0 0 0 0 0 0 0 0 0 0 0 0 0 0 0 0 0 0 0 0 0 0 0 0 0 0 0 0 0 0 0 0 0 0 0 0 0 0 0 0 0 0 0 0 0 0 0 0 0 0 0 0 0 0 0 0 0 0 0 0 0 0 0 0 0 0 0 0 0 0 0 0 0 0 0 0 0 0 0 0 0 0 0 0 0 0 0 0 0 0 0 0 0 0 0 0 0 0 0 0 0 0 0 0 0 0 0 0 0 0 0 0 0 0 0 0 0 0 0 0 0 0 0 0 0 0 0 0 0 0 0 0 0 0 0 0 0 0 0 0 0 0 0 0 0 0 0 0 0 0 0 0 0 0 0 0 0 0 0 0 0 0 0 0 0 0 0 0 0 0 0 0 0 0 0 0 0 0 0 0 0 0 0 0 0 0 0 0 0 0 0 0 0 0 0 0 0 0 0 0 0 0 0 0 0 0 0 0 0 0 0 0 0 0 0 0 0 0 0 0 0 0 0 0 0 0 0 0 0 0 0 0 0 0 0 0 0 0 0 0 0 0 0 0 0 0 0 0 0 0 0 0 0 0 0 0 0 0 0 0 0 0 0 0 0 0 0 0 0 0 0 0 0 0 0 0 0 0 0 0 0 0 0 0 0 0 0 0 0 0 0 0 0 0 0 0 0 0 0 0 0 0 0 0 0 0 0 0 0 0 0 0 0 0 0 0 0 0 0 0 0 0 0 0 0 0 0 0 0 0 0 0 0 0 0 0 0 0 0 0 0 0 0 0 0 0 0 0 0 0 0 0 0 0 0 0 0 0 0 0 0 0 0 0 0 0 0 0 0 0 0 0 0 0 0 0 0 0 0 0 0 0 0 0 0 0 0 0 0 0 0 0 0 0 0 0 0 0 0 0 0 0 0 0 0 0 0 0 0 0 0 0 0 0 0 0 0 0 0 0 0 0 0 0 0 0 0 0 0 0 0 0 0 0 0 0 0 0 0 0 0 0 0 0 0 0 0 0 0 0 0 0 0 0 0 0 0 0 0 0 0 0 0 0 0 0 0 0 0 0 0 0 0 0 0 0 0 0 0 0 0 0 0 0 0 0 0 0 0 0 0 0 0 0 0 0 0 0 0 0 0 0 0 0 0 0 0 0 0 0 0 0 0 0 0 0 0 0 0 0 0 0 0 0 0 0 0 0 0 0 0 0 0 0 0 0 0 0 0 0 0 0 0 0 0 0 0 0 0 0 0 0 0 0 0 0 0 0 0 0 0 0 0 0 0 0 0 0 0 0 0 0 0 0 0 0 0 0 0 0 0 0 0 0 0 0 0 0 0 0 0 0 0 0 0 0 0 0 0 0 0 0 0 0 0 0 0 0 0 0 0 0 0 0 0 0 0 0 0 0 0 0 0 0 0 0 0 0 0 0 0 0 0 0 0 0 0 0 0 0 0 0 0 0 0 0 0 0 0 0 0 0 0 0 0 0 0 0 0 0 0 0 0 0 0 0 0 0 0 0 0 0 0 0 0 0 0 0 0 0 0 0 0 0 0 0 0 0 0 0 0 0 0 0 0 0 0 0 0 0 0 0 0 0 0 0 0 0 0 0 0 0 0 0 0 0 0 0 0 0 0 0 0 0 0 0 0 0 0 0 0 0 0 0 0 0 0 0 0 0 0 0 0 0 0 0 0 0 0 0 0 0 0 0 0 0 0 0 0 0 0 0 0 0 0 0 0 0 0 0 0 0 0 0 0 0 0 0 0 0 0 0 0 0 0 0 0 0 0 0 0 0 0 0 0 0 0 0 0 0 0 0 0 0 0 0 0 0 0 0 0 0 0 0 0 0 0 0 0 0 0 0 0 0 0 0 0 0 0 0 0 0 0 0 0 0 0 0 0 0 0 0</float_array>
          <technique_common>
            <accessor source="#ID492-mesh-map-0-array" count="1272" stride="2">
              <param name="S" type="float"/>
              <param name="T" type="float"/>
            </accessor>
          </technique_common>
        </source>
        <vertices id="ID492-mesh-vertices">
          <input semantic="POSITION" source="#ID492-mesh-positions"/>
        </vertices>
        <lines count="210">
          <input semantic="VERTEX" source="#ID492-mesh-vertices" offset="0"/>
          <p>85 84 85 86 86 87 87 88 88 89 89 90 90 91 91 92 92 93 93 94 94 95 95 96 96 97 97 98 98 99 99 100 100 101 101 102 102 103 103 104 105 104 105 106 106 107 108 107 109 108 110 109 111 110 112 111 113 112 114 113 115 114 116 115 117 116 118 117 119 118 120 119 121 120 122 121 123 122 124 123 124 125 84 125 104 228 228 229 229 230 230 231 231 232 232 233 233 234 234 235 235 236 236 237 237 238 238 239 239 240 240 241 241 85 242 84 243 242 243 244 244 245 245 246 246 247 247 248 248 249 249 250 250 251 251 252 252 253 253 254 255 254 255 256 256 257 257 258 258 259 259 260 260 261 261 262 262 263 263 264 264 265 265 266 266 267 267 268 268 269 269 270 270 271 271 272 272 273 274 273 274 105 390 389 389 391 391 392 392 393 393 394 394 395 395 396 396 397 397 398 398 399 399 400 400 401 401 402 402 403 403 107 106 404 404 405 405 406 406 407 407 408 408 409 409 410 410 411 411 412 412 413 413 414 414 415 415 416 416 417 417 418 418 419 419 420 420 421 421 422 422 423 423 424 424 425 425 426 426 427 427 428 428 429 429 430 430 431 431 432 432 433 433 434 434 435 435 436 436 437 437 438 438 439 439 440 125 440 124 441 441 390 583 582 582 584 584 585 585 586 586 587 587 588 588 589 589 590 590 591 591 592 592 593 593 594 594 595 595 596 596 255 597 254 598 597 599 598 600 599 601 600 602 601 603 602 604 603 605 604 243 605 440 242 439 606 606 607 607 608 608 609 609 610 610 611 611 612 612 613 614 613 615 614 615 616 616 617 617 425 424 618 618 619 619 620 620 621 621 622 622 623 623 624 624 625 625 626 626 627 627 628 628 629 629 630 630 631 631 405 404 274 632 273 632 633 633 634 634 635 635 636 636 637 637 638 638 639 639 583</p>
        </lines>
        <triangles material="material-material" count="212">
          <input semantic="VERTEX" source="#ID492-mesh-vertices" offset="0"/>
          <input semantic="NORMAL" source="#ID492-mesh-normals" offset="1"/>
          <input semantic="TEXCOORD" source="#ID492-mesh-map-0" offset="2" set="0"/>
          <p>42 89 636 43 89 637 44 89 638 45 88 639 46 88 640 47 88 641 47 88 642 46 88 643 48 88 644 48 90 645 46 90 646 49 90 647 50 88 648 49 88 649 51 88 650 51 88 651 49 88 652 52 88 653 49 88 654 46 88 655 52 88 656 52 91 657 46 91 658 53 91 659 54 92 660 53 92 661 55 92 662 53 93 663 46 93 664 55 93 665 56 94 666 55 94 667 57 94 668 57 88 669 55 88 670 58 88 671 58 88 672 55 88 673 59 88 674 55 88 675 46 88 676 59 88 677 59 88 678 46 88 679 60 88 680 43 95 681 42 95 682 61 95 683 46 88 684 62 88 685 60 88 686 60 96 687 62 96 688 42 96 689 42 88 690 62 88 691 61 88 692 62 88 693 63 88 694 61 88 695 63 97 696 64 97 697 61 97 698 64 88 699 65 88 700 61 88 701 65 88 702 66 88 703 61 88 704 66 88 705 67 88 706 61 88 707 67 98 708 68 98 709 61 98 710 68 88 711 69 88 712 61 88 713 69 88 714 70 88 715 61 88 716 70 99 717 71 99 718 61 99 719 71 88 720 72 88 721 61 88 722 72 88 723 73 88 724 61 88 725 74 88 726 75 88 727 73 88 728 75 100 729 76 100 730 73 100 731 73 101 732 76 101 733 61 101 734 76 88 735 77 88 736 61 88 737 77 102 738 78 102 739 61 102 740 79 88 741 80 88 742 78 88 743 80 88 744 81 88 745 78 88 746 61 88 747 78 88 748 82 88 749 78 103 750 81 103 751 82 103 752 83 88 753 82 88 754 81 88 755 177 104 756 178 104 757 179 104 758 180 105 759 177 105 760 181 105 761 182 106 762 183 106 763 184 106 764 180 107 765 184 107 766 183 107 767 185 108 768 186 108 769 183 108 770 183 109 771 186 109 772 180 109 773 180 110 774 186 110 775 177 110 776 177 111 777 186 111 778 178 111 779 178 112 780 186 112 781 187 112 782 187 113 783 186 113 784 188 113 785 188 114 786 186 114 787 189 114 788 189 115 789 186 115 790 190 115 791 190 116 792 186 116 793 191 116 794 192 63 795 191 63 796 186 63 797 193 63 798 194 63 799 195 63 800 189 117 801 196 117 802 188 117 803 188 118 804 197 118 805 187 118 806 198 63 807 187 63 808 197 63 809 199 119 810 200 119 811 201 119 812 200 120 813 202 120 814 201 120 815 203 121 816 204 121 817 202 121 818 202 122 819 204 122 820 201 122 821 178 123 822 187 123 823 205 123 824 187 124 825 206 124 826 205 124 827 206 125 828 207 125 829 205 125 830 205 126 831 207 126 832 204 126 833 207 127 834 208 127 835 204 127 836 204 128 837 208 128 838 201 128 839 208 129 840 209 129 841 201 129 842 209 130 843 195 130 844 201 130 845 195 131 846 210 131 847 201 131 848 201 132 849 210 132 850 211 132 851 212 133 852 211 133 853 210 133 854 205 134 855 204 134 856 213 134 857 206 63 858 187 63 859 214 63 860 214 63 861 187 63 862 215 63 863 216 63 864 215 63 865 187 63 866 197 135 867 188 135 868 217 135 869 218 63 870 217 63 871 188 63 872 206 136 873 219 136 874 207 136 875 220 63 876 207 63 877 219 63 878 208 137 879 207 137 880 221 137 881 207 63 882 222 63 883 221 63 884 221 63 885 222 63 886 223 63 887 224 63 888 223 63 889 222 63 890 225 138 891 209 138 892 208 138 893 195 63 894 209 63 895 193 63 896 226 63 897 193 63 898 209 63 899 227 63 900 210 63 901 195 63 902 332 24 903 333 24 904 334 24 905 335 24 906 334 24 907 333 24 908 336 24 909 337 24 910 338 24 911 339 24 912 340 24 913 336 24 914 336 24 915 340 24 916 337 24 917 341 24 918 337 24 919 340 24 920 342 139 921 343 139 922 340 139 923 343 24 924 335 24 925 340 24 926 341 24 927 340 24 928 335 24 929 344 140 930 345 140 931 346 140 932 346 24 933 345 24 934 347 24 935 347 24 936 345 24 937 333 24 938 335 24 939 333 24 940 348 24 941 333 141 942 345 141 943 348 141 944 348 142 945 345 142 946 349 142 947 349 143 948 345 143 949 350 143 950 350 144 951 345 144 952 351 144 953 351 24 954 345 24 955 352 24 956 352 24 957 345 24 958 353 24 959 354 24 960 353 24 961 345 24 962 355 145 963 356 145 964 357 145 965 358 146 966 359 146 967 360 146 968 361 24 969 362 24 970 363 24 971 350 24 972 364 24 973 349 24 974 348 147 975 349 147 976 365 147 977 366 24 978 365 24 979 349 24 980 367 148 981 368 148 982 369 148 983 368 24 984 370 24 985 369 24 986 370 24 987 341 24 988 369 24 989 335 24 990 348 24 991 341 24 992 341 149 993 348 149 994 369 149 995 348 150 996 371 150 997 369 150 998 371 24 999 363 24 1000 369 24 1001 363 24 1002 360 24 1003 369 24 1004 360 24 1005 372 24 1006 369 24 1007 369 24 1008 372 24 1009 373 24 1010 374 151 1011 373 151 1012 372 151 1013 363 24 1014 371 24 1015 361 24 1016 371 24 1017 375 24 1018 361 24 1019 375 24 1020 376 24 1021 361 24 1022 361 24 1023 376 24 1024 377 24 1025 377 24 1026 376 24 1027 378 24 1028 379 152 1029 378 152 1030 376 152 1031 360 24 1032 363 24 1033 358 24 1034 358 24 1035 363 24 1036 380 24 1037 381 153 1038 380 153 1039 363 153 1040 375 24 1041 382 24 1042 376 24 1043 382 154 1044 357 154 1045 376 154 1046 383 155 1047 376 155 1048 357 155 1049 357 24 1050 382 24 1051 355 24 1052 382 24 1053 384 24 1054 355 24 1055 384 24 1056 385 24 1057 355 24 1058 355 24 1059 385 24 1060 386 24 1061 387 24 1062 386 24 1063 385 24 1064 388 24 1065 372 24 1066 360 24 1067 512 0 1068 513 0 1069 514 0 1070 514 0 1071 513 0 1072 515 0 1073 515 0 1074 513 0 1075 516 0 1076 516 0 1077 513 0 1078 517 0 1079 517 0 1080 513 0 1081 518 0 1082 518 0 1083 513 0 1084 519 0 1085 519 0 1086 513 0 1087 520 0 1088 520 0 1089 513 0 1090 521 0 1091 521 0 1092 513 0 1093 522 0 1094 522 0 1095 513 0 1096 523 0 1097 523 0 1098 513 0 1099 524 0 1100 525 0 1101 524 0 1102 526 0 1103 526 0 1104 524 0 1105 527 0 1106 524 0 1107 513 0 1108 527 0 1109 528 0 1110 527 0 1111 529 0 1112 527 0 1113 513 0 1114 529 0 1115 530 0 1116 529 0 1117 531 0 1118 529 0 1119 513 0 1120 531 0 1121 532 0 1122 531 0 1123 533 0 1124 531 0 1125 513 0 1126 533 0 1127 534 0 1128 533 0 1129 535 0 1130 533 0 1131 513 0 1132 535 0 1133 535 0 1134 513 0 1135 536 0 1136 513 0 1137 537 0 1138 536 0 1139 536 0 1140 537 0 1141 538 0 1142 538 0 1143 537 0 1144 539 0 1145 537 0 1146 540 0 1147 539 0 1148 540 0 1149 541 0 1150 539 0 1151 541 0 1152 542 0 1153 539 0 1154 542 0 1155 543 0 1156 539 0 1157 543 0 1158 544 0 1159 539 0 1160 544 0 1161 545 0 1162 539 0 1163 545 0 1164 546 0 1165 539 0 1166 547 0 1167 548 0 1168 546 0 1169 546 0 1170 548 0 1171 539 0 1172 549 0 1173 550 0 1174 548 0 1175 548 0 1176 550 0 1177 539 0 1178 551 0 1179 552 0 1180 550 0 1181 552 0 1182 553 0 1183 550 0 1184 554 0 1185 555 0 1186 553 0 1187 555 0 1188 556 0 1189 553 0 1190 553 0 1191 556 0 1192 550 0 1193 550 0 1194 556 0 1195 539 0 1196 556 0 1197 557 0 1198 539 0 1199 557 0 1200 558 0 1201 539 0 1202 558 0 1203 559 0 1204 539 0 1205 559 0 1206 560 0 1207 539 0 1208 560 0 1209 561 0 1210 539 0 1211 562 0 1212 563 0 1213 564 0 1214 565 0 1215 566 0 1216 563 0 1217 566 0 1218 567 0 1219 563 0 1220 539 0 1221 561 0 1222 568 0 1223 561 0 1224 564 0 1225 568 0 1226 564 0 1227 563 0 1228 568 0 1229 563 0 1230 567 0 1231 568 0 1232 568 0 1233 567 0 1234 569 0 1235 569 0 1236 567 0 1237 570 0 1238 570 0 1239 567 0 1240 571 0 1241 572 0 1242 571 0 1243 573 0 1244 571 0 1245 567 0 1246 573 0 1247 573 0 1248 567 0 1249 574 0 1250 574 0 1251 567 0 1252 575 0 1253 575 0 1254 567 0 1255 576 0 1256 577 0 1257 576 0 1258 578 0 1259 578 0 1260 576 0 1261 579 0 1262 576 0 1263 567 0 1264 579 0 1265 580 0 1266 579 0 1267 567 0 1268 581 0 1269 558 0 1270 557 0 1271</p>
        </triangles>
        <triangles material="ConcBase-material" count="212">
          <input semantic="VERTEX" source="#ID492-mesh-vertices" offset="0"/>
          <input semantic="NORMAL" source="#ID492-mesh-normals" offset="1"/>
          <input semantic="TEXCOORD" source="#ID492-mesh-map-0" offset="2" set="0"/>
          <p>0 0 0 1 0 1 2 0 2 1 1 3 0 1 4 3 1 5 1 0 6 3 0 7 4 0 8 3 2 9 0 2 10 5 2 11 3 0 12 5 0 13 6 0 14 4 3 15 3 3 16 7 3 17 4 4 18 7 4 19 8 4 20 4 5 21 8 5 22 9 5 23 9 6 24 8 6 25 10 6 26 9 0 27 10 0 28 11 0 29 4 7 30 9 7 31 12 7 32 4 8 33 12 8 34 13 8 35 4 9 36 13 9 37 14 9 38 4 0 39 14 0 40 15 0 41 4 10 42 15 10 43 16 10 44 4 11 45 16 11 46 17 11 47 4 0 48 17 0 49 18 0 50 4 12 51 18 12 52 19 12 53 4 13 54 19 13 55 20 13 56 4 14 57 20 14 58 21 14 59 4 15 60 21 15 61 22 15 62 4 0 63 22 0 64 23 0 65 23 16 66 22 16 67 24 16 68 24 17 69 22 17 70 25 17 71 4 0 72 23 0 73 26 0 74 24 0 75 25 0 76 27 0 77 27 0 78 25 0 79 28 0 80 27 0 81 28 0 82 29 0 83 29 0 84 28 0 85 30 0 86 30 0 87 28 0 88 31 0 89 28 18 90 25 18 91 32 18 92 28 0 93 32 0 94 33 0 95 32 19 96 25 19 97 34 19 98 34 0 99 25 0 100 35 0 101 34 0 102 35 0 103 36 0 104 36 20 105 35 21 106 37 22 107 35 23 108 25 23 109 38 23 110 38 0 111 25 0 112 39 0 113 39 0 114 25 0 115 40 0 116 41 0 117 26 0 118 23 0 119 126 24 120 127 24 121 128 24 122 129 24 123 130 24 124 131 24 125 130 24 126 129 24 127 126 24 128 132 25 129 129 25 130 133 25 131 134 24 132 135 24 133 136 24 134 135 24 135 134 24 136 137 24 137 137 26 138 134 26 139 138 26 140 137 27 141 138 27 142 132 27 143 139 24 144 138 24 145 140 24 146 138 28 147 139 28 148 141 28 149 142 24 150 143 24 151 144 24 152 143 29 153 142 29 154 145 29 155 146 24 156 147 24 157 148 24 158 147 24 159 146 24 160 149 24 161 149 24 162 146 24 163 141 24 164 150 30 165 151 30 166 152 30 167 127 31 168 153 31 169 154 31 170 153 32 171 127 32 172 155 32 173 155 33 174 127 33 175 126 33 176 155 34 177 126 34 178 129 34 179 155 35 180 129 35 181 132 35 182 155 36 183 132 36 184 151 36 185 151 37 186 132 37 187 138 37 188 151 38 189 138 38 190 152 38 191 152 39 192 138 39 193 141 39 194 152 40 195 141 40 196 146 40 197 152 41 198 146 41 199 156 41 200 155 42 201 151 42 202 157 42 203 157 43 204 151 43 205 158 43 206 155 44 207 157 44 208 159 44 209 155 45 210 159 45 211 160 45 212 145 24 213 146 24 214 161 24 215 146 46 216 145 46 217 142 46 218 142 47 219 162 47 220 163 47 221 126 24 222 164 24 223 130 24 224 165 24 225 166 24 226 167 24 227 166 48 228 165 48 229 168 48 230 168 49 231 165 49 232 163 49 233 163 50 234 165 50 235 142 50 236 142 51 237 165 51 238 146 51 239 146 52 240 165 52 241 156 52 242 156 53 243 165 53 244 169 53 245 169 54 246 165 54 247 170 54 248 170 55 249 165 55 250 171 55 251 171 56 252 165 56 253 172 56 254 171 57 255 173 57 256 170 57 257 173 58 258 171 58 259 174 58 260 175 59 261 169 59 262 170 59 263 176 60 264 156 60 265 169 60 266 275 61 267 276 61 268 277 61 269 278 62 270 279 62 271 280 62 272 279 63 273 278 63 274 281 63 275 281 63 276 278 63 277 282 63 278 281 64 279 282 64 280 283 64 281 281 63 282 283 63 283 284 63 284 284 65 285 285 65 286 286 65 287 285 63 288 284 63 289 283 63 290 285 66 291 283 66 292 287 66 293 288 67 294 289 67 295 290 67 296 289 63 297 288 63 298 291 63 299 291 63 300 288 63 301 275 63 302 285 68 303 292 68 304 293 68 305 292 63 306 285 63 307 294 63 308 294 63 309 285 63 310 295 63 311 295 63 312 285 63 313 287 63 314 295 69 315 287 69 316 296 69 317 295 63 318 296 63 319 288 63 320 276 70 321 297 70 322 298 70 323 297 63 324 276 63 325 299 63 326 299 71 327 276 71 328 275 71 329 299 63 330 275 63 331 288 63 332 299 63 333 288 63 334 296 63 335 299 72 336 296 72 337 300 72 338 299 63 339 300 63 340 301 63 341 301 63 342 300 63 343 302 63 344 299 63 345 301 63 346 303 63 347 299 73 348 303 73 349 304 73 350 299 74 351 304 74 352 305 74 353 306 63 354 307 63 355 308 63 356 307 63 357 306 63 358 300 63 359 306 63 360 309 63 361 310 63 362 288 63 363 311 63 364 295 63 365 275 75 366 312 75 367 291 75 368 284 76 369 313 76 370 281 76 371 314 63 372 315 63 373 316 63 374 315 63 375 314 63 376 317 63 377 317 63 378 314 63 379 318 63 380 318 77 381 314 77 382 310 77 383 310 78 384 314 78 385 306 78 386 306 79 387 314 79 388 300 79 389 300 80 390 314 80 391 319 80 392 300 81 393 319 81 394 302 81 395 319 63 396 314 63 397 320 63 398 320 63 399 314 63 400 321 63 401 321 82 402 314 82 403 322 82 404 302 63 405 323 63 406 301 63 407 323 83 408 302 83 409 324 83 410 323 84 411 324 84 412 325 84 413 323 85 414 326 85 415 301 85 416 326 86 417 323 86 418 327 86 419 327 63 420 323 63 421 328 63 422 329 63 423 326 63 424 327 63 425 319 87 426 330 87 427 302 87 428 330 63 429 319 63 430 331 63 431 442 88 432 443 88 433 444 88 434 445 88 435 446 88 436 447 88 437 446 88 438 445 88 439 448 88 440 446 88 441 448 88 442 449 88 443 449 88 444 448 88 445 450 88 446 448 88 447 445 88 448 451 88 449 451 88 450 445 88 451 452 88 452 452 88 453 445 88 454 453 88 455 453 88 456 445 88 457 454 88 458 453 88 459 454 88 460 455 88 461 454 88 462 445 88 463 456 88 464 456 88 465 445 88 466 457 88 467 457 88 468 445 88 469 458 88 470 458 88 471 445 88 472 459 88 473 458 88 474 459 88 475 460 88 476 458 88 477 460 88 478 461 88 479 458 88 480 461 88 481 462 88 482 459 88 483 445 88 484 463 88 485 459 88 486 463 88 487 464 88 488 460 88 489 459 88 490 465 88 491 462 88 492 461 88 493 466 88 494 462 88 495 466 88 496 467 88 497 462 88 498 467 88 499 443 88 500 462 88 501 443 88 502 442 88 503 462 88 504 442 88 505 468 88 506 462 88 507 468 88 508 469 88 509 469 88 510 468 88 511 470 88 512 470 88 513 468 88 514 471 88 515 470 88 516 471 88 517 472 88 518 469 88 519 470 88 520 473 88 521 469 88 522 473 88 523 474 88 524 462 88 525 469 88 526 475 88 527 475 88 528 469 88 529 476 88 530 462 88 531 475 88 532 477 88 533 477 88 534 475 88 535 478 88 536 462 88 537 477 88 538 479 88 539 462 88 540 479 88 541 480 88 542 462 88 543 480 88 544 481 88 545 462 88 546 481 88 547 482 88 548 462 88 549 482 88 550 483 88 551 462 88 552 483 88 553 484 88 554 462 88 555 484 88 556 485 88 557 462 88 558 485 88 559 486 88 560 486 88 561 485 88 562 487 88 563 487 88 564 485 88 565 488 88 566 487 88 567 488 88 568 489 88 569 489 88 570 488 88 571 490 88 572 489 88 573 490 88 574 491 88 575 490 88 576 488 88 577 492 88 578 490 88 579 492 88 580 493 88 581 492 88 582 488 88 583 494 88 584 492 88 585 494 88 586 495 88 587 494 88 588 488 88 589 496 88 590 494 88 591 496 88 592 497 88 593 496 88 594 488 88 595 498 88 596 496 88 597 498 88 598 499 88 599 499 88 600 498 88 601 500 88 602 498 88 603 488 88 604 501 88 605 501 88 606 488 88 607 502 88 608 502 88 609 488 88 610 503 88 611 503 88 612 488 88 613 504 88 614 504 88 615 488 88 616 505 88 617 505 88 618 488 88 619 506 88 620 506 88 621 488 88 622 507 88 623 507 88 624 488 88 625 508 88 626 508 88 627 488 88 628 509 88 629 509 88 630 488 88 631 510 88 632 510 88 633 488 88 634 511 88 635</p>
        </triangles>
      </mesh>
    </geometry>
    <geometry id="ID275-mesh" name="ID275">
      <mesh>
        <source id="ID275-mesh-positions">
          <float_array id="ID275-mesh-positions-array" count="240">0 0.7874016 198.8189 0.2306246 0.2306246 -1.968504 0.2306246 0.2306246 198.8189 0 0.7874016 -1.968504 0 0.7874016 -1.968504 0 0.7874016 198.8189 0.2306246 0.2306246 -1.968504 0.2306246 0.2306246 198.8189 0 0.7874016 -1.968504 0.2306246 0.2306246 -1.968504 0.2306246 0.2306246 198.8189 0 0.7874016 198.8189 0.2306246 1.344179 -1.968504 0.2306246 0.2306246 -1.968504 0 0.7874016 -1.968504 0.7874016 1.574803 -1.968504 0.7874016 0 -1.968504 1.344179 1.344179 -1.968504 1.344179 0.2306246 -1.968504 1.574803 0.7874016 -1.968504 1.574803 0.7874016 -1.968504 1.344179 1.344179 -1.968504 1.344179 0.2306246 -1.968504 0.7874016 0 -1.968504 0.7874016 1.574803 -1.968504 0.2306246 0.2306246 -1.968504 0.2306246 1.344179 -1.968504 0 0.7874016 -1.968504 0.7874016 1.574803 -1.968504 0.2306246 1.344179 -1.968504 1.344179 1.344179 -1.968504 1.574803 0.7874016 -1.968504 1.344179 0.2306246 -1.968504 0.7874016 0 -1.968504 0.7874016 0 198.8189 0.7874016 0 -1.968504 0.7874016 0 198.8189 0.7874016 0 -1.968504 0.7874016 0 198.8189 0.2306246 0.2306246 198.8189 0.2306246 1.344179 198.8189 0 0.7874016 198.8189 0.7874016 0 198.8189 0.7874016 1.574803 198.8189 1.344179 0.2306246 198.8189 1.344179 1.344179 198.8189 1.574803 0.7874016 198.8189 1.574803 0.7874016 198.8189 1.344179 0.2306246 198.8189 1.344179 1.344179 198.8189 0.7874016 1.574803 198.8189 0.7874016 0 198.8189 0.2306246 1.344179 198.8189 0.2306246 0.2306246 198.8189 0 0.7874016 198.8189 0.7874016 1.574803 198.8189 0.2306246 1.344179 198.8189 1.344179 0.2306246 198.8189 1.574803 0.7874016 198.8189 1.344179 1.344179 198.8189 0.2306246 1.344179 198.8189 0.2306246 1.344179 -1.968504 0.2306246 1.344179 -1.968504 0.2306246 1.344179 198.8189 0.7874016 1.574803 -1.968504 0.7874016 1.574803 198.8189 0.7874016 1.574803 198.8189 0.7874016 1.574803 -1.968504 1.344179 1.344179 -1.968504 1.344179 1.344179 198.8189 1.344179 1.344179 198.8189 1.344179 1.344179 -1.968504 1.574803 0.7874016 198.8189 1.574803 0.7874016 -1.968504 1.574803 0.7874016 198.8189 1.574803 0.7874016 -1.968504 1.344179 0.2306246 198.8189 1.344179 0.2306246 -1.968504 1.344179 0.2306246 198.8189 1.344179 0.2306246 -1.968504</float_array>
          <technique_common>
            <accessor source="#ID275-mesh-positions-array" count="80" stride="3">
              <param name="X" type="float"/>
              <param name="Y" type="float"/>
              <param name="Z" type="float"/>
            </accessor>
          </technique_common>
        </source>
        <source id="ID275-mesh-normals">
          <float_array id="ID275-mesh-normals-array" count="141">-1 9.85728e-7 0 -0.7071068 -0.7071068 0 -1 -1.27323e-6 0 -9.28374e-7 0 -1 -2.88409e-7 0 -1 5.43829e-7 0 -1 -3.39893e-7 0 -1 0 0 -1 9.28377e-7 0 -1 1.00626e-6 -1 0 -1.29377e-6 -1 0 -1.78248e-4 0 1 1.23054e-5 0 1 0 0 1 -4.35063e-5 0 1 1.78248e-4 0 1 -0.7071066 0.7071071 0 1.0268e-6 1 0 -1.29377e-6 1 0 0.7071068 0.7071068 0 0.7071068 0.7071067 0 1 -1.49913e-6 0 1 1.21162e-6 0 0.7071071 -0.7071066 0 0.7071071 -0.7071065 0 1 1.27323e-6 0 1 -9.85728e-7 0 0.7071068 0.7071068 0 -1.85675e-6 0 1 5.43829e-7 0 1 -5.43829e-7 0 1 1.85675e-6 0 1 -1.00626e-6 1 0 1.29377e-6 1 0 -1.18832e-4 0 -1 6.96101e-5 0 -1 -6.96101e-5 0 -1 1.18832e-4 0 -1 0.7071066 -0.7071071 0 1.29377e-6 -1 0 -1.0268e-6 -1 0 -0.7071068 -0.7071067 0 -0.7071068 -0.7071068 0 -1 1.49913e-6 0 -1 -1.21162e-6 0 -0.707107 0.7071067 0 -0.7071071 0.7071065 0</float_array>
          <technique_common>
            <accessor source="#ID275-mesh-normals-array" count="47" stride="3">
              <param name="X" type="float"/>
              <param name="Y" type="float"/>
              <param name="Z" type="float"/>
            </accessor>
          </technique_common>
        </source>
        <source id="ID275-mesh-map-0">
          <float_array id="ID275-mesh-map-0-array" count="336">0.25 9.863282 0.375 -0.09765625 0.375 9.863282 0.375 -0.09765625 0.25 9.863282 0.25 -0.09765625 -0.0468629 0.06668382 -0.0468629 0.01144111 0 0.0390625 -0.0468629 0.01144111 -0.0468629 0.06668382 -0.16 0.078125 -0.0468629 0.01144111 -0.16 0.078125 -0.16 0 -0.16 0 -0.16 0.078125 -0.2731371 0.06668382 -0.16 0 -0.2731371 0.06668382 -0.2731371 0.01144111 -0.2731371 0.01144111 -0.2731371 0.06668382 -0.32 0.0390625 0.5 9.863282 0.375 -0.09765625 0.5 -0.09765625 0.375 -0.09765625 0.5 9.863282 0.375 9.863282 0.0468629 0.01144111 0.0468629 0.06668382 0 0.0390625 0.0468629 0.06668382 0.0468629 0.01144111 0.16 0 0.0468629 0.06668382 0.16 0 0.16 0.078125 0.16 0.078125 0.16 0 0.2731371 0.01144111 0.16 0.078125 0.2731371 0.01144111 0.2731371 0.06668382 0.2731371 0.06668382 0.2731371 0.01144111 0.32 0.0390625 0.125 9.863282 0.25 -0.09765625 0.25 9.863282 0.25 -0.09765625 0.125 9.863282 0.125 -0.09765625 0.125 9.863282 0 -0.09765625 0.125 -0.09765625 0 -0.09765625 0.125 9.863282 0 9.863282 1 9.863282 0.8750001 -0.09765625 1 -0.09765625 0.8750001 -0.09765625 1 9.863282 0.8750001 9.863282 0.8750001 -0.09765625 0.75 9.863282 0.75 -0.09765625 0.75 9.863282 0.8750001 -0.09765625 0.8750001 9.863282 0.75 -0.09765625 0.625 9.863282 0.625 -0.09765625 0.625 9.863282 0.75 -0.09765625 0.75 9.863282 0.625 9.863282 0.5 -0.09765625 0.625 -0.09765625 0.5 -0.09765625 0.625 9.863282 0.5 9.863282 0 0 0 0 0 0 0 0 0 0 0 0 0 0 0 0 0 0 0 0 0 0 0 0 0 0 0 0 0 0 0 0 0 0 0 0 0 0 0 0 0 0 0 0 0 0 0 0 0 0 0 0 0 0 0 0 0 0 0 0 0 0 0 0 0 0 0 0 0 0 0 0 0 0 0 0 0 0 0 0 0 0 0 0 0 0 0 0 0 0 0 0 0 0 0 0 0 0 0 0 0 0 0 0 0 0 0 0 0 0 0 0 0 0 0 0 0 0 0 0 0 0 0 0 0 0 0 0 0 0 0 0 0 0 0 0 0 0 0 0 0 0 0 0 0 0 0 0 0 0 0 0 0 0 0 0 0 0 0 0 0 0 0 0 0 0 0 0</float_array>
          <technique_common>
            <accessor source="#ID275-mesh-map-0-array" count="168" stride="2">
              <param name="S" type="float"/>
              <param name="T" type="float"/>
            </accessor>
          </technique_common>
        </source>
        <vertices id="ID275-mesh-vertices">
          <input semantic="POSITION" source="#ID275-mesh-positions"/>
        </vertices>
        <lines count="24">
          <input semantic="VERTEX" source="#ID275-mesh-vertices" offset="0"/>
          <p>9 8 10 9 10 11 11 8 29 28 28 30 30 31 31 32 32 33 33 9 8 29 38 33 38 10 56 55 11 56 57 38 58 57 59 58 55 59 56 29 55 28 59 30 58 31 57 32</p>
        </lines>
        <triangles material="material-material" count="28">
          <input semantic="VERTEX" source="#ID275-mesh-vertices" offset="0"/>
          <input semantic="NORMAL" source="#ID275-mesh-normals" offset="1"/>
          <input semantic="TEXCOORD" source="#ID275-mesh-map-0" offset="2" set="0"/>
          <p>4 25 84 5 26 85 6 27 86 7 27 87 6 27 88 5 26 89 20 28 90 21 28 91 22 28 92 22 13 93 21 13 94 23 13 95 21 29 96 24 29 97 23 29 98 23 30 99 24 30 100 25 30 101 24 13 102 26 13 103 25 13 104 27 31 105 25 31 106 26 31 107 7 27 108 36 32 109 6 27 110 37 33 111 6 27 112 36 32 113 47 34 114 48 34 115 49 34 116 49 7 117 48 7 118 50 7 119 48 35 120 51 35 121 50 35 122 50 36 123 51 36 124 52 36 125 51 7 126 53 7 127 52 7 128 54 37 129 52 37 130 53 37 131 62 38 132 63 38 133 4 25 134 5 26 135 4 25 136 63 38 137 66 39 138 63 38 139 67 40 140 62 38 141 67 40 142 63 38 143 70 41 144 66 39 145 71 42 146 67 40 147 71 42 148 66 39 149 70 41 150 71 42 151 74 43 152 75 44 153 74 43 154 71 42 155 74 43 156 75 44 157 78 45 158 79 46 159 78 45 160 75 44 161 36 32 162 78 45 163 37 33 164 79 46 165 37 33 166 78 45 167</p>
        </triangles>
        <triangles material="RustBase-material" count="28">
          <input semantic="VERTEX" source="#ID275-mesh-vertices" offset="0"/>
          <input semantic="NORMAL" source="#ID275-mesh-normals" offset="1"/>
          <input semantic="TEXCOORD" source="#ID275-mesh-map-0" offset="2" set="0"/>
          <p>0 0 0 1 1 1 2 1 2 1 1 3 0 0 4 3 2 5 12 3 6 13 3 7 14 3 8 13 4 9 12 4 10 15 4 11 13 5 12 15 5 13 16 5 14 16 6 15 15 6 16 17 6 17 16 7 18 17 7 19 18 7 20 18 8 21 17 8 22 19 8 23 34 9 24 1 1 25 35 10 26 1 1 27 34 9 28 2 1 29 39 11 30 40 11 31 41 11 32 40 12 33 39 12 34 42 12 35 40 13 36 42 13 37 43 13 38 43 14 39 42 14 40 44 14 41 43 13 42 44 13 43 45 13 44 45 15 45 44 15 46 46 15 47 60 16 48 3 2 49 0 0 50 3 2 51 60 16 52 61 16 53 60 16 54 64 17 55 61 16 56 64 17 57 60 16 58 65 18 59 65 18 60 68 19 61 64 17 62 68 19 63 65 18 64 69 20 65 68 19 66 72 21 67 73 22 68 72 21 69 68 19 70 69 20 71 73 22 72 76 23 73 77 24 74 76 23 75 73 22 76 72 21 77 76 23 78 35 10 79 77 24 80 35 10 81 76 23 82 34 9 83</p>
        </triangles>
      </mesh>
    </geometry>
    <geometry id="Cube-mesh" name="Cube">
      <mesh>
        <source id="Cube-mesh-positions">
          <float_array id="Cube-mesh-positions-array" count="24">1 1 1 1 1 -1 1 -1 1 1 -1 -1 -1 1 1 -1 1 -1 -1 -1 1 -1 -1 -1</float_array>
          <technique_common>
            <accessor source="#Cube-mesh-positions-array" count="8" stride="3">
              <param name="X" type="float"/>
              <param name="Y" type="float"/>
              <param name="Z" type="float"/>
            </accessor>
          </technique_common>
        </source>
        <source id="Cube-mesh-normals">
          <float_array id="Cube-mesh-normals-array" count="36">0 0 1 0 -1 0 -1 0 0 0 0 -1 1 0 0 0 1 0 0 0 1 0 -1 0 -1 0 0 0 0 -1 1 0 0 0 1 0</float_array>
          <technique_common>
            <accessor source="#Cube-mesh-normals-array" count="12" stride="3">
              <param name="X" type="float"/>
              <param name="Y" type="float"/>
              <param name="Z" type="float"/>
            </accessor>
          </technique_common>
        </source>
        <source id="Cube-mesh-map-0">
          <float_array id="Cube-mesh-map-0-array" count="72">0.875 0.5 0.625 0.75 0.625 0.5 0.625 0.75 0.375 1 0.375 0.75 0.625 0 0.375 0.25 0.375 0 0.375 0.5 0.125 0.75 0.125 0.5 0.625 0.5 0.375 0.75 0.375 0.5 0.625 0.25 0.375 0.5 0.375 0.25 0.875 0.5 0.875 0.75 0.625 0.75 0.625 0.75 0.625 1 0.375 1 0.625 0 0.625 0.25 0.375 0.25 0.375 0.5 0.375 0.75 0.125 0.75 0.625 0.5 0.625 0.75 0.375 0.75 0.625 0.25 0.625 0.5 0.375 0.5</float_array>
          <technique_common>
            <accessor source="#Cube-mesh-map-0-array" count="36" stride="2">
              <param name="S" type="float"/>
              <param name="T" type="float"/>
            </accessor>
          </technique_common>
        </source>
        <vertices id="Cube-mesh-vertices">
          <input semantic="POSITION" source="#Cube-mesh-positions"/>
        </vertices>
        <triangles material="Material-material" count="12">
          <input semantic="VERTEX" source="#Cube-mesh-vertices" offset="0"/>
          <input semantic="NORMAL" source="#Cube-mesh-normals" offset="1"/>
          <input semantic="TEXCOORD" source="#Cube-mesh-map-0" offset="2" set="0"/>
          <p>4 0 0 2 0 1 0 0 2 2 1 3 7 1 4 3 1 5 6 2 6 5 2 7 7 2 8 1 3 9 7 3 10 5 3 11 0 4 12 3 4 13 1 4 14 4 5 15 1 5 16 5 5 17 4 6 18 6 6 19 2 6 20 2 7 21 6 7 22 7 7 23 6 8 24 4 8 25 5 8 26 1 9 27 3 9 28 7 9 29 0 10 30 2 10 31 3 10 32 4 11 33 0 11 34 1 11 35</p>
        </triangles>
      </mesh>
    </geometry>
  </library_geometries>
  <library_visual_scenes>
    <visual_scene id="Scene" name="Scene">
      <node id="SketchUp" name="SketchUp" type="NODE">
        <matrix sid="transform">1 0 0 0 0 1 0 0 0 0 1 0 0 0 0 1</matrix>
        <node id="instance_18" name="instance_18" type="NODE">
          <matrix sid="transform">1.2 0 0 -19.43307 0 1.2 0 -18.43307 0 0 0.2 -20 0 0 0 1</matrix>
          <node id="Rebar01_001" name="Rebar01.001" type="NODE">
            <matrix sid="transform">0.8333333 0 0 16.68635 0 0.8333333 0 15.85302 0 0 5 109.8425 0 0 0 1</matrix>
            <instance_geometry url="#ID275-mesh" name="Rebar01.001">
              <bind_material>
                <technique_common>
                  <instance_material symbol="material-material" target="#material-material">
                    <bind_vertex_input semantic="ID280" input_semantic="TEXCOORD" input_set="0"/>
                  </instance_material>
                  <instance_material symbol="RustBase-material" target="#RustBase-material">
                    <bind_vertex_input semantic="ID280" input_semantic="TEXCOORD" input_set="0"/>
                  </instance_material>
                  <instance_material symbol="edge_color696969255-material" target="#edge_color696969255-material">
                    <bind_vertex_input semantic="ID280" input_semantic="TEXCOORD" input_set="0"/>
                  </instance_material>
                </technique_common>
              </bind_material>
            </instance_geometry>
          </node>
          <node id="Rebar01_002" name="Rebar01.002" type="NODE">
            <matrix sid="transform">0.8333333 0 0 38.33989 0 0.8333333 0 15.85302 0 0 5 109.8425 0 0 0 1</matrix>
            <instance_geometry url="#ID275-mesh" name="Rebar01.002">
              <bind_material>
                <technique_common>
                  <instance_material symbol="material-material" target="#material-material">
                    <bind_vertex_input semantic="ID280" input_semantic="TEXCOORD" input_set="0"/>
                  </instance_material>
                  <instance_material symbol="RustBase-material" target="#RustBase-material">
                    <bind_vertex_input semantic="ID280" input_semantic="TEXCOORD" input_set="0"/>
                  </instance_material>
                  <instance_material symbol="edge_color696969255-material" target="#edge_color696969255-material">
                    <bind_vertex_input semantic="ID280" input_semantic="TEXCOORD" input_set="0"/>
                  </instance_material>
                </technique_common>
              </bind_material>
            </instance_geometry>
          </node>
          <node id="Rebar01_003" name="Rebar01.003" type="NODE">
            <matrix sid="transform">0.8333333 0 0 38.33989 0 0.8333333 0 37.50656 0 0 5 109.8425 0 0 0 1</matrix>
            <instance_geometry url="#ID275-mesh" name="Rebar01.003">
              <bind_material>
                <technique_common>
                  <instance_material symbol="material-material" target="#material-material">
                    <bind_vertex_input semantic="ID280" input_semantic="TEXCOORD" input_set="0"/>
                  </instance_material>
                  <instance_material symbol="RustBase-material" target="#RustBase-material">
                    <bind_vertex_input semantic="ID280" input_semantic="TEXCOORD" input_set="0"/>
                  </instance_material>
                  <instance_material symbol="edge_color696969255-material" target="#edge_color696969255-material">
                    <bind_vertex_input semantic="ID280" input_semantic="TEXCOORD" input_set="0"/>
                  </instance_material>
                </technique_common>
              </bind_material>
            </instance_geometry>
          </node>
          <node id="Rebar01_004" name="Rebar01.004" type="NODE">
            <matrix sid="transform">0.8333333 0 0 16.68635 0 0.8333333 0 37.50656 0 0 5 109.8425 0 0 0 1</matrix>
            <instance_geometry url="#ID275-mesh" name="Rebar01.004">
              <bind_material>
                <technique_common>
                  <instance_material symbol="material-material" target="#material-material">
                    <bind_vertex_input semantic="ID280" input_semantic="TEXCOORD" input_set="0"/>
                  </instance_material>
                  <instance_material symbol="RustBase-material" target="#RustBase-material">
                    <bind_vertex_input semantic="ID280" input_semantic="TEXCOORD" input_set="0"/>
                  </instance_material>
                  <instance_material symbol="edge_color696969255-material" target="#edge_color696969255-material">
                    <bind_vertex_input semantic="ID280" input_semantic="TEXCOORD" input_set="0"/>
                  </instance_material>
                </technique_common>
              </bind_material>
            </instance_geometry>
          </node>
          <node id="Rebar01_005" name="Rebar01.005" type="NODE">
            <matrix sid="transform">0.8333333 0 0 38.33989 0 0.8333333 0 26.67979 0 0 5 109.8425 0 0 0 1</matrix>
            <instance_geometry url="#ID275-mesh" name="Rebar01.005">
              <bind_material>
                <technique_common>
                  <instance_material symbol="material-material" target="#material-material">
                    <bind_vertex_input semantic="ID280" input_semantic="TEXCOORD" input_set="0"/>
                  </instance_material>
                  <instance_material symbol="RustBase-material" target="#RustBase-material">
                    <bind_vertex_input semantic="ID280" input_semantic="TEXCOORD" input_set="0"/>
                  </instance_material>
                  <instance_material symbol="edge_color696969255-material" target="#edge_color696969255-material">
                    <bind_vertex_input semantic="ID280" input_semantic="TEXCOORD" input_set="0"/>
                  </instance_material>
                </technique_common>
              </bind_material>
            </instance_geometry>
          </node>
          <node id="Rebar01_006" name="Rebar01.006" type="NODE">
            <matrix sid="transform">0.8333333 0 0 16.68635 0 0.8333333 0 26.67979 0 0 5 109.8425 0 0 0 1</matrix>
            <instance_geometry url="#ID275-mesh" name="Rebar01.006">
              <bind_material>
                <technique_common>
                  <instance_material symbol="material-material" target="#material-material">
                    <bind_vertex_input semantic="ID280" input_semantic="TEXCOORD" input_set="0"/>
                  </instance_material>
                  <instance_material symbol="RustBase-material" target="#RustBase-material">
                    <bind_vertex_input semantic="ID280" input_semantic="TEXCOORD" input_set="0"/>
                  </instance_material>
                  <instance_material symbol="edge_color696969255-material" target="#edge_color696969255-material">
                    <bind_vertex_input semantic="ID280" input_semantic="TEXCOORD" input_set="0"/>
                  </instance_material>
                </technique_common>
              </bind_material>
            </instance_geometry>
          </node>
          <node id="Rebar01_007" name="Rebar01.007" type="NODE">
            <matrix sid="transform">0.8333333 0 0 27.51312 0 0.8333333 0 15.85302 0 0 5 109.8425 0 0 0 1</matrix>
            <instance_geometry url="#ID275-mesh" name="Rebar01.007">
              <bind_material>
                <technique_common>
                  <instance_material symbol="material-material" target="#material-material">
                    <bind_vertex_input semantic="ID280" input_semantic="TEXCOORD" input_set="0"/>
                  </instance_material>
                  <instance_material symbol="RustBase-material" target="#RustBase-material">
                    <bind_vertex_input semantic="ID280" input_semantic="TEXCOORD" input_set="0"/>
                  </instance_material>
                  <instance_material symbol="edge_color696969255-material" target="#edge_color696969255-material">
                    <bind_vertex_input semantic="ID280" input_semantic="TEXCOORD" input_set="0"/>
                  </instance_material>
                </technique_common>
              </bind_material>
            </instance_geometry>
          </node>
          <node id="Rebar01_008" name="Rebar01.008" type="NODE">
            <matrix sid="transform">0.8333333 0 0 27.51312 0 0.8333333 0 37.50656 0 0 5 109.8425 0 0 0 1</matrix>
            <instance_geometry url="#ID275-mesh" name="Rebar01.008">
              <bind_material>
                <technique_common>
                  <instance_material symbol="material-material" target="#material-material">
                    <bind_vertex_input semantic="ID280" input_semantic="TEXCOORD" input_set="0"/>
                  </instance_material>
                  <instance_material symbol="RustBase-material" target="#RustBase-material">
                    <bind_vertex_input semantic="ID280" input_semantic="TEXCOORD" input_set="0"/>
                  </instance_material>
                  <instance_material symbol="edge_color696969255-material" target="#edge_color696969255-material">
                    <bind_vertex_input semantic="ID280" input_semantic="TEXCOORD" input_set="0"/>
                  </instance_material>
                </technique_common>
              </bind_material>
            </instance_geometry>
          </node>
        </node>
        <node id="instance_36" name="instance_36" type="NODE">
          <matrix sid="transform">1.2 0 0 -19.81102 0 1.2 0 -18.81102 0 0 0.2 -20 0 0 0 1</matrix>
          <instance_geometry url="#ID492-mesh" name="instance_36">
            <bind_material>
              <technique_common>
                <instance_material symbol="material-material" target="#material-material">
                  <bind_vertex_input semantic="ID497" input_semantic="TEXCOORD" input_set="0"/>
                </instance_material>
                <instance_material symbol="ConcBase-material" target="#ConcBase-material">
                  <bind_vertex_input semantic="ID497" input_semantic="TEXCOORD" input_set="0"/>
                </instance_material>
                <instance_material symbol="edge_color696969255-material" target="#edge_color696969255-material">
                  <bind_vertex_input semantic="ID497" input_semantic="TEXCOORD" input_set="0"/>
                </instance_material>
              </technique_common>
            </bind_material>
          </instance_geometry>
        </node>
        <node id="instance_36_001" name="instance_36.001" type="NODE">
          <matrix sid="transform">1.2 0 0 -19.81102 0 1.2 0 -18.81102 0 0 0.2 -20 0 0 0 1</matrix>
          <instance_geometry url="#ID502-mesh" name="instance_36.001">
            <bind_material>
              <technique_common>
                <instance_material symbol="ConcAggr-material" target="#ConcAggr-material">
                  <bind_vertex_input semantic="ID507" input_semantic="TEXCOORD" input_set="0"/>
                </instance_material>
                <instance_material symbol="material-material" target="#material-material">
                  <bind_vertex_input semantic="ID507" input_semantic="TEXCOORD" input_set="0"/>
                </instance_material>
                <instance_material symbol="edge_color696969255-material" target="#edge_color696969255-material">
                  <bind_vertex_input semantic="ID507" input_semantic="TEXCOORD" input_set="0"/>
                </instance_material>
              </technique_common>
            </bind_material>
          </instance_geometry>
        </node>
        <node id="instance_36_002" name="instance_36.002" type="NODE">
          <matrix sid="transform">1.2 0 0 -19.81102 0 1.2 0 -18.81102 0 0 0.2 -20 0 0 0 1</matrix>
          <instance_geometry url="#ID512-mesh" name="instance_36.002">
            <bind_material>
              <technique_common>
                <instance_material symbol="ConcAggr-material" target="#ConcAggr-material">
                  <bind_vertex_input semantic="ID517" input_semantic="TEXCOORD" input_set="0"/>
                </instance_material>
                <instance_material symbol="material-material" target="#material-material">
                  <bind_vertex_input semantic="ID517" input_semantic="TEXCOORD" input_set="0"/>
                </instance_material>
                <instance_material symbol="edge_color696969255-material" target="#edge_color696969255-material">
                  <bind_vertex_input semantic="ID517" input_semantic="TEXCOORD" input_set="0"/>
                </instance_material>
              </technique_common>
            </bind_material>
          </instance_geometry>
        </node>
        <node id="instance_36_003" name="instance_36.003" type="NODE">
          <matrix sid="transform">1.2 0 0 -19.81102 0 1.2 0 -18.81102 0 0 0.2 -20 0 0 0 1</matrix>
          <instance_geometry url="#ID522-mesh" name="instance_36.003">
            <bind_material>
              <technique_common>
                <instance_material symbol="ConcAggr-material" target="#ConcAggr-material">
                  <bind_vertex_input semantic="ID527" input_semantic="TEXCOORD" input_set="0"/>
                </instance_material>
                <instance_material symbol="material-material" target="#material-material">
                  <bind_vertex_input semantic="ID527" input_semantic="TEXCOORD" input_set="0"/>
                </instance_material>
                <instance_material symbol="edge_color696969255-material" target="#edge_color696969255-material">
                  <bind_vertex_input semantic="ID527" input_semantic="TEXCOORD" input_set="0"/>
                </instance_material>
              </technique_common>
            </bind_material>
          </instance_geometry>
        </node>
        <node id="instance_36_004" name="instance_36.004" type="NODE">
          <matrix sid="transform">1.2 0 0 -19.81102 0 1.2 0 -18.81102 0 0 0.2 -20 0 0 0 1</matrix>
          <instance_geometry url="#ID532-mesh" name="instance_36.004">
            <bind_material>
              <technique_common>
                <instance_material symbol="ConcAggr-material" target="#ConcAggr-material">
                  <bind_vertex_input semantic="ID537" input_semantic="TEXCOORD" input_set="0"/>
                </instance_material>
                <instance_material symbol="material-material" target="#material-material">
                  <bind_vertex_input semantic="ID537" input_semantic="TEXCOORD" input_set="0"/>
                </instance_material>
                <instance_material symbol="edge_color696969255-material" target="#edge_color696969255-material">
                  <bind_vertex_input semantic="ID537" input_semantic="TEXCOORD" input_set="0"/>
                </instance_material>
              </technique_common>
            </bind_material>
          </instance_geometry>
        </node>
        <node id="instance_36_005" name="instance_36.005" type="NODE">
          <matrix sid="transform">1.2 0 0 -19.81102 0 1.2 0 -18.81102 0 0 0.2 -20 0 0 0 1</matrix>
          <instance_geometry url="#ID542-mesh" name="instance_36.005">
            <bind_material>
              <technique_common>
                <instance_material symbol="ConcAggr-material" target="#ConcAggr-material">
                  <bind_vertex_input semantic="ID547" input_semantic="TEXCOORD" input_set="0"/>
                </instance_material>
                <instance_material symbol="material-material" target="#material-material">
                  <bind_vertex_input semantic="ID547" input_semantic="TEXCOORD" input_set="0"/>
                </instance_material>
                <instance_material symbol="edge_color696969255-material" target="#edge_color696969255-material">
                  <bind_vertex_input semantic="ID547" input_semantic="TEXCOORD" input_set="0"/>
                </instance_material>
              </technique_common>
            </bind_material>
          </instance_geometry>
        </node>
        <node id="instance_36_006" name="instance_36.006" type="NODE">
          <matrix sid="transform">1.2 0 0 -19.81102 0 1.2 0 -18.81102 0 0 0.2 -20 0 0 0 1</matrix>
          <instance_geometry url="#ID552-mesh" name="instance_36.006">
            <bind_material>
              <technique_common>
                <instance_material symbol="ConcAggr-material" target="#ConcAggr-material">
                  <bind_vertex_input semantic="ID557" input_semantic="TEXCOORD" input_set="0"/>
                </instance_material>
                <instance_material symbol="material-material" target="#material-material">
                  <bind_vertex_input semantic="ID557" input_semantic="TEXCOORD" input_set="0"/>
                </instance_material>
                <instance_material symbol="edge_color696969255-material" target="#edge_color696969255-material">
                  <bind_vertex_input semantic="ID557" input_semantic="TEXCOORD" input_set="0"/>
                </instance_material>
              </technique_common>
            </bind_material>
          </instance_geometry>
        </node>
        <node id="instance_36_007" name="instance_36.007" type="NODE">
          <matrix sid="transform">1.2 0 0 -19.81102 0 1.2 0 -18.81102 0 0 0.2 -20 0 0 0 1</matrix>
          <instance_geometry url="#ID562-mesh" name="instance_36.007">
            <bind_material>
              <technique_common>
                <instance_material symbol="ConcAggr-material" target="#ConcAggr-material">
                  <bind_vertex_input semantic="ID567" input_semantic="TEXCOORD" input_set="0"/>
                </instance_material>
                <instance_material symbol="material-material" target="#material-material">
                  <bind_vertex_input semantic="ID567" input_semantic="TEXCOORD" input_set="0"/>
                </instance_material>
                <instance_material symbol="edge_color696969255-material" target="#edge_color696969255-material">
                  <bind_vertex_input semantic="ID567" input_semantic="TEXCOORD" input_set="0"/>
                </instance_material>
              </technique_common>
            </bind_material>
          </instance_geometry>
        </node>
        <node id="instance_36_008" name="instance_36.008" type="NODE">
          <matrix sid="transform">1.2 0 0 -19.81102 0 1.2 0 -18.81102 0 0 0.2 -20 0 0 0 1</matrix>
          <instance_geometry url="#ID572-mesh" name="instance_36.008">
            <bind_material>
              <technique_common>
                <instance_material symbol="ConcAggr-material" target="#ConcAggr-material">
                  <bind_vertex_input semantic="ID577" input_semantic="TEXCOORD" input_set="0"/>
                </instance_material>
                <instance_material symbol="material-material" target="#material-material">
                  <bind_vertex_input semantic="ID577" input_semantic="TEXCOORD" input_set="0"/>
                </instance_material>
                <instance_material symbol="edge_color696969255-material" target="#edge_color696969255-material">
                  <bind_vertex_input semantic="ID577" input_semantic="TEXCOORD" input_set="0"/>
                </instance_material>
              </technique_common>
            </bind_material>
          </instance_geometry>
        </node>
      </node>
      <node id="Camera" name="Camera" type="NODE">
        <matrix sid="transform">0.6859207 -0.3240135 0.6515582 7.358891 0.7276763 0.3054208 -0.6141704 -6.925791 0 0.8953956 0.4452714 4.958309 0 0 0 1</matrix>
        <instance_camera url="#Camera-camera"/>
      </node>
      <node id="Light" name="Light" type="NODE">
        <matrix sid="transform">-0.2908646 -0.7711008 0.5663932 4.076245 0.9551712 -0.1998834 0.2183912 1.005454 -0.05518906 0.6045247 0.7946723 5.903862 0 0 0 1</matrix>
        <instance_light url="#Light-light"/>
      </node>
      <node id="Cube" name="Cube" type="NODE">
        <matrix sid="transform">1 0 0 0 0 1 0 0 0 0 1 0 0 0 0 1</matrix>
        <instance_geometry url="#Cube-mesh" name="Cube">
          <bind_material>
            <technique_common>
              <instance_material symbol="Material-material" target="#Material-material">
                <bind_vertex_input semantic="UVMap" input_semantic="TEXCOORD" input_set="0"/>
              </instance_material>
            </technique_common>
          </bind_material>
        </instance_geometry>
      </node>
    </visual_scene>
  </library_visual_scenes>
  <scene>
    <instance_visual_scene url="#Scene"/>
  </scene>
</COLLADA>