<?xml version="1.0" encoding="UTF-8" standalone="no" ?>
<COLLADA xmlns="http://www.collada.org/2005/11/COLLADASchema" version="1.4.1">
    <asset>
        <contributor>
            <authoring_tool>SketchUp 17.0.1</authoring_tool>
        </contributor>
        <created>2017-12-30T18:10:59Z</created>
        <modified>2017-12-30T18:10:59Z</modified>
        <unit meter="0.0254" name="inch" />
        <up_axis>Z_UP</up_axis>
    </asset>
    <library_cameras>
        <camera id="ID1" name="skp_camera_Last_Saved_SketchUp_View">
            <optics>
                <technique_common>
                    <perspective>
                        <yfov>7</yfov>
                        <aspect_ratio>0</aspect_ratio>
                        <znear>1</znear>
                        <zfar>1000</zfar>
                    </perspective>
                </technique_common>
            </optics>
        </camera>
    </library_cameras>
    <library_visual_scenes>
        <visual_scene id="ID2">
            <node name="SketchUp">
                <node name="skp_camera_Last_Saved_SketchUp_View">
                    <matrix>-0.0740557 -0.4836754 0.8721089 113.811 0.9972541 -0.03591754 0.06476247 18.76117 0 0.8745102 0.4850071 55.58648 0 0 0 1</matrix>
                    <instance_camera url="#ID1" />
                </node>
                <node id="ID3" name="group_0">
                    <matrix>0.0007010749 0.9999998 5.426741e-18 -0.01010562 -0.9999998 0.0007010749 7.047356e-18 20.32348 7.04355e-18 -5.43168e-18 1 -0.7874016 0 0 0 1</matrix>
                    <instance_geometry url="#ID4">
                        <bind_material>
                            <technique_common>
                                <instance_material symbol="Material2" target="#ID5">
                                    <bind_vertex_input semantic="UVSET0" input_semantic="TEXCOORD" input_set="0" />
                                </instance_material>
                            </technique_common>
                        </bind_material>
                    </instance_geometry>
                    <instance_geometry url="#ID17">
                        <bind_material>
                            <technique_common>
                                <instance_material symbol="Material2" target="#ID18">
                                    <bind_vertex_input semantic="UVSET0" input_semantic="TEXCOORD" input_set="0" />
                                </instance_material>
                            </technique_common>
                        </bind_material>
                    </instance_geometry>
                    <instance_geometry url="#ID25">
                        <bind_material>
                            <technique_common>
                                <instance_material symbol="Material2" target="#ID18">
                                    <bind_vertex_input semantic="UVSET0" input_semantic="TEXCOORD" input_set="0" />
                                </instance_material>
                            </technique_common>
                        </bind_material>
                    </instance_geometry>
                    <instance_geometry url="#ID31">
                        <bind_material>
                            <technique_common>
                                <instance_material symbol="Material2" target="#ID18">
                                    <bind_vertex_input semantic="UVSET0" input_semantic="TEXCOORD" input_set="0" />
                                </instance_material>
                            </technique_common>
                        </bind_material>
                    </instance_geometry>
                    <instance_geometry url="#ID37">
                        <bind_material>
                            <technique_common>
                                <instance_material symbol="Material2" target="#ID5">
                                    <bind_vertex_input semantic="UVSET0" input_semantic="TEXCOORD" input_set="0" />
                                </instance_material>
                            </technique_common>
                        </bind_material>
                    </instance_geometry>
                    <instance_geometry url="#ID45">
                        <bind_material>
                            <technique_common>
                                <instance_material symbol="Material2" target="#ID5">
                                    <bind_vertex_input semantic="UVSET0" input_semantic="TEXCOORD" input_set="0" />
                                </instance_material>
                            </technique_common>
                        </bind_material>
                    </instance_geometry>
                    <instance_geometry url="#ID53">
                        <bind_material>
                            <technique_common>
                                <instance_material symbol="Material2" target="#ID18">
                                    <bind_vertex_input semantic="UVSET0" input_semantic="TEXCOORD" input_set="0" />
                                </instance_material>
                            </technique_common>
                        </bind_material>
                    </instance_geometry>
                    <instance_geometry url="#ID59">
                        <bind_material>
                            <technique_common>
                                <instance_material symbol="Material2" target="#ID18">
                                    <bind_vertex_input semantic="UVSET0" input_semantic="TEXCOORD" input_set="0" />
                                </instance_material>
                            </technique_common>
                        </bind_material>
                    </instance_geometry>
                    <instance_geometry url="#ID65">
                        <bind_material>
                            <technique_common>
                                <instance_material symbol="Material2" target="#ID18">
                                    <bind_vertex_input semantic="UVSET0" input_semantic="TEXCOORD" input_set="0" />
                                </instance_material>
                            </technique_common>
                        </bind_material>
                    </instance_geometry>
                    <instance_geometry url="#ID71">
                        <bind_material>
                            <technique_common>
                                <instance_material symbol="Material2" target="#ID5">
                                    <bind_vertex_input semantic="UVSET0" input_semantic="TEXCOORD" input_set="0" />
                                </instance_material>
                            </technique_common>
                        </bind_material>
                    </instance_geometry>
                    <instance_geometry url="#ID79">
                        <bind_material>
                            <technique_common>
                                <instance_material symbol="Material2" target="#ID18">
                                    <bind_vertex_input semantic="UVSET0" input_semantic="TEXCOORD" input_set="0" />
                                </instance_material>
                            </technique_common>
                        </bind_material>
                    </instance_geometry>
                    <instance_geometry url="#ID85">
                        <bind_material>
                            <technique_common>
                                <instance_material symbol="Material2" target="#ID5">
                                    <bind_vertex_input semantic="UVSET0" input_semantic="TEXCOORD" input_set="0" />
                                </instance_material>
                            </technique_common>
                        </bind_material>
                    </instance_geometry>
                    <instance_geometry url="#ID93">
                        <bind_material>
                            <technique_common>
                                <instance_material symbol="Material2" target="#ID5">
                                    <bind_vertex_input semantic="UVSET0" input_semantic="TEXCOORD" input_set="0" />
                                </instance_material>
                            </technique_common>
                        </bind_material>
                    </instance_geometry>
                    <instance_geometry url="#ID101">
                        <bind_material>
                            <technique_common>
                                <instance_material symbol="Material2" target="#ID18">
                                    <bind_vertex_input semantic="UVSET0" input_semantic="TEXCOORD" input_set="0" />
                                </instance_material>
                            </technique_common>
                        </bind_material>
                    </instance_geometry>
                    <instance_geometry url="#ID107">
                        <bind_material>
                            <technique_common>
                                <instance_material symbol="Material2" target="#ID18">
                                    <bind_vertex_input semantic="UVSET0" input_semantic="TEXCOORD" input_set="0" />
                                </instance_material>
                                <instance_material symbol="Material3" target="#ID111">
                                    <bind_vertex_input semantic="UVSET0" input_semantic="TEXCOORD" input_set="0" />
                                </instance_material>
                            </technique_common>
                        </bind_material>
                    </instance_geometry>
                    <instance_geometry url="#ID115">
                        <bind_material>
                            <technique_common>
                                <instance_material symbol="Material2" target="#ID18">
                                    <bind_vertex_input semantic="UVSET0" input_semantic="TEXCOORD" input_set="0" />
                                </instance_material>
                            </technique_common>
                        </bind_material>
                    </instance_geometry>
                    <instance_geometry url="#ID121">
                        <bind_material>
                            <technique_common>
                                <instance_material symbol="Material2" target="#ID18">
                                    <bind_vertex_input semantic="UVSET0" input_semantic="TEXCOORD" input_set="0" />
                                </instance_material>
                            </technique_common>
                        </bind_material>
                    </instance_geometry>
                    <instance_geometry url="#ID127">
                        <bind_material>
                            <technique_common>
                                <instance_material symbol="Material2" target="#ID5">
                                    <bind_vertex_input semantic="UVSET0" input_semantic="TEXCOORD" input_set="0" />
                                </instance_material>
                            </technique_common>
                        </bind_material>
                    </instance_geometry>
                    <instance_geometry url="#ID135">
                        <bind_material>
                            <technique_common>
                                <instance_material symbol="Material2" target="#ID18">
                                    <bind_vertex_input semantic="UVSET0" input_semantic="TEXCOORD" input_set="0" />
                                </instance_material>
                                <instance_material symbol="Material3" target="#ID111">
                                    <bind_vertex_input semantic="UVSET0" input_semantic="TEXCOORD" input_set="0" />
                                </instance_material>
                            </technique_common>
                        </bind_material>
                    </instance_geometry>
                    <instance_geometry url="#ID141">
                        <bind_material>
                            <technique_common>
                                <instance_material symbol="Material2" target="#ID18">
                                    <bind_vertex_input semantic="UVSET0" input_semantic="TEXCOORD" input_set="0" />
                                </instance_material>
                            </technique_common>
                        </bind_material>
                    </instance_geometry>
                    <instance_geometry url="#ID147">
                        <bind_material>
                            <technique_common>
                                <instance_material symbol="Material2" target="#ID18">
                                    <bind_vertex_input semantic="UVSET0" input_semantic="TEXCOORD" input_set="0" />
                                </instance_material>
                                <instance_material symbol="Material3" target="#ID151">
                                    <bind_vertex_input semantic="UVSET0" input_semantic="TEXCOORD" input_set="0" />
                                </instance_material>
                            </technique_common>
                        </bind_material>
                    </instance_geometry>
                    <instance_geometry url="#ID155">
                        <bind_material>
                            <technique_common>
                                <instance_material symbol="Material2" target="#ID18">
                                    <bind_vertex_input semantic="UVSET0" input_semantic="TEXCOORD" input_set="0" />
                                </instance_material>
                            </technique_common>
                        </bind_material>
                    </instance_geometry>
                    <instance_geometry url="#ID161">
                        <bind_material>
                            <technique_common>
                                <instance_material symbol="Material2" target="#ID5">
                                    <bind_vertex_input semantic="UVSET0" input_semantic="TEXCOORD" input_set="0" />
                                </instance_material>
                            </technique_common>
                        </bind_material>
                    </instance_geometry>
                    <instance_geometry url="#ID169">
                        <bind_material>
                            <technique_common>
                                <instance_material symbol="Material2" target="#ID18">
                                    <bind_vertex_input semantic="UVSET0" input_semantic="TEXCOORD" input_set="0" />
                                </instance_material>
                            </technique_common>
                        </bind_material>
                    </instance_geometry>
                    <instance_geometry url="#ID175">
                        <bind_material>
                            <technique_common>
                                <instance_material symbol="Material2" target="#ID18">
                                    <bind_vertex_input semantic="UVSET0" input_semantic="TEXCOORD" input_set="0" />
                                </instance_material>
                            </technique_common>
                        </bind_material>
                    </instance_geometry>
                    <instance_geometry url="#ID181">
                        <bind_material>
                            <technique_common>
                                <instance_material symbol="Material2" target="#ID18">
                                    <bind_vertex_input semantic="UVSET0" input_semantic="TEXCOORD" input_set="0" />
                                </instance_material>
                                <instance_material symbol="Material3" target="#ID185">
                                    <bind_vertex_input semantic="UVSET0" input_semantic="TEXCOORD" input_set="0" />
                                </instance_material>
                            </technique_common>
                        </bind_material>
                    </instance_geometry>
                    <instance_geometry url="#ID189">
                        <bind_material>
                            <technique_common>
                                <instance_material symbol="Material2" target="#ID190">
                                    <bind_vertex_input semantic="UVSET0" input_semantic="TEXCOORD" input_set="0" />
                                </instance_material>
                            </technique_common>
                        </bind_material>
                    </instance_geometry>
                    <instance_geometry url="#ID195">
                        <bind_material>
                            <technique_common>
                                <instance_material symbol="Material2" target="#ID190">
                                    <bind_vertex_input semantic="UVSET0" input_semantic="TEXCOORD" input_set="0" />
                                </instance_material>
                            </technique_common>
                        </bind_material>
                    </instance_geometry>
                    <instance_geometry url="#ID199">
                        <bind_material>
                            <technique_common>
                                <instance_material symbol="Material2" target="#ID190">
                                    <bind_vertex_input semantic="UVSET0" input_semantic="TEXCOORD" input_set="0" />
                                </instance_material>
                            </technique_common>
                        </bind_material>
                    </instance_geometry>
                    <instance_geometry url="#ID203">
                        <bind_material>
                            <technique_common>
                                <instance_material symbol="Material2" target="#ID190">
                                    <bind_vertex_input semantic="UVSET0" input_semantic="TEXCOORD" input_set="0" />
                                </instance_material>
                            </technique_common>
                        </bind_material>
                    </instance_geometry>
                    <instance_geometry url="#ID207">
                        <bind_material>
                            <technique_common>
                                <instance_material symbol="Material2" target="#ID190">
                                    <bind_vertex_input semantic="UVSET0" input_semantic="TEXCOORD" input_set="0" />
                                </instance_material>
                            </technique_common>
                        </bind_material>
                    </instance_geometry>
                </node>
            </node>
        </visual_scene>
    </library_visual_scenes>
    <library_geometries>
        <geometry id="ID4">
            <mesh>
                <source id="ID10">
                    <float_array id="ID14" count="144">14.85702 6.63263 1.456693 14.89024 6.367806 1.299213 14.89024 6.367806 1.456693 14.85702 6.63263 1.299213 14.85739 7.165965 1.456693 14.84604 6.899305 1.456693 14.89098 7.430743 1.456693 14.94548 6.106683 1.456693 14.94659 7.691787 1.456693 15.02234 5.851091 1.456693 15.02381 7.947272 1.456693 15.1203 5.602816 1.456693 15.12212 8.195409 1.456693 15.23866 5.363597 1.456693 15.24082 8.434462 1.456693 15.35736 5.60265 1.456693 15.35918 8.195242 1.456693 15.45567 5.850787 1.456693 15.45714 7.946968 1.456693 15.53289 6.106272 1.456693 15.53401 7.691375 1.456693 15.5885 6.367316 1.456693 15.58924 7.430253 1.456693 15.62209 6.632094 1.456693 15.62247 7.165428 1.456693 15.63344 6.898753 1.456693 14.84604 6.899305 1.299213 14.85739 7.165965 1.299213 14.89098 7.430743 1.299213 14.94548 6.106683 1.299213 14.94659 7.691787 1.299213 15.02234 5.851091 1.299213 15.02381 7.947272 1.299213 15.1203 5.602816 1.299213 15.12212 8.195409 1.299213 15.23866 5.363597 1.299213 15.24082 8.434462 1.299213 15.35736 5.60265 1.299213 15.35918 8.195242 1.299213 15.45567 5.850787 1.299213 15.45714 7.946968 1.299213 15.53289 6.106272 1.299213 15.53401 7.691375 1.299213 15.5885 6.367316 1.299213 15.58924 7.430253 1.299213 15.62209 6.632094 1.299213 15.62247 7.165428 1.299213 15.63344 6.898753 1.299213</float_array>
                    <technique_common>
                        <accessor count="48" source="#ID14" stride="3">
                            <param name="X" type="float" />
                            <param name="Y" type="float" />
                            <param name="Z" type="float" />
                        </accessor>
                    </technique_common>
                </source>
                <source id="ID11">
                    <float_array id="ID15" count="144">-0.7138155 -0.05935902 0.6978137 -0.7063579 -0.1188049 -0.6978137 -0.7063579 -0.1188049 0.6978137 -0.7138155 -0.05935902 -0.6978137 -0.7137315 0.06035984 0.6978137 -0.7162791 0.0005021654 0.6978137 -0.7061906 0.1197952 0.6978137 -0.6939584 -0.1774196 0.6978137 -0.693709 0.1783925 0.6978137 -0.6767039 -0.2347931 0.6978137 -0.6763741 0.2357417 0.6978137 -0.6547151 -0.2905239 0.6978137 -0.6543071 0.2914416 0.6978137 -0.0005852163 -0.8347413 0.550642 0.0005852163 0.8347413 0.550642 0.6543071 -0.2914416 0.6978137 0.6547151 0.2905239 0.6978137 0.6763741 -0.2357417 0.6978137 0.6767039 0.2347931 0.6978137 0.693709 -0.1783925 0.6978137 0.6939584 0.1774196 0.6978137 0.7061906 -0.1197952 0.6978137 0.7063579 0.1188049 0.6978137 0.7137315 -0.06035984 0.6978137 0.7138155 0.05935902 0.6978137 0.7162791 -0.0005021654 0.6978137 -0.7162791 0.0005021654 -0.6978137 -0.7137315 0.06035984 -0.6978137 -0.7061906 0.1197952 -0.6978137 -0.6939584 -0.1774196 -0.6978137 -0.693709 0.1783925 -0.6978137 -0.6767039 -0.2347931 -0.6978137 -0.6763741 0.2357417 -0.6978137 -0.6547151 -0.2905239 -0.6978137 -0.6543071 0.2914416 -0.6978137 -0.0005852163 -0.8347413 -0.550642 0.0005852163 0.8347413 -0.550642 0.6543071 -0.2914416 -0.6978137 0.6547151 0.2905239 -0.6978137 0.6763741 -0.2357417 -0.6978137 0.6767039 0.2347931 -0.6978137 0.693709 -0.1783925 -0.6978137 0.6939584 0.1774196 -0.6978137 0.7061906 -0.1197952 -0.6978137 0.7063579 0.1188049 -0.6978137 0.7137315 -0.06035984 -0.6978137 0.7138155 0.05935902 -0.6978137 0.7162791 -0.0005021654 -0.6978137</float_array>
                    <technique_common>
                        <accessor count="48" source="#ID15" stride="3">
                            <param name="X" type="float" />
                            <param name="Y" type="float" />
                            <param name="Z" type="float" />
                        </accessor>
                    </technique_common>
                </source>
                <source id="ID13">
                    <float_array id="ID16" count="288">-1.001542 0.3083333 -0.9450482 0.275 -0.9450482 0.3083333 -1.001542 0.275 3.144735 1.403907 3.144814 1.516796 3.142412 1.460353 3.151767 1.347852 3.151925 1.572841 3.163459 1.292581 3.163694 1.628095 3.179729 1.238481 3.18004 1.682172 3.200464 1.185929 3.200848 1.734695 3.225517 1.135295 3.225973 1.785294 3.250642 1.185894 3.251027 1.73466 3.27145 1.238417 3.271761 1.682108 3.287796 1.292494 3.288031 1.628008 3.299565 1.347749 3.299723 1.572737 3.306676 1.403793 3.306755 1.516682 3.309078 1.460236 -1.329898 0.3083333 -1.273404 0.275 -1.273404 0.3083333 -1.329898 0.275 -3.144814 1.516796 -3.144735 1.403907 -3.142412 1.460353 -3.151767 1.347852 -3.151925 1.572841 -3.163459 1.292581 -3.163694 1.628095 -3.179729 1.238481 -3.18004 1.682172 -3.200464 1.185929 -3.200848 1.734695 -3.225517 1.135295 -3.225973 1.785294 -3.250642 1.185894 -3.251027 1.73466 -3.27145 1.238417 -3.271761 1.682108 -3.287796 1.292494 -3.288031 1.628008 -3.299565 1.347749 -3.299723 1.572737 -3.306676 1.403793 -3.306755 1.516682 -3.309078 1.460236 -0.6663767 0.3083333 -0.6098827 0.275 -0.6098827 0.3083333 -0.6663767 0.275 0.1695031 0.275 0.1130092 0.3083333 0.1130092 0.275 0.1695031 0.3083333 -3.033712 0.3083333 -2.977218 0.275 -2.977218 0.3083333 -3.033712 0.275 -2.791689 0.3083333 -2.735195 0.275 -2.735195 0.3083333 -2.791689 0.275 -2.530333 0.3083333 -2.473839 0.275 -2.473839 0.3083333 -2.530333 0.275 -2.251472 0.3083333 -2.194978 0.275 -2.194978 0.3083333 -2.251472 0.275 -1.957057 0.3083333 -1.900563 0.275 -1.900563 0.3083333 -1.957057 0.275 -1.649148 0.3083333 -1.592654 0.275 -1.592654 0.3083333 -1.649148 0.275 -0.3267468 0.3083333 -0.2702528 0.275 -0.2702528 0.3083333 -0.3267468 0.275 0.01497153 0.3083333 0.07146552 0.275 0.07146552 0.3083333 0.01497153 0.275 0.3563875 0.3083333 0.4128815 0.275 0.4128815 0.3083333 0.3563875 0.275 2.507821 0.275 2.451327 0.3083333 2.451327 0.275 2.507821 0.3083333 2.356305 0.275 2.299811 0.3083333 2.299811 0.275 2.356305 0.3083333 2.188501 0.275 2.132007 0.3083333 2.132007 0.275 2.188501 0.3083333 2.005584 0.275 1.94909 0.3083333 1.94909 0.275 2.005584 0.3083333 1.808833 0.275 1.752339 0.3083333 1.752339 0.275 1.808833 0.3083333 1.599624 0.275 1.54313 0.3083333 1.54313 0.275 1.599624 0.3083333 1.379422 0.275 1.322928 0.3083333 1.322928 0.275 1.379422 0.3083333 1.149767 0.275 1.093273 0.3083333 1.093273 0.275 1.149767 0.3083333 0.9122654 0.275 0.8557714 0.3083333 0.8557714 0.275 0.9122654 0.3083333 0.6685791 0.275 0.6120851 0.3083333 0.6120851 0.275 0.6685791 0.3083333 0.4204129 0.275 0.363919 0.3083333 0.363919 0.275 0.4204129 0.3083333</float_array>
                    <technique_common>
                        <accessor count="144" source="#ID16" stride="2">
                            <param name="S" type="float" />
                            <param name="T" type="float" />
                        </accessor>
                    </technique_common>
                </source>
                <vertices id="ID12">
                    <input semantic="POSITION" source="#ID10" />
                    <input semantic="NORMAL" source="#ID11" />
                </vertices>
                <triangles count="92" material="Material2">
                    <input offset="0" semantic="VERTEX" source="#ID12" />
                    <input offset="1" semantic="TEXCOORD" source="#ID13" />
                    <p>0 0 1 1 2 2 1 1 0 0 3 3 0 4 4 5 5 6 4 5 0 4 2 7 4 5 2 7 6 8 6 8 2 7 7 9 6 8 7 9 8 10 8 10 7 9 9 11 8 10 9 11 10 12 10 12 9 11 11 13 10 12 11 13 12 14 12 14 11 13 13 15 12 14 13 15 14 16 14 16 13 15 15 17 14 16 15 17 16 18 16 18 15 17 17 19 16 18 17 19 18 20 18 20 17 19 19 21 18 20 19 21 20 22 20 22 19 21 21 23 20 22 21 23 22 24 22 24 21 23 23 25 22 24 23 25 24 26 24 26 23 25 25 27 5 28 3 29 0 30 3 29 5 28 26 31 27 32 3 33 26 34 3 33 27 32 1 35 1 35 27 32 28 36 1 35 28 36 29 37 29 37 28 36 30 38 29 37 30 38 31 39 31 39 30 38 32 40 31 39 32 40 33 41 33 41 32 40 34 42 33 41 34 42 35 43 35 43 34 42 36 44 35 43 36 44 37 45 37 45 36 44 38 46 37 45 38 46 39 47 39 47 38 46 40 48 39 47 40 48 41 49 41 49 40 48 42 50 41 49 42 50 43 51 43 51 42 50 44 52 43 51 44 52 45 53 45 53 44 52 46 54 45 53 46 54 47 55 2 56 29 57 7 58 29 57 2 56 1 59 36 60 16 61 38 62 16 61 36 60 14 63 14 64 34 65 12 66 34 65 14 64 36 67 12 68 32 69 10 70 32 69 12 68 34 71 10 72 30 73 8 74 30 73 10 72 32 75 8 76 28 77 6 78 28 77 8 76 30 79 6 80 27 81 4 82 27 81 6 80 28 83 4 84 26 85 5 86 26 85 4 84 27 87 7 88 31 89 9 90 31 89 7 88 29 91 9 92 33 93 11 94 33 93 9 92 31 95 11 96 35 97 13 98 35 97 11 96 33 99 37 100 13 101 35 102 13 101 37 100 15 103 39 104 15 105 37 106 15 105 39 104 17 107 41 108 17 109 39 110 17 109 41 108 19 111 43 112 19 113 41 114 19 113 43 112 21 115 45 116 21 117 43 118 21 117 45 116 23 119 47 120 23 121 45 122 23 121 47 120 25 123 46 124 25 125 47 126 25 125 46 124 24 127 44 128 24 129 46 130 24 129 44 128 22 131 42 132 22 133 44 134 22 133 42 132 20 135 40 136 20 137 42 138 20 137 40 136 18 139 38 140 18 141 40 142 18 141 38 140 16 143</p>
                </triangles>
            </mesh>
        </geometry>
        <geometry id="ID17">
            <mesh>
                <source id="ID20">
                    <float_array id="ID23" count="594">12.59603 8.426431 0.984252 15.23847 5.088006 1.299213 15.23847 5.088006 0.984252 15.06887 5.302275 1.299213 15.06887 5.302275 1.456693 15.23847 5.088006 1.771654 15.23847 5.088006 1.456693 12.59603 8.426431 1.771654 15.06887 5.302275 1.456693 15.10084 5.326771 1.299213 15.06887 5.302275 1.299213 15.10084 5.326771 1.456693 15.10084 5.326771 1.299213 15.23847 5.088006 1.299213 15.06887 5.302275 1.299213 15.16733 5.354256 1.299213 15.23866 5.363597 1.299213 14.97232 5.159521 1.299213 14.97222 5.016865 1.299213 14.96288 5.088199 1.299213 14.99971 4.950378 1.299213 14.9999 5.225969 1.299213 15.04346 4.893271 1.299213 15.02561 5.259423 1.299213 15.10051 4.849434 1.299213 15.16696 4.821856 1.299213 15.23828 4.812416 1.299213 15.30961 4.821756 1.299213 15.30999 5.354156 1.299213 15.3761 4.849241 1.299213 15.37643 5.326578 1.299213 15.43321 4.892998 1.299213 15.43348 5.282742 1.299213 15.47704 4.950044 1.299213 15.47724 5.225634 1.299213 15.50462 5.016492 1.299213 15.50472 5.159148 1.299213 15.51406 5.087813 1.299213 15.23847 5.088006 1.771654 15.02561 5.259423 1.456693 15.23847 5.088006 1.456693 15.23847 5.088006 1.299213 11.91992 7.760395 0.984252 15.23847 5.088006 0.984252 15.02561 5.259423 1.299213 11.91992 7.760395 1.771654 15.23847 5.088006 0.984252 11.91992 7.760395 0.984252 12.59603 8.426431 0.984252 13.03554 8.774314 1.968504 12.59603 8.426431 0.7874016 13.03554 8.774314 0.7874016 12.59603 8.426431 0.984252 12.59603 8.426431 1.771654 12.59603 8.426431 1.968504 15.23847 5.088006 1.771654 12.15652 8.078547 1.771654 11.91992 7.760395 1.771654 12.59603 8.426431 1.771654 14.97222 5.016865 1.456693 14.97232 5.159521 1.456693 14.96288 5.088199 1.456693 14.99971 4.950378 1.456693 14.9999 5.225969 1.456693 15.04346 4.893271 1.456693 15.02561 5.259423 1.456693 15.23847 5.088006 1.456693 15.10051 4.849434 1.456693 15.16696 4.821856 1.456693 15.23828 4.812416 1.456693 15.30961 4.821756 1.456693 15.23866 5.363597 1.456693 15.30999 5.354156 1.456693 15.3761 4.849241 1.456693 15.37643 5.326578 1.456693 15.43321 4.892998 1.456693 15.43348 5.282742 1.456693 15.47704 4.950044 1.456693 15.47724 5.225634 1.456693 15.50462 5.016492 1.456693 15.50472 5.159148 1.456693 15.51406 5.087813 1.456693 15.10084 5.326771 1.456693 15.06887 5.302275 1.456693 15.16733 5.354256 1.456693 15.16733 5.354256 1.299213 15.16733 5.354256 1.456693 15.23866 5.363597 1.299213 15.23866 5.363597 1.456693 15.23866 5.363597 1.456693 15.30999 5.354156 1.299213 15.23866 5.363597 1.299213 15.30999 5.354156 1.456693 15.37643 5.326578 1.299213 15.37643 5.326578 1.456693 15.43348 5.282742 1.299213 15.43348 5.282742 1.456693 15.47724 5.225634 1.456693 15.47724 5.225634 1.299213 15.50472 5.159148 1.456693 15.50472 5.159148 1.299213 15.51406 5.087813 1.456693 15.51406 5.087813 1.299213 15.50462 5.016492 1.456693 15.50462 5.016492 1.299213 15.47704 4.950044 1.456693 15.47704 4.950044 1.299213 15.43321 4.892998 1.456693 15.43321 4.892998 1.299213 15.3761 4.849241 1.299213 15.3761 4.849241 1.456693 15.30961 4.821756 1.299213 15.30961 4.821756 1.456693 15.23828 4.812416 1.299213 15.23828 4.812416 1.456693 15.23828 4.812416 1.456693 15.16696 4.821856 1.299213 15.23828 4.812416 1.299213 15.16696 4.821856 1.456693 15.10051 4.849434 1.299213 15.10051 4.849434 1.456693 15.04346 4.893271 1.299213 15.04346 4.893271 1.456693 14.99971 4.950378 1.456693 14.99971 4.950378 1.299213 14.97222 5.016865 1.456693 14.97222 5.016865 1.299213 14.96288 5.088199 1.456693 14.96288 5.088199 1.299213 14.97232 5.159521 1.456693 14.97232 5.159521 1.299213 14.9999 5.225969 1.456693 14.9999 5.225969 1.299213 15.02561 5.259423 1.456693 15.02561 5.259423 1.299213 11.91992 7.760395 0.7874016 11.48753 7.178979 1.968504 11.48753 7.178979 0.7874016 11.91992 7.760395 1.968504 11.91992 7.760395 0.984252 11.91992 7.760395 1.771654 12.59603 8.426431 0.984252 11.91992 7.760395 0.7874016 12.59603 8.426431 0.7874016 11.91992 7.760395 0.984252 12.59603 8.426431 1.968504 12.15652 8.078547 1.771654 12.59603 8.426431 1.771654 12.15652 8.078547 1.968504 14.06469 9.218866 1.968504 14.06469 9.218866 0.7874016 11.91992 7.760395 1.968504 11.91992 7.760395 1.771654 15.04374 5.283015 1.456693 11.07415 6.136915 1.968504 11.07415 6.136915 0.7874016 15.17383 9.381906 0.7874016 15.17383 9.381906 1.968504 10.94457 5.023369 1.968504 10.94457 5.023369 0.7874016 16.28738 9.252325 1.968504 16.28738 9.252325 0.7874016 11.10761 3.914228 1.968504 11.10761 3.914228 0.7874016 17.32944 8.838951 1.968504 17.32944 8.838951 0.7874016 11.55216 2.885079 1.968504 11.55216 2.885079 0.7874016 18.22901 8.169957 1.968504 18.22901 8.169957 0.7874016 12.24793 2.006055 1.968504 12.24793 2.006055 0.7874016 18.92478 7.290934 0.7874016 18.92478 7.290934 1.968504 13.1475 1.337061 0.7874016 13.1475 1.337061 1.968504 19.36933 6.261784 0.7874016 19.36933 6.261784 1.968504 14.18956 0.9236879 1.968504 14.18956 0.9236879 0.7874016 19.53237 5.152643 0.7874016 19.53237 5.152643 1.968504 15.30311 0.7941061 0.7874016 15.30311 0.7941061 1.968504 19.53237 5.152643 1.968504 19.40279 4.039098 0.7874016 19.40279 4.039098 1.968504 19.53237 5.152643 0.7874016 15.30311 0.7941061 1.968504 16.41225 0.9571465 0.7874016 15.30311 0.7941061 0.7874016 16.41225 0.9571465 1.968504 18.98942 2.997034 0.7874016 18.98942 2.997034 1.968504 17.4414 1.401698 0.7874016 17.4414 1.401698 1.968504 18.32042 2.097466 0.7874016 18.32042 2.097466 1.968504</float_array>
                    <technique_common>
                        <accessor count="198" source="#ID23" stride="3">
                            <param name="X" type="float" />
                            <param name="Y" type="float" />
                            <param name="Z" type="float" />
                        </accessor>
                    </technique_common>
                </source>
                <source id="ID21">
                    <float_array id="ID24" count="594">0.7841007 0.6206337 1.746396e-15 0.7841007 0.6206337 1.746396e-15 0.7841007 0.6206337 1.746396e-15 0.7841007 0.6206337 1.746396e-15 0.7841007 0.6206337 1.746396e-15 0.7841007 0.6206337 1.746396e-15 0.7841007 0.6206337 1.746396e-15 0.7841007 0.6206337 1.746396e-15 -0.6082051 0.7937799 8.595482e-18 -0.4993927 0.8663757 8.223374e-18 -0.6082051 0.7937799 8.595482e-18 -0.4993927 0.8663757 8.223374e-18 -7.04355e-18 5.43168e-18 -1 -7.04355e-18 5.43168e-18 -1 -7.04355e-18 5.43168e-18 -1 -7.04355e-18 5.43168e-18 -1 -7.04355e-18 5.43168e-18 -1 -7.04355e-18 5.43168e-18 -1 -7.04355e-18 5.43168e-18 -1 -7.04355e-18 5.43168e-18 -1 -7.04355e-18 5.43168e-18 -1 -7.04355e-18 5.43168e-18 -1 -7.04355e-18 5.43168e-18 -1 -7.04355e-18 5.43168e-18 -1 -7.04355e-18 5.43168e-18 -1 -7.04355e-18 5.43168e-18 -1 -7.04355e-18 5.43168e-18 -1 -7.04355e-18 5.43168e-18 -1 -7.04355e-18 5.43168e-18 -1 -7.04355e-18 5.43168e-18 -1 -7.04355e-18 5.43168e-18 -1 -7.04355e-18 5.43168e-18 -1 -7.04355e-18 5.43168e-18 -1 -7.04355e-18 5.43168e-18 -1 -7.04355e-18 5.43168e-18 -1 -7.04355e-18 5.43168e-18 -1 -7.04355e-18 5.43168e-18 -1 -7.04355e-18 5.43168e-18 -1 -0.6272025 -0.7788563 -1.814619e-15 -0.6272025 -0.7788563 -1.814619e-15 -0.6272025 -0.7788563 -1.814619e-15 -0.6272025 -0.7788563 -1.814619e-15 -0.6272025 -0.7788563 -1.814619e-15 -0.6272025 -0.7788563 -1.814619e-15 -0.6272025 -0.7788563 -1.814619e-15 -0.6272025 -0.7788563 -1.814619e-15 -7.04355e-18 5.43168e-18 -1 -7.04355e-18 5.43168e-18 -1 -7.04355e-18 5.43168e-18 -1 0.5129784 -0.8584015 -8.275752e-18 0.6206337 -0.7841007 -8.630449e-18 0.5129784 -0.8584015 -8.275752e-18 0.6206337 -0.7841007 -8.630449e-18 0.6206337 -0.7841007 -8.630449e-18 0.6206337 -0.7841007 -8.630449e-18 7.04355e-18 -5.43168e-18 1 7.04355e-18 -5.43168e-18 1 7.04355e-18 -5.43168e-18 1 7.04355e-18 -5.43168e-18 1 7.04355e-18 -5.43168e-18 1 7.04355e-18 -5.43168e-18 1 7.04355e-18 -5.43168e-18 1 7.04355e-18 -5.43168e-18 1 7.04355e-18 -5.43168e-18 1 7.04355e-18 -5.43168e-18 1 7.04355e-18 -5.43168e-18 1 7.04355e-18 -5.43168e-18 1 7.04355e-18 -5.43168e-18 1 7.04355e-18 -5.43168e-18 1 7.04355e-18 -5.43168e-18 1 7.04355e-18 -5.43168e-18 1 7.04355e-18 -5.43168e-18 1 7.04355e-18 -5.43168e-18 1 7.04355e-18 -5.43168e-18 1 7.04355e-18 -5.43168e-18 1 7.04355e-18 -5.43168e-18 1 7.04355e-18 -5.43168e-18 1 7.04355e-18 -5.43168e-18 1 7.04355e-18 -5.43168e-18 1 7.04355e-18 -5.43168e-18 1 7.04355e-18 -5.43168e-18 1 7.04355e-18 -5.43168e-18 1 7.04355e-18 -5.43168e-18 1 7.04355e-18 -5.43168e-18 1 7.04355e-18 -5.43168e-18 1 -0.2581418 0.966107 7.065819e-18 -0.2581418 0.966107 7.065819e-18 -0.1298311 0.9915361 6.300179e-18 -0.1298311 0.9915361 6.300179e-18 0.1312212 0.9913531 4.46045e-18 0.2594962 0.9657441 3.417839e-18 0.1312212 0.9913531 4.46045e-18 0.2594962 0.9657441 3.417839e-18 0.500607 0.8656747 1.176017e-18 0.500607 0.8656747 1.176017e-18 0.7076023 0.7066109 -1.145948e-18 0.7076023 0.7066109 -1.145948e-18 0.8663757 0.4993927 -3.389819e-18 0.8663757 0.4993927 -3.389819e-18 0.966107 0.2581418 -5.40268e-18 0.966107 0.2581418 -5.40268e-18 0.9999998 -0.0007010749 -7.047356e-18 0.9999998 -0.0007010749 -7.047356e-18 0.9657441 -0.2594962 -8.211768e-18 0.9657441 -0.2594962 -8.211768e-18 0.8656747 -0.500607 -8.81656e-18 0.8656747 -0.500607 -8.81656e-18 0.7066109 -0.7076023 -8.820519e-18 0.7066109 -0.7076023 -8.820519e-18 0.4993927 -0.8663757 -8.223374e-18 0.4993927 -0.8663757 -8.223374e-18 0.2581418 -0.966107 -7.065819e-18 0.2581418 -0.966107 -7.065819e-18 0.1298311 -0.9915361 -6.300179e-18 0.1298311 -0.9915361 -6.300179e-18 -0.1312212 -0.9913531 -4.46045e-18 -0.2594962 -0.9657441 -3.417839e-18 -0.1312212 -0.9913531 -4.46045e-18 -0.2594962 -0.9657441 -3.417839e-18 -0.500607 -0.8656747 -1.176017e-18 -0.500607 -0.8656747 -1.176017e-18 -0.7076023 -0.7066109 1.145948e-18 -0.7076023 -0.7066109 1.145948e-18 -0.8663757 -0.4993927 3.389819e-18 -0.8663757 -0.4993927 3.389819e-18 -0.966107 -0.2581418 5.40268e-18 -0.966107 -0.2581418 5.40268e-18 -0.9999998 0.0007010749 7.047356e-18 -0.9999998 0.0007010749 7.047356e-18 -0.9657441 0.2594962 8.211768e-18 -0.9657441 0.2594962 8.211768e-18 -0.8656747 0.500607 8.81656e-18 -0.8656747 0.500607 8.81656e-18 -0.7929264 0.6093175 8.894634e-18 -0.7929264 0.6093175 8.894634e-18 0.8024263 -0.5967513 -8.893292e-18 0.8734531 -0.4869084 -8.796941e-18 0.8734531 -0.4869084 -8.796941e-18 0.8024263 -0.5967513 -8.893292e-18 0.8024263 -0.5967513 -8.893292e-18 0.8024263 -0.5967513 -8.893292e-18 0.7017761 -0.7123976 -8.812511e-18 0.7017761 -0.7123976 -8.812511e-18 0.7017761 -0.7123976 -8.812511e-18 0.7017761 -0.7123976 -8.812511e-18 0.6206337 -0.7841007 -8.630449e-18 0.7176697 -0.6963836 -8.837476e-18 0.6206337 -0.7841007 -8.630449e-18 0.7176697 -0.6963836 -8.837476e-18 0.2733284 -0.9619208 -7.150049e-18 0.2733284 -0.9619208 -7.150049e-18 0.8024263 -0.5967513 -8.893292e-18 0.8024263 -0.5967513 -8.893292e-18 7.04355e-18 -5.43168e-18 1 0.969712 -0.2442511 -8.156909e-18 0.969712 -0.2442511 -8.156909e-18 0.01505153 -0.9998867 -5.537081e-18 0.01505153 -0.9998867 -5.537081e-18 0.9998867 0.01505153 -6.960997e-18 0.9998867 0.01505153 -6.960997e-18 -0.2442511 -0.969712 -3.546771e-18 -0.2442511 -0.969712 -3.546771e-18 0.9619208 0.2733284 -5.290705e-18 0.9619208 0.2733284 -5.290705e-18 -0.4869084 -0.8734531 -1.314755e-18 -0.4869084 -0.8734531 -1.314755e-18 0.8584015 0.5129784 -3.25986e-18 0.8584015 0.5129784 -3.25986e-18 -0.6963836 -0.7176697 1.006861e-18 -0.6963836 -0.7176697 1.006861e-18 0.6963836 0.7176697 -1.006861e-18 0.6963836 0.7176697 -1.006861e-18 -0.8584015 -0.5129784 3.25986e-18 -0.8584015 -0.5129784 3.25986e-18 0.4869084 0.8734531 1.314755e-18 0.4869084 0.8734531 1.314755e-18 -0.9619208 -0.2733284 5.290705e-18 -0.9619208 -0.2733284 5.290705e-18 0.2442511 0.969712 3.546771e-18 0.2442511 0.969712 3.546771e-18 -0.9893679 -0.1454342 6.178711e-18 -0.9893679 -0.1454342 6.178711e-18 0.1155886 0.9932972 4.581118e-18 0.1155886 0.9932972 4.581118e-18 -0.9932972 0.1155886 7.624179e-18 -0.969712 0.2442511 8.156909e-18 -0.969712 0.2442511 8.156909e-18 -0.9932972 0.1155886 7.624179e-18 -0.1454342 0.9893679 6.398303e-18 -0.2733284 0.9619208 7.150049e-18 -0.1454342 0.9893679 6.398303e-18 -0.2733284 0.9619208 7.150049e-18 -0.8734531 0.4869084 8.796941e-18 -0.8734531 0.4869084 8.796941e-18 -0.5129784 0.8584015 8.275752e-18 -0.5129784 0.8584015 8.275752e-18 -0.7176697 0.6963836 8.837476e-18 -0.7176697 0.6963836 8.837476e-18</float_array>
                    <technique_common>
                        <accessor count="198" source="#ID24" stride="3">
                            <param name="X" type="float" />
                            <param name="Y" type="float" />
                            <param name="Z" type="float" />
                        </accessor>
                    </technique_common>
                </source>
                <vertices id="ID22">
                    <input semantic="POSITION" source="#ID20" />
                    <input semantic="NORMAL" source="#ID21" />
                </vertices>
                <triangles count="171" material="Material2">
                    <input offset="0" semantic="VERTEX" source="#ID22" />
                    <p>0 1 2 1 0 3 3 0 4 4 5 6 5 4 7 7 4 0 8 9 10 9 8 11 12 13 14 13 12 15 13 15 16 17 18 19 18 17 20 20 17 21 20 21 22 22 21 23 22 23 13 22 13 24 24 13 25 25 13 26 26 13 27 27 13 16 27 16 28 27 28 29 29 28 30 29 30 31 31 30 32 31 32 33 33 32 34 33 34 35 35 34 36 35 36 37 38 39 40 41 42 43 42 41 44 42 44 45 45 44 39 45 39 38 46 47 48 49 50 51 50 49 52 52 49 53 53 49 54 55 56 57 56 55 58 59 60 61 60 59 62 60 62 63 63 62 64 63 64 65 65 64 66 66 64 67 66 67 68 66 68 69 66 69 70 66 70 71 71 70 72 72 70 73 72 73 74 74 73 75 74 75 76 76 75 77 76 77 78 78 77 79 78 79 80 80 79 81 66 82 83 82 66 84 84 66 71 11 85 9 85 11 86 86 87 85 87 86 88 89 90 91 90 89 92 92 93 90 93 92 94 94 95 93 95 94 96 95 97 98 97 95 96 98 99 100 99 98 97 100 101 102 101 100 99 102 103 104 103 102 101 104 105 106 105 104 103 106 107 108 107 106 105 107 109 108 109 107 110 110 111 109 111 110 112 112 113 111 113 112 114 115 116 117 116 115 118 118 119 116 119 118 120 120 121 119 121 120 122 123 121 122 121 123 124 125 124 123 124 125 126 127 126 125 126 127 128 129 128 127 128 129 130 131 130 129 130 131 132 133 132 131 132 133 134 135 136 137 136 135 138 138 135 139 138 139 140 141 142 143 142 141 144 145 146 147 146 145 148 149 51 150 51 149 49 146 151 152 151 146 148 66 153 65 153 66 83 137 154 155 154 137 136 156 149 150 149 156 157 155 158 159 158 155 154 160 156 161 156 160 157 159 162 163 162 159 158 164 161 165 161 164 160 163 166 167 166 163 162 168 165 169 165 168 164 167 170 171 170 167 166 168 172 173 172 168 169 170 174 171 174 170 175 173 176 177 176 173 172 174 178 179 178 174 175 177 180 181 180 177 176 178 182 179 182 178 183 184 185 186 185 184 187 188 189 190 189 188 191 186 192 193 192 186 185 191 194 189 194 191 195 193 196 197 196 193 192 195 196 194 196 195 197</p>
                </triangles>
            </mesh>
        </geometry>
        <geometry id="ID25">
            <mesh>
                <source id="ID26">
                    <float_array id="ID29" count="288">12.24759 11.23384 0.7874016 11.86444 11.23369 1.110223e-16 12.24759 11.23384 1.110223e-16 11.86444 11.23369 0.7874016 11.86458 11.26026 0.7874016 11.86444 11.23369 1.110223e-16 11.86444 11.23369 0.7874016 11.86458 11.26026 1.110223e-16 11.22932 12.25707 1.110223e-16 11.25388 11.87394 1.110223e-16 11.22731 11.87393 1.110223e-16 11.37089 12.27524 0 11.38796 11.89115 0 11.51351 12.2697 0 11.46671 11.88809 0 11.54386 11.87203 0 11.65324 12.24061 0 11.61729 11.8434 0 11.68495 11.80301 0 11.78622 12.18877 0 11.74499 11.75197 0 11.79575 11.69168 0 11.90878 12.11562 0 11.83581 11.62381 0 11.86408 11.55025 0 11.87976 11.47302 0 11.88244 11.39426 1.110223e-16 11.86458 11.26026 1.110223e-16 12.24759 11.23384 1.110223e-16 11.86444 11.23369 1.110223e-16 12.01752 12.02317 0 12.10944 11.91398 0 12.182 11.79107 0 12.23319 11.65784 0 12.2616 11.51797 0 12.26645 11.37532 1.110223e-16 12.26645 11.37532 1.110223e-16 12.24759 11.23384 0.7874016 12.24759 11.23384 1.110223e-16 12.26645 11.37532 0.7874016 11.88244 11.39426 0.7874016 11.86458 11.26026 1.110223e-16 11.86458 11.26026 0.7874016 11.88244 11.39426 1.110223e-16 11.87976 11.47302 0.7874016 11.87976 11.47302 0 11.86408 11.55025 0.7874016 11.86408 11.55025 0 11.83581 11.62381 0.7874016 11.83581 11.62381 0 11.79575 11.69168 0.7874016 11.79575 11.69168 0 11.74499 11.75197 0.7874016 11.74499 11.75197 0 11.68495 11.80301 0 11.68495 11.80301 0.7874016 11.61729 11.8434 0 11.61729 11.8434 0.7874016 11.54386 11.87203 0 11.54386 11.87203 0.7874016 11.46671 11.88809 0 11.46671 11.88809 0.7874016 11.38796 11.89115 0 11.38796 11.89115 0.7874016 11.25388 11.87394 1.110223e-16 11.25388 11.87394 0.7874016 11.25388 11.87394 0.7874016 11.22731 11.87393 1.110223e-16 11.25388 11.87394 1.110223e-16 11.22731 11.87393 0.7874016 11.22932 12.25707 0.7874016 11.22731 11.87393 1.110223e-16 11.22731 11.87393 0.7874016 11.22932 12.25707 1.110223e-16 11.22932 12.25707 1.110223e-16 11.37089 12.27524 0.7874016 11.37089 12.27524 0 11.22932 12.25707 0.7874016 11.51351 12.2697 0 11.51351 12.2697 0.7874016 11.65324 12.24061 0 11.65324 12.24061 0.7874016 11.78622 12.18877 0 11.78622 12.18877 0.7874016 11.90878 12.11562 0 11.90878 12.11562 0.7874016 12.01752 12.02317 0 12.01752 12.02317 0.7874016 12.10944 11.91398 0.7874016 12.10944 11.91398 0 12.182 11.79107 0.7874016 12.182 11.79107 0 12.23319 11.65784 0.7874016 12.23319 11.65784 0 12.2616 11.51797 0.7874016 12.2616 11.51797 0</float_array>
                    <technique_common>
                        <accessor count="96" source="#ID29" stride="3">
                            <param name="X" type="float" />
                            <param name="Y" type="float" />
                            <param name="Z" type="float" />
                        </accessor>
                    </technique_common>
                </source>
                <source id="ID27">
                    <float_array id="ID30" count="288">0.0003843604 -0.9999999 5.192484e-17 0.0003843604 -0.9999999 5.192484e-17 0.0003843604 -0.9999999 5.192484e-17 0.0003843604 -0.9999999 5.192484e-17 -0.9999863 0.00524343 5.304157e-17 -0.9999863 0.00524343 5.304157e-17 -0.9999863 0.00524343 5.304157e-17 -0.9999863 0.00524343 5.304157e-17 -5.331468e-17 -5.194533e-17 -1 -5.331468e-17 -5.194533e-17 -1 -5.331468e-17 -5.194533e-17 -1 -5.331468e-17 -5.194533e-17 -1 -5.331468e-17 -5.194533e-17 -1 -5.331468e-17 -5.194533e-17 -1 -5.331468e-17 -5.194533e-17 -1 -5.331468e-17 -5.194533e-17 -1 -5.331468e-17 -5.194533e-17 -1 -5.331468e-17 -5.194533e-17 -1 -5.331468e-17 -5.194533e-17 -1 -5.331468e-17 -5.194533e-17 -1 -5.331468e-17 -5.194533e-17 -1 -5.331468e-17 -5.194533e-17 -1 -5.331468e-17 -5.194533e-17 -1 -5.331468e-17 -5.194533e-17 -1 -5.331468e-17 -5.194533e-17 -1 -5.331468e-17 -5.194533e-17 -1 -5.331468e-17 -5.194533e-17 -1 -5.331468e-17 -5.194533e-17 -1 -5.331468e-17 -5.194533e-17 -1 -5.331468e-17 -5.194533e-17 -1 -5.331468e-17 -5.194533e-17 -1 -5.331468e-17 -5.194533e-17 -1 -5.331468e-17 -5.194533e-17 -1 -5.331468e-17 -5.194533e-17 -1 -5.331468e-17 -5.194533e-17 -1 -5.331468e-17 -5.194533e-17 -1 0.9987861 -0.04925875 -5.06912e-17 0.9912343 -0.132116 -4.598452e-17 0.9912343 -0.132116 -4.598452e-17 0.9987861 -0.04925875 -5.06912e-17 -0.9987861 0.04925875 5.06912e-17 -0.9912343 0.132116 4.598452e-17 -0.9912343 0.132116 4.598452e-17 -0.9987861 0.04925875 5.06912e-17 -0.9931434 -0.1169029 5.902168e-17 -0.9931434 -0.1169029 5.902168e-17 -0.9600487 -0.2798331 6.572071e-17 -0.9600487 -0.2798331 6.572071e-17 -0.9004168 -0.4350283 7.060312e-17 -0.9004168 -0.4350283 7.060312e-17 -0.815896 -0.5781987 7.353396e-17 -0.815896 -0.5781987 7.353396e-17 -0.7088226 -0.7053867 7.44322e-17 -0.7088226 -0.7053867 7.44322e-17 -0.5821563 -0.8130769 7.327303e-17 -0.5821563 -0.8130769 7.327303e-17 -0.4393983 -0.8982923 7.008848e-17 -0.4393983 -0.8982923 7.008848e-17 -0.2844947 -0.9586776 6.496657e-17 -0.2844947 -0.9586776 6.496657e-17 -0.1217272 -0.9925636 5.804889e-17 -0.1217272 -0.9925636 5.804889e-17 0.04440499 -0.9990136 4.952666e-17 0.04440499 -0.9990136 4.952666e-17 0.127298 -0.9918645 4.473588e-17 0.127298 -0.9918645 4.473588e-17 0.0003843604 -0.9999999 5.192484e-17 0.0003843604 -0.9999999 5.192484e-17 0.0003843604 -0.9999999 5.192484e-17 0.0003843604 -0.9999999 5.192484e-17 -0.9999863 0.00524343 5.304157e-17 -0.9999863 0.00524343 5.304157e-17 -0.9999863 0.00524343 5.304157e-17 -0.9999863 0.00524343 5.304157e-17 -0.127298 0.9918645 -4.473588e-17 -0.04440499 0.9990136 -4.952666e-17 -0.04440499 0.9990136 -4.952666e-17 -0.127298 0.9918645 -4.473588e-17 0.1217272 0.9925636 -5.804889e-17 0.1217272 0.9925636 -5.804889e-17 0.2844947 0.9586776 -6.496657e-17 0.2844947 0.9586776 -6.496657e-17 0.4393983 0.8982923 -7.008848e-17 0.4393983 0.8982923 -7.008848e-17 0.5821563 0.8130769 -7.327303e-17 0.5821563 0.8130769 -7.327303e-17 0.7088226 0.7053867 -7.44322e-17 0.7088226 0.7053867 -7.44322e-17 0.815896 0.5781987 -7.353396e-17 0.815896 0.5781987 -7.353396e-17 0.9004168 0.4350283 -7.060312e-17 0.9004168 0.4350283 -7.060312e-17 0.9600487 0.2798331 -6.572071e-17 0.9600487 0.2798331 -6.572071e-17 0.9931434 0.1169029 -5.902168e-17 0.9931434 0.1169029 -5.902168e-17</float_array>
                    <technique_common>
                        <accessor count="96" source="#ID30" stride="3">
                            <param name="X" type="float" />
                            <param name="Y" type="float" />
                            <param name="Z" type="float" />
                        </accessor>
                    </technique_common>
                </source>
                <vertices id="ID28">
                    <input semantic="POSITION" source="#ID26" />
                    <input semantic="NORMAL" source="#ID27" />
                </vertices>
                <triangles count="82" material="Material2">
                    <input offset="0" semantic="VERTEX" source="#ID28" />
                    <p>0 1 2 1 0 3 4 5 6 5 4 7 8 9 10 9 8 11 9 11 12 12 11 13 12 13 14 14 13 15 15 13 16 15 16 17 17 16 18 18 16 19 18 19 20 20 19 21 21 19 22 21 22 23 23 22 24 24 22 25 25 22 26 27 28 29 28 27 26 28 26 22 28 22 30 28 30 31 28 31 32 28 32 33 28 33 34 28 34 35 36 37 38 37 36 39 40 41 42 41 40 43 44 43 40 43 44 45 46 45 44 45 46 47 48 47 46 47 48 49 50 49 48 49 50 51 52 51 50 51 52 53 52 54 53 54 52 55 55 56 54 56 55 57 57 58 56 58 57 59 59 60 58 60 59 61 61 62 60 62 61 63 63 64 62 64 63 65 66 67 68 67 66 69 70 71 72 71 70 73 74 75 76 75 74 77 75 78 76 78 75 79 79 80 78 80 79 81 81 82 80 82 81 83 83 84 82 84 83 85 85 86 84 86 85 87 86 88 89 88 86 87 89 90 91 90 89 88 91 92 93 92 91 90 93 94 95 94 93 92 95 39 36 39 95 94</p>
                </triangles>
            </mesh>
        </geometry>
        <geometry id="ID31">
            <mesh>
                <source id="ID32">
                    <float_array id="ID35" count="288">8.405952 12.11414 0 8.436016 11.47189 0 8.433472 11.39321 0 8.528375 12.18742 0 8.451568 11.54907 0 8.479696 11.6226 0 8.519623 11.69045 0 8.570244 11.75074 0 8.661251 12.23939 0 8.630159 11.80181 0 8.69771 11.84224 0 8.800902 12.26861 0 8.771028 11.87092 0 8.848086 11.88704 0 8.943466 12.27428 0 8.92675 11.89017 0 9.060756 11.87309 0 9.084998 12.25625 0 9.087705 11.87311 0 8.054106 11.51623 0 8.068585 11.23224 0 8.049495 11.37363 0 8.082289 11.6561 0 8.451738 11.23238 0 8.133266 11.78935 0 8.205626 11.91232 0 8.297368 12.02159 0 8.451547 11.25933 0 8.451547 11.25933 0 8.451738 11.23238 0.7874016 8.451738 11.23238 0 8.451547 11.25933 0.7874016 8.451738 11.23238 0.7874016 8.068585 11.23224 0 8.451738 11.23238 0 8.068585 11.23224 0.7874016 8.049495 11.37363 0.7874016 8.068585 11.23224 0 8.068585 11.23224 0.7874016 8.049495 11.37363 0 8.054106 11.51623 0.7874016 8.054106 11.51623 0 8.082289 11.6561 0.7874016 8.082289 11.6561 0 8.133266 11.78935 0.7874016 8.133266 11.78935 0 8.205626 11.91232 0.7874016 8.205626 11.91232 0 8.297368 12.02159 0.7874016 8.297368 12.02159 0 8.405952 12.11414 0 8.405952 12.11414 0.7874016 8.528375 12.18742 0 8.528375 12.18742 0.7874016 8.661251 12.23939 0 8.661251 12.23939 0.7874016 8.800902 12.26861 0 8.800902 12.26861 0.7874016 8.943466 12.27428 0 8.943466 12.27428 0.7874016 9.084998 12.25625 0 9.084998 12.25625 0.7874016 9.084998 12.25625 0 9.087705 11.87311 0.7874016 9.087705 11.87311 0 9.084998 12.25625 0.7874016 9.087705 11.87311 0.7874016 9.060756 11.87309 0 9.087705 11.87311 0 9.060756 11.87309 0.7874016 9.060756 11.87309 0.7874016 8.92675 11.89017 0 9.060756 11.87309 0 8.92675 11.89017 0.7874016 8.848086 11.88704 0 8.848086 11.88704 0.7874016 8.771028 11.87092 0 8.771028 11.87092 0.7874016 8.69771 11.84224 0 8.69771 11.84224 0.7874016 8.630159 11.80181 0 8.630159 11.80181 0.7874016 8.570244 11.75074 0 8.570244 11.75074 0.7874016 8.519623 11.69045 0.7874016 8.519623 11.69045 0 8.479696 11.6226 0.7874016 8.479696 11.6226 0 8.451568 11.54907 0.7874016 8.451568 11.54907 0 8.436016 11.47189 0.7874016 8.436016 11.47189 0 8.433472 11.39321 0.7874016 8.433472 11.39321 0 8.451547 11.25933 0.7874016 8.451547 11.25933 0</float_array>
                    <technique_common>
                        <accessor count="96" source="#ID35" stride="3">
                            <param name="X" type="float" />
                            <param name="Y" type="float" />
                            <param name="Z" type="float" />
                        </accessor>
                    </technique_common>
                </source>
                <source id="ID33">
                    <float_array id="ID36" count="288">4.074363e-18 -4.029568e-18 -1 4.074363e-18 -4.029568e-18 -1 4.074363e-18 -4.029568e-18 -1 4.074363e-18 -4.029568e-18 -1 4.074363e-18 -4.029568e-18 -1 4.074363e-18 -4.029568e-18 -1 4.074363e-18 -4.029568e-18 -1 4.074363e-18 -4.029568e-18 -1 4.074363e-18 -4.029568e-18 -1 4.074363e-18 -4.029568e-18 -1 4.074363e-18 -4.029568e-18 -1 4.074363e-18 -4.029568e-18 -1 4.074363e-18 -4.029568e-18 -1 4.074363e-18 -4.029568e-18 -1 4.074363e-18 -4.029568e-18 -1 4.074363e-18 -4.029568e-18 -1 4.074363e-18 -4.029568e-18 -1 4.074363e-18 -4.029568e-18 -1 4.074363e-18 -4.029568e-18 -1 4.074363e-18 -4.029568e-18 -1 4.074363e-18 -4.029568e-18 -1 4.074363e-18 -4.029568e-18 -1 4.074363e-18 -4.029568e-18 -1 4.074363e-18 -4.029568e-18 -1 4.074363e-18 -4.029568e-18 -1 4.074363e-18 -4.029568e-18 -1 4.074363e-18 -4.029568e-18 -1 4.074363e-18 -4.029568e-18 -1 0.999975 0.007065187 4.045792e-18 0.999975 0.007065187 4.045792e-18 0.999975 0.007065187 4.045792e-18 0.999975 0.007065187 4.045792e-18 0.0003843604 -0.9999999 4.031134e-18 0.0003843604 -0.9999999 4.031134e-18 0.0003843604 -0.9999999 4.031134e-18 0.0003843604 -0.9999999 4.031134e-18 -0.9987028 -0.05091862 -3.863898e-18 -0.9910084 -0.1337996 -3.498574e-18 -0.9910084 -0.1337996 -3.498574e-18 -0.9987028 -0.05091862 -3.863898e-18 -0.9933278 0.115325 -4.511888e-18 -0.9933278 0.115325 -4.511888e-18 -0.9604716 0.278378 -5.035053e-18 -0.9604716 0.278378 -5.035053e-18 -0.9010431 0.4337295 -5.41892e-18 -0.9010431 0.4337295 -5.41892e-18 -0.8166866 0.5770815 -5.652867e-18 -0.8166866 0.5770815 -5.652867e-18 -0.7097357 0.704468 -5.730423e-18 -0.7097357 0.704468 -5.730423e-18 -0.5831494 0.8123649 -5.649442e-18 -0.5831494 0.8123649 -5.649442e-18 -0.4404298 0.897787 -5.412165e-18 -0.4404298 0.897787 -5.412165e-18 -0.2855254 0.9583712 -5.025156e-18 -0.2855254 0.9583712 -5.025156e-18 -0.1227216 0.9924411 -4.499122e-18 -0.1227216 0.9924411 -4.499122e-18 0.04347733 0.9990544 -3.848615e-18 0.04347733 0.9990544 -3.848615e-18 0.1264133 0.9919777 -3.482188e-18 0.1264133 0.9919777 -3.482188e-18 0.999975 0.007065187 4.045792e-18 0.999975 0.007065187 4.045792e-18 0.999975 0.007065187 4.045792e-18 0.999975 0.007065187 4.045792e-18 0.0003843604 -0.9999999 4.031134e-18 0.0003843604 -0.9999999 4.031134e-18 0.0003843604 -0.9999999 4.031134e-18 0.0003843604 -0.9999999 4.031134e-18 -0.1264133 -0.9919777 3.482188e-18 -0.04347733 -0.9990544 3.848615e-18 -0.1264133 -0.9919777 3.482188e-18 -0.04347733 -0.9990544 3.848615e-18 0.1227216 -0.9924411 4.499122e-18 0.1227216 -0.9924411 4.499122e-18 0.2855254 -0.9583712 5.025156e-18 0.2855254 -0.9583712 5.025156e-18 0.4404298 -0.897787 5.412165e-18 0.4404298 -0.897787 5.412165e-18 0.5831494 -0.8123649 5.649442e-18 0.5831494 -0.8123649 5.649442e-18 0.7097357 -0.704468 5.730423e-18 0.7097357 -0.704468 5.730423e-18 0.8166866 -0.5770815 5.652867e-18 0.8166866 -0.5770815 5.652867e-18 0.9010431 -0.4337295 5.41892e-18 0.9010431 -0.4337295 5.41892e-18 0.9604716 -0.278378 5.035053e-18 0.9604716 -0.278378 5.035053e-18 0.9933278 -0.115325 4.511888e-18 0.9933278 -0.115325 4.511888e-18 0.9987028 0.05091862 3.863898e-18 0.9987028 0.05091862 3.863898e-18 0.9910084 0.1337996 3.498574e-18 0.9910084 0.1337996 3.498574e-18</float_array>
                    <technique_common>
                        <accessor count="96" source="#ID36" stride="3">
                            <param name="X" type="float" />
                            <param name="Y" type="float" />
                            <param name="Z" type="float" />
                        </accessor>
                    </technique_common>
                </source>
                <vertices id="ID34">
                    <input semantic="POSITION" source="#ID32" />
                    <input semantic="NORMAL" source="#ID33" />
                </vertices>
                <triangles count="82" material="Material2">
                    <input offset="0" semantic="VERTEX" source="#ID34" />
                    <p>0 1 2 1 0 3 1 3 4 4 3 5 5 3 6 6 3 7 7 3 8 7 8 9 9 8 10 10 8 11 10 11 12 12 11 13 13 11 14 13 14 15 15 14 16 16 14 17 16 17 18 19 20 21 20 19 22 20 22 23 23 22 24 23 24 25 23 25 26 23 26 2 2 26 0 23 2 27 28 29 30 29 28 31 32 33 34 33 32 35 36 37 38 37 36 39 40 39 36 39 40 41 42 41 40 41 42 43 44 43 42 43 44 45 46 45 44 45 46 47 48 47 46 47 48 49 48 50 49 50 48 51 51 52 50 52 51 53 53 54 52 54 53 55 55 56 54 56 55 57 57 58 56 58 57 59 59 60 58 60 59 61 62 63 64 63 62 65 66 67 68 67 66 69 70 71 72 71 70 73 73 74 71 74 73 75 75 76 74 76 75 77 77 78 76 78 77 79 79 80 78 80 79 81 81 82 80 82 81 83 82 84 85 84 82 83 85 86 87 86 85 84 87 88 89 88 87 86 89 90 91 90 89 88 91 92 93 92 91 90 93 94 95 94 93 92</p>
                </triangles>
            </mesh>
        </geometry>
        <geometry id="ID37">
            <mesh>
                <source id="ID38">
                    <float_array id="ID42" count="144">15.61993 3.543382 1.299213 15.6309 3.276707 1.456693 15.6309 3.276707 1.299213 15.61993 3.543382 1.456693 14.85448 3.010584 1.456693 14.85485 3.543918 1.456693 14.8435 3.277259 1.456693 14.8877 2.745759 1.456693 14.88844 3.808696 1.456693 14.94294 2.484637 1.456693 14.94405 4.069741 1.456693 15.0198 2.229045 1.456693 15.02127 4.325225 1.456693 15.11776 1.98077 1.456693 15.11958 4.573362 1.456693 15.23613 1.74155 1.456693 15.23828 4.812416 1.456693 15.35482 1.980604 1.456693 15.35664 4.573196 1.456693 15.45313 2.228741 1.456693 15.4546 4.324921 1.456693 15.53035 2.484225 1.456693 15.53147 4.069329 1.456693 15.58596 2.74527 1.456693 15.5867 3.808207 1.456693 15.61955 3.010048 1.456693 15.61955 3.010048 1.299213 14.85485 3.543918 1.299213 14.85448 3.010584 1.299213 14.8435 3.277259 1.299213 14.8877 2.745759 1.299213 14.88844 3.808696 1.299213 14.94294 2.484637 1.299213 14.94405 4.069741 1.299213 15.0198 2.229045 1.299213 15.02127 4.325225 1.299213 15.11776 1.98077 1.299213 15.11958 4.573362 1.299213 15.23613 1.74155 1.299213 15.23828 4.812416 1.299213 15.35482 1.980604 1.299213 15.35664 4.573196 1.299213 15.45313 2.228741 1.299213 15.4546 4.324921 1.299213 15.53035 2.484225 1.299213 15.53147 4.069329 1.299213 15.58596 2.74527 1.299213 15.5867 3.808207 1.299213</float_array>
                    <technique_common>
                        <accessor count="48" source="#ID42" stride="3">
                            <param name="X" type="float" />
                            <param name="Y" type="float" />
                            <param name="Z" type="float" />
                        </accessor>
                    </technique_common>
                </source>
                <source id="ID39">
                    <float_array id="ID43" count="144">0.7138155 0.05935902 -0.6978137 0.7162791 -0.0005021654 0.6978137 0.7162791 -0.0005021654 -0.6978137 0.7138155 0.05935902 0.6978137 -0.7138155 -0.05935902 0.6978137 -0.7137315 0.06035984 0.6978137 -0.7162791 0.0005021654 0.6978137 -0.7063579 -0.1188049 0.6978137 -0.7061906 0.1197952 0.6978137 -0.6939584 -0.1774196 0.6978137 -0.693709 0.1783925 0.6978137 -0.6767039 -0.2347931 0.6978137 -0.6763741 0.2357417 0.6978137 -0.6547151 -0.2905239 0.6978137 -0.6543071 0.2914416 0.6978137 -0.0005852163 -0.8347413 0.550642 0.0005852163 0.8347413 0.550642 0.6543071 -0.2914416 0.6978137 0.6547151 0.2905239 0.6978137 0.6763741 -0.2357417 0.6978137 0.6767039 0.2347931 0.6978137 0.693709 -0.1783925 0.6978137 0.6939584 0.1774196 0.6978137 0.7061906 -0.1197952 0.6978137 0.7063579 0.1188049 0.6978137 0.7137315 -0.06035984 0.6978137 0.7137315 -0.06035984 -0.6978137 -0.7137315 0.06035984 -0.6978137 -0.7138155 -0.05935902 -0.6978137 -0.7162791 0.0005021654 -0.6978137 -0.7063579 -0.1188049 -0.6978137 -0.7061906 0.1197952 -0.6978137 -0.6939584 -0.1774196 -0.6978137 -0.693709 0.1783925 -0.6978137 -0.6767039 -0.2347931 -0.6978137 -0.6763741 0.2357417 -0.6978137 -0.6547151 -0.2905239 -0.6978137 -0.6543071 0.2914416 -0.6978137 -0.0005852163 -0.8347413 -0.550642 0.0005852163 0.8347413 -0.550642 0.6543071 -0.2914416 -0.6978137 0.6547151 0.2905239 -0.6978137 0.6763741 -0.2357417 -0.6978137 0.6767039 0.2347931 -0.6978137 0.693709 -0.1783925 -0.6978137 0.6939584 0.1774196 -0.6978137 0.7061906 -0.1197952 -0.6978137 0.7063579 0.1188049 -0.6978137</float_array>
                    <technique_common>
                        <accessor count="48" source="#ID43" stride="3">
                            <param name="X" type="float" />
                            <param name="Y" type="float" />
                            <param name="Z" type="float" />
                        </accessor>
                    </technique_common>
                </source>
                <source id="ID41">
                    <float_array id="ID44" count="288">0.6134261 0.275 0.5569321 0.3083333 0.5569321 0.275 0.6134261 0.3083333 3.144197 0.6372403 3.144277 0.7501294 3.141874 0.6936865 3.15123 0.5811857 3.151387 0.8061741 3.162922 0.5259149 3.163157 0.8614285 3.179192 0.4718145 3.179503 0.915506 3.199926 0.419263 3.200311 0.9680283 3.22498 0.3686282 3.225436 1.018628 3.250104 0.4192278 3.250489 0.9679932 3.270912 0.4717502 3.271224 0.9154417 3.287258 0.5258277 3.287494 0.8613413 3.299028 0.5810821 3.299186 0.8060705 3.306139 0.6371268 3.306218 0.7500159 3.308541 0.6935697 0.8336282 0.275 0.7771342 0.3083333 0.7771342 0.275 0.8336282 0.3083333 -3.144277 0.7501294 -3.144197 0.6372403 -3.141874 0.6936865 -3.15123 0.5811857 -3.151387 0.8061741 -3.162922 0.5259149 -3.163157 0.8614285 -3.179192 0.4718145 -3.179503 0.915506 -3.199926 0.419263 -3.200311 0.9680283 -3.22498 0.3686282 -3.225436 1.018628 -3.250104 0.4192278 -3.250489 0.9679932 -3.270912 0.4717502 -3.271224 0.9154417 -3.287258 0.5258277 -3.287494 0.8613413 -3.299028 0.5810821 -3.299186 0.8060705 -3.306139 0.6371268 -3.306218 0.7500159 -3.308541 0.6935697 0.38913 0.275 0.332636 0.3083333 0.332636 0.275 0.38913 0.3083333 -0.517412 0.275 -0.573906 0.3083333 -0.573906 0.275 -0.517412 0.3083333 -2.346797 0.3083333 -2.290303 0.275 -2.290303 0.3083333 -2.346797 0.275 -2.078723 0.3083333 -2.022229 0.275 -2.022229 0.3083333 -2.078723 0.275 -1.796305 0.3083333 -1.739811 0.275 -1.739811 0.3083333 -1.796305 0.275 -1.501516 0.3083333 -1.445022 0.275 -1.445022 0.3083333 -1.501516 0.275 -1.19642 0.3083333 -1.139926 0.275 -1.139926 0.3083333 -1.19642 0.275 -0.883152 0.3083333 -0.826658 0.275 -0.826658 0.3083333 -0.883152 0.275 -0.5639024 0.3083333 -0.5074084 0.275 -0.5074084 0.3083333 -0.5639024 0.275 -0.2409053 0.3083333 -0.1844113 0.275 -0.1844113 0.3083333 -0.2409053 0.275 0.08357956 0.3083333 0.1400735 0.275 0.1400735 0.3083333 0.08357956 0.275 0.4072821 0.3083333 0.4637761 0.275 0.4637761 0.3083333 0.4072821 0.275 0.7279376 0.3083333 0.7844315 0.275 0.7844315 0.3083333 0.7279376 0.275 1.043303 0.3083333 1.099797 0.275 1.099797 0.3083333 1.043303 0.275 1.820906 0.275 1.764412 0.3083333 1.764412 0.275 1.820906 0.3083333 1.643339 0.275 1.586845 0.3083333 1.586845 0.275 1.643339 0.3083333 1.454472 0.275 1.397978 0.3083333 1.397978 0.275 1.454472 0.3083333 1.255628 0.275 1.199134 0.3083333 1.199134 0.275 1.255628 0.3083333 1.048196 0.275 0.9917018 0.3083333 0.9917018 0.275 1.048196 0.3083333 0.1623091 0.275 0.1058151 0.3083333 0.1058151 0.275 0.1623091 0.3083333 -0.06544975 0.275 -0.1219437 0.3083333 -0.1219437 0.275 -0.06544975 0.3083333 -0.2925531 0.275 -0.3490471 0.3083333 -0.3490471 0.275 -0.2925531 0.3083333</float_array>
                    <technique_common>
                        <accessor count="144" source="#ID44" stride="2">
                            <param name="S" type="float" />
                            <param name="T" type="float" />
                        </accessor>
                    </technique_common>
                </source>
                <vertices id="ID40">
                    <input semantic="POSITION" source="#ID38" />
                    <input semantic="NORMAL" source="#ID39" />
                </vertices>
                <triangles count="92" material="Material2">
                    <input offset="0" semantic="VERTEX" source="#ID40" />
                    <input offset="1" semantic="TEXCOORD" source="#ID41" />
                    <p>0 0 1 1 2 2 1 1 0 0 3 3 4 4 5 5 6 6 5 5 4 4 7 7 5 5 7 7 8 8 8 8 7 7 9 9 8 8 9 9 10 10 10 10 9 9 11 11 10 10 11 11 12 12 12 12 11 11 13 13 12 12 13 13 14 14 14 14 13 13 15 15 14 14 15 15 16 16 16 16 15 15 17 17 16 16 17 17 18 18 18 18 17 17 19 19 18 18 19 19 20 20 20 20 19 19 21 21 20 20 21 21 22 22 22 22 21 21 23 23 22 22 23 23 24 24 24 24 23 23 25 25 24 24 25 25 3 26 3 26 25 25 1 27 2 28 25 29 26 30 25 29 2 28 1 31 27 32 28 33 29 34 28 33 27 32 30 35 30 35 27 32 31 36 30 35 31 36 32 37 32 37 31 36 33 38 32 37 33 38 34 39 34 39 33 38 35 40 34 39 35 40 36 41 36 41 35 40 37 42 36 41 37 42 38 43 38 43 37 42 39 44 38 43 39 44 40 45 40 45 39 44 41 46 40 45 41 46 42 47 42 47 41 46 43 48 42 47 43 48 44 49 44 49 43 48 45 50 44 49 45 50 46 51 46 51 45 50 47 52 46 51 47 52 26 53 26 53 47 52 0 54 26 53 0 54 2 55 47 56 3 57 0 58 3 57 47 56 24 59 39 60 18 61 41 62 18 61 39 60 16 63 16 64 37 65 14 66 37 65 16 64 39 67 14 68 35 69 12 70 35 69 14 68 37 71 12 72 33 73 10 74 33 73 12 72 35 75 10 76 31 77 8 78 31 77 10 76 33 79 8 80 27 81 5 82 27 81 8 80 31 83 5 84 29 85 6 86 29 85 5 84 27 87 6 88 28 89 4 90 28 89 6 88 29 91 4 92 30 93 7 94 30 93 4 92 28 95 7 96 32 97 9 98 32 97 7 96 30 99 9 100 34 101 11 102 34 101 9 100 32 103 11 104 36 105 13 106 36 105 11 104 34 107 13 108 38 109 15 110 38 109 13 108 36 111 40 112 15 113 38 114 15 113 40 112 17 115 42 116 17 117 40 118 17 117 42 116 19 119 44 120 19 121 42 122 19 121 44 120 21 123 46 124 21 125 44 126 21 125 46 124 23 127 26 128 23 129 46 130 23 129 26 128 25 131 45 132 24 133 47 134 24 133 45 132 22 135 43 136 22 137 45 138 22 137 43 136 20 139 41 140 20 141 43 142 20 141 41 140 18 143</p>
                </triangles>
            </mesh>
        </geometry>
        <geometry id="ID45">
            <mesh>
                <source id="ID46">
                    <float_array id="ID50" count="144">5.566232 4.940074 1.456693 5.830223 4.900771 1.299213 5.566232 4.940074 1.299213 5.830223 4.900771 1.456693 5.447557 4.734856 1.456693 5.29988 4.957179 1.456693 5.613297 4.525652 1.456693 5.795941 4.331031 1.456693 5.99421 4.152354 1.456693 6.090006 4.839544 1.456693 6.206717 3.990872 1.456693 6.343764 4.75682 1.456693 6.431976 3.847713 1.456693 6.58972 4.653179 1.456693 6.668411 3.723881 1.456693 6.826155 4.529347 1.456693 6.914368 3.62024 1.456693 7.051414 4.386189 1.456693 7.168125 3.537517 1.456693 7.263922 4.224706 1.456693 7.427908 3.476289 1.456693 7.462191 4.046029 1.456693 7.691899 3.436986 1.456693 7.644834 3.851408 1.456693 7.810574 3.642204 1.456693 7.958251 3.419881 1.456693 6.090006 4.839544 1.299213 5.447557 4.734856 1.299213 5.29988 4.957179 1.299213 5.613297 4.525652 1.299213 5.795941 4.331031 1.299213 5.99421 4.152354 1.299213 6.206717 3.990872 1.299213 6.343764 4.75682 1.299213 6.431976 3.847713 1.299213 6.58972 4.653179 1.299213 6.668411 3.723881 1.299213 6.826155 4.529347 1.299213 6.914368 3.62024 1.299213 7.051414 4.386189 1.299213 7.168125 3.537517 1.299213 7.263922 4.224706 1.299213 7.427908 3.476289 1.299213 7.462191 4.046029 1.299213 7.691899 3.436986 1.299213 7.644834 3.851408 1.299213 7.810574 3.642204 1.299213 7.958251 3.419881 1.299213</float_array>
                    <technique_common>
                        <accessor count="48" source="#ID50" stride="3">
                            <param name="X" type="float" />
                            <param name="Y" type="float" />
                            <param name="Z" type="float" />
                        </accessor>
                    </technique_common>
                </source>
                <source id="ID47">
                    <float_array id="ID51" count="144">0.07575646 0.7122619 0.6978137 0.1350152 0.7034394 -0.6978137 0.07575646 0.7122619 -0.6978137 0.1350152 0.7034394 0.6978137 -0.5795494 -0.4209258 0.6978137 -0.7226146 0.4178775 0.550642 -0.5423453 -0.4678863 0.6978137 -0.5013469 -0.5115733 0.6978137 -0.456841 -0.5516814 0.6978137 0.1933293 0.6896954 0.6978137 -0.4091389 -0.5879297 0.6978137 0.2502908 0.6711263 0.6978137 -0.3585744 -0.6200648 0.6978137 0.3055013 0.6478618 0.6978137 -0.3055013 -0.6478618 0.6978137 0.3585744 0.6200648 0.6978137 -0.2502908 -0.6711263 0.6978137 0.4091389 0.5879297 0.6978137 -0.1933293 -0.6896954 0.6978137 0.456841 0.5516814 0.6978137 -0.1350152 -0.7034394 0.6978137 0.5013469 0.5115733 0.6978137 -0.07575646 -0.7122619 0.6978137 0.5423453 0.4678863 0.6978137 0.5795494 0.4209258 0.6978137 0.7226146 -0.4178775 0.550642 0.1933293 0.6896954 -0.6978137 -0.5795494 -0.4209258 -0.6978137 -0.7226146 0.4178775 -0.550642 -0.5423453 -0.4678863 -0.6978137 -0.5013469 -0.5115733 -0.6978137 -0.456841 -0.5516814 -0.6978137 -0.4091389 -0.5879297 -0.6978137 0.2502908 0.6711263 -0.6978137 -0.3585744 -0.6200648 -0.6978137 0.3055013 0.6478618 -0.6978137 -0.3055013 -0.6478618 -0.6978137 0.3585744 0.6200648 -0.6978137 -0.2502908 -0.6711263 -0.6978137 0.4091389 0.5879297 -0.6978137 -0.1933293 -0.6896954 -0.6978137 0.456841 0.5516814 -0.6978137 -0.1350152 -0.7034394 -0.6978137 0.5013469 0.5115733 -0.6978137 -0.07575646 -0.7122619 -0.6978137 0.5423453 0.4678863 -0.6978137 0.5795494 0.4209258 -0.6978137 0.7226146 -0.4178775 -0.550642</float_array>
                    <technique_common>
                        <accessor count="48" source="#ID51" stride="3">
                            <param name="X" type="float" />
                            <param name="Y" type="float" />
                            <param name="Z" type="float" />
                        </accessor>
                    </technique_common>
                </source>
                <source id="ID49">
                    <float_array id="ID52" count="288">-1.011361 0.3083333 -1.067855 0.275 -1.011361 0.275 -1.067855 0.3083333 1.153066 1.002211 1.178186 1.045649 1.121808 1.049269 1.188148 0.9579297 1.234064 1.03733 1.226807 0.9167349 1.268774 0.8789149 1.289051 1.02437 1.313755 0.8447345 1.342763 1.00686 1.361435 0.8144326 1.394824 0.984923 1.41148 0.7882214 1.444869 0.9587117 1.463541 0.7662841 1.492549 0.9284099 1.517253 0.7487743 1.53753 0.8942295 1.572241 0.7358145 1.579497 0.8564095 1.628119 0.7274953 1.618157 0.8152147 1.653238 0.7709333 1.684496 0.7238749 -0.9631879 0.3083333 -1.019682 0.275 -0.9631879 0.275 -1.019682 0.3083333 -1.178186 1.045649 -1.153066 1.002211 -1.121808 1.049269 -1.188148 0.9579297 -1.234064 1.03733 -1.226807 0.9167349 -1.268774 0.8789149 -1.289051 1.02437 -1.313755 0.8447345 -1.342763 1.00686 -1.361435 0.8144326 -1.394824 0.984923 -1.41148 0.7882214 -1.444869 0.9587117 -1.463541 0.7662841 -1.492549 0.9284099 -1.517253 0.7487743 -1.53753 0.8942295 -1.572241 0.7358145 -1.579497 0.8564095 -1.628119 0.7274953 -1.618157 0.8152147 -1.653238 0.7709333 -1.684496 0.7238749 -1.05226 0.3083333 -1.108754 0.275 -1.05226 0.275 -1.108754 0.3083333 1.634645 0.3083333 1.578151 0.275 1.634645 0.275 1.578151 0.3083333 -0.2725706 0.275 -0.3290646 0.3083333 -0.3290646 0.275 -0.2725706 0.3083333 -0.3658562 0.275 -0.4223501 0.3083333 -0.4223501 0.275 -0.3658562 0.3083333 -0.4563845 0.275 -0.5128785 0.3083333 -0.5128785 0.275 -0.4563845 0.3083333 -0.5435222 0.3083333 -0.6000162 0.275 -0.5435222 0.275 -0.6000162 0.3083333 -0.6266598 0.3083333 -0.6831538 0.275 -0.6266598 0.275 -0.6831538 0.3083333 -0.7052155 0.3083333 -0.7617095 0.275 -0.7052155 0.275 -0.7617095 0.3083333 -0.7786398 0.3083333 -0.8351338 0.275 -0.7786398 0.275 -0.8351338 0.3083333 -0.8464189 0.3083333 -0.9029129 0.275 -0.8464189 0.275 -0.9029129 0.3083333 -0.9080788 0.3083333 -0.9645727 0.275 -0.9080788 0.275 -0.9645727 0.3083333 -0.25332 0.3083333 -0.196826 0.275 -0.196826 0.3083333 -0.25332 0.275 -0.06952832 0.3083333 -0.01303434 0.275 -0.01303434 0.3083333 -0.06952832 0.275 0.1145522 0.3083333 0.1710461 0.275 0.1710461 0.3083333 0.1145522 0.275 0.3541276 0.3083333 0.2976336 0.275 0.3541276 0.275 0.2976336 0.3083333 0.5349291 0.3083333 0.4784351 0.275 0.5349291 0.275 0.4784351 0.3083333 0.7121858 0.3083333 0.6556918 0.275 0.7121858 0.275 0.6556918 0.3083333 0.8846575 0.3083333 0.8281635 0.275 0.8846575 0.275 0.8281635 0.3083333 1.051138 0.3083333 0.9946436 0.275 1.051138 0.275 0.9946436 0.3083333 1.210461 0.3083333 1.153967 0.275 1.210461 0.275 1.153967 0.3083333 1.361514 0.3083333 1.30502 0.275 1.361514 0.275 1.30502 0.3083333 1.503239 0.3083333 1.446745 0.275 1.503239 0.275 1.446745 0.3083333</float_array>
                    <technique_common>
                        <accessor count="144" source="#ID52" stride="2">
                            <param name="S" type="float" />
                            <param name="T" type="float" />
                        </accessor>
                    </technique_common>
                </source>
                <vertices id="ID48">
                    <input semantic="POSITION" source="#ID46" />
                    <input semantic="NORMAL" source="#ID47" />
                </vertices>
                <triangles count="92" material="Material2">
                    <input offset="0" semantic="VERTEX" source="#ID48" />
                    <input offset="1" semantic="TEXCOORD" source="#ID49" />
                    <p>0 0 1 1 2 2 1 1 0 0 3 3 4 4 0 5 5 6 0 5 4 4 6 7 0 5 6 7 3 8 3 8 6 7 7 9 3 8 7 9 8 10 3 8 8 10 9 11 9 11 8 10 10 12 9 11 10 12 11 13 11 13 10 12 12 14 11 13 12 14 13 15 13 15 12 14 14 16 13 15 14 16 15 17 15 17 14 16 16 18 15 17 16 18 17 19 17 19 16 18 18 20 17 19 18 20 19 21 19 21 18 20 20 22 19 21 20 22 21 23 21 23 20 22 22 24 21 23 22 24 23 25 23 25 22 24 24 26 24 26 22 24 25 27 3 28 26 29 1 30 26 29 3 28 9 31 2 32 27 33 28 34 27 33 2 32 29 35 29 35 2 32 1 36 29 35 1 36 30 37 30 37 1 36 31 38 31 38 1 36 26 39 31 38 26 39 32 40 32 40 26 39 33 41 32 40 33 41 34 42 34 42 33 41 35 43 34 42 35 43 36 44 36 44 35 43 37 45 36 44 37 45 38 46 38 46 37 45 39 47 38 46 39 47 40 48 40 48 39 47 41 49 40 48 41 49 42 50 42 50 41 49 43 51 42 50 43 51 44 52 44 52 43 51 45 53 44 52 45 53 46 54 44 52 46 54 47 55 5 56 2 57 28 58 2 57 5 56 0 59 25 60 44 61 47 62 44 61 25 60 22 63 46 64 25 65 47 66 25 65 46 64 24 67 45 68 24 69 46 70 24 69 45 68 23 71 43 72 23 73 45 74 23 73 43 72 21 75 19 76 43 77 41 78 43 77 19 76 21 79 17 80 41 81 39 82 41 81 17 80 19 83 15 84 39 85 37 86 39 85 15 84 17 87 13 88 37 89 35 90 37 89 13 88 15 91 11 92 35 93 33 94 35 93 11 92 13 95 9 96 33 97 26 98 33 97 9 96 11 99 5 100 27 101 4 102 27 101 5 100 28 103 4 104 29 105 6 106 29 105 4 104 27 107 6 108 30 109 7 110 30 109 6 108 29 111 8 112 30 113 31 114 30 113 8 112 7 115 10 116 31 117 32 118 31 117 10 116 8 119 12 120 32 121 34 122 32 121 12 120 10 123 14 124 34 125 36 126 34 125 14 124 12 127 16 128 36 129 38 130 36 129 16 128 14 131 18 132 38 133 40 134 38 133 18 132 16 135 20 136 40 137 42 138 40 137 20 136 18 139 22 140 42 141 44 142 42 141 22 140 20 143</p>
                </triangles>
            </mesh>
        </geometry>
        <geometry id="ID53">
            <mesh>
                <source id="ID54">
                    <float_array id="ID57" count="585">4.795158 5.166656 1.299213 4.795058 5.024 1.299213 4.785718 5.095334 1.299213 4.822543 4.957513 1.299213 4.822737 5.233104 1.299213 4.8663 4.900406 1.299213 4.866573 5.29015 1.299213 4.923346 4.856569 1.299213 4.92368 5.333906 1.299213 4.989794 4.828991 1.299213 4.990167 5.361391 1.299213 5.061115 4.819551 1.299213 5.061502 5.370732 1.299213 5.061308 5.095141 1.299213 5.232515 5.308167 1.299213 5.132823 5.361291 1.299213 5.199271 5.333713 1.299213 5.13245 4.828891 1.299213 5.274842 5.265699 1.299213 5.198936 4.856376 1.299213 5.256044 4.900133 1.299213 5.29988 4.957179 1.299213 5.300073 5.232769 1.299213 5.327458 5.023627 1.299213 5.327558 5.166283 1.299213 5.336899 5.094948 1.299213 7.751519 8.442457 1.771654 5.061308 5.095141 1.456693 5.061308 5.095141 1.771654 5.232515 5.308167 1.456693 5.232515 5.308167 1.299213 5.061308 5.095141 0.984252 5.061308 5.095141 1.299213 7.751519 8.442457 0.984252 8.401214 7.762861 1.771654 5.061308 5.095141 0.984252 8.401214 7.762861 0.984252 5.274842 5.265699 1.299213 5.274842 5.265699 1.456693 5.061308 5.095141 1.456693 5.061308 5.095141 1.771654 5.061308 5.095141 1.299213 5.274842 5.265699 1.299213 5.300073 5.232769 1.456693 5.300073 5.232769 1.299213 5.274842 5.265699 1.456693 5.327558 5.166283 1.456693 5.327558 5.166283 1.299213 5.336899 5.094948 1.456693 5.336899 5.094948 1.299213 5.327458 5.023627 1.456693 5.327458 5.023627 1.299213 5.29988 4.957179 1.456693 5.29988 4.957179 1.299213 5.29988 4.957179 1.299213 5.256044 4.900133 1.456693 5.256044 4.900133 1.299213 5.29988 4.957179 1.456693 5.198936 4.856376 1.299213 5.198936 4.856376 1.456693 5.13245 4.828891 1.299213 5.13245 4.828891 1.456693 5.061115 4.819551 1.299213 5.061115 4.819551 1.456693 4.989794 4.828991 1.299213 4.989794 4.828991 1.456693 4.923346 4.856569 1.299213 4.923346 4.856569 1.456693 4.8663 4.900406 1.299213 4.8663 4.900406 1.456693 4.822543 4.957513 1.456693 4.822543 4.957513 1.299213 4.795058 5.024 1.456693 4.795058 5.024 1.299213 4.785718 5.095334 1.456693 4.785718 5.095334 1.299213 4.795158 5.166656 1.456693 4.795158 5.166656 1.299213 4.822737 5.233104 1.456693 4.822737 5.233104 1.299213 4.866573 5.29015 1.456693 4.822737 5.233104 1.299213 4.822737 5.233104 1.456693 4.866573 5.29015 1.299213 4.92368 5.333906 1.299213 4.92368 5.333906 1.456693 4.990167 5.361391 1.299213 4.990167 5.361391 1.456693 5.061502 5.370732 1.299213 5.061502 5.370732 1.456693 5.132823 5.361291 1.299213 5.132823 5.361291 1.456693 5.199271 5.333713 1.299213 5.199271 5.333713 1.456693 5.232515 5.308167 1.299213 5.232515 5.308167 1.456693 5.13245 4.828891 1.456693 5.061308 5.095141 1.456693 5.061115 4.819551 1.456693 5.274842 5.265699 1.456693 5.198936 4.856376 1.456693 5.256044 4.900133 1.456693 5.29988 4.957179 1.456693 5.300073 5.232769 1.456693 5.327458 5.023627 1.456693 5.327558 5.166283 1.456693 5.336899 5.094948 1.456693 4.795058 5.024 1.456693 4.795158 5.166656 1.456693 4.785718 5.095334 1.456693 4.822543 4.957513 1.456693 4.822737 5.233104 1.456693 4.8663 4.900406 1.456693 4.866573 5.29015 1.456693 4.923346 4.856569 1.456693 4.92368 5.333906 1.456693 4.989794 4.828991 1.456693 4.990167 5.361391 1.456693 5.061502 5.370732 1.456693 5.232515 5.308167 1.456693 5.132823 5.361291 1.456693 5.199271 5.333713 1.456693 8.401214 7.762861 1.771654 7.751519 8.442457 1.771654 5.061308 5.095141 1.771654 7.751519 8.442457 0.984252 6.793503 9.024678 0.7874016 7.751519 8.442457 0.7874016 6.793503 9.024678 1.968504 7.751519 8.442457 1.771654 7.751519 8.442457 1.968504 8.401214 7.762861 0.984252 5.061308 5.095141 0.984252 7.751519 8.442457 0.984252 8.401214 7.762861 1.968504 8.526201 7.632123 0.7874016 8.526201 7.632123 1.968504 8.401214 7.762861 0.7874016 8.401214 7.762861 1.771654 8.401214 7.762861 0.984252 5.256317 5.289876 1.456693 7.751519 8.442457 1.968504 8.401214 7.762861 1.771654 8.401214 7.762861 1.968504 7.751519 8.442457 1.771654 5.717441 9.339107 0.7874016 5.717441 9.339107 1.968504 7.751519 8.442457 0.984252 8.401214 7.762861 0.7874016 8.401214 7.762861 0.984252 7.751519 8.442457 0.7874016 7.751519 8.442457 1.771654 8.401214 7.762861 0.984252 8.401214 7.762861 1.771654 7.751519 8.442457 0.984252 9.064757 6.648897 0.7874016 9.064757 6.648897 1.968504 4.596664 9.364317 0.7874016 4.596664 9.364317 1.968504 9.330484 5.559785 0.7874016 9.330484 5.559785 1.968504 3.507553 9.09859 0.7874016 3.507553 9.09859 1.968504 9.305274 4.439009 0.7874016 9.305274 4.439009 1.968504 2.524327 8.560034 0.7874016 2.524327 8.560034 1.968504 8.990845 3.362947 0.7874016 8.990845 3.362947 1.968504 1.713992 7.785351 0.7874016 1.713992 7.785351 1.968504 8.408625 2.404931 0.7874016 8.408625 2.404931 1.968504 1.131772 6.827335 1.968504 1.131772 6.827335 0.7874016 7.59829 1.630249 1.968504 7.59829 1.630249 0.7874016 0.8173424 5.751273 1.968504 0.8173424 5.751273 0.7874016 6.615064 1.091693 1.968504 6.615064 1.091693 0.7874016 0.7921326 4.630497 1.968504 0.7921326 4.630497 0.7874016 5.525953 0.8259653 1.968504 5.525953 0.8259653 0.7874016 1.05786 3.541385 1.968504 1.05786 3.541385 0.7874016 4.405176 0.8511752 1.968504 4.405176 0.8511752 0.7874016 1.596416 2.55816 1.968504 1.596416 2.55816 0.7874016 3.329114 1.165604 1.968504 3.329114 1.165604 0.7874016 2.371098 1.747825 1.968504 2.371098 1.747825 0.7874016</float_array>
                    <technique_common>
                        <accessor count="195" source="#ID57" stride="3">
                            <param name="X" type="float" />
                            <param name="Y" type="float" />
                            <param name="Z" type="float" />
                        </accessor>
                    </technique_common>
                </source>
                <source id="ID55">
                    <float_array id="ID58" count="585">-7.04355e-18 5.43168e-18 -1 -7.04355e-18 5.43168e-18 -1 -7.04355e-18 5.43168e-18 -1 -7.04355e-18 5.43168e-18 -1 -7.04355e-18 5.43168e-18 -1 -7.04355e-18 5.43168e-18 -1 -7.04355e-18 5.43168e-18 -1 -7.04355e-18 5.43168e-18 -1 -7.04355e-18 5.43168e-18 -1 -7.04355e-18 5.43168e-18 -1 -7.04355e-18 5.43168e-18 -1 -7.04355e-18 5.43168e-18 -1 -7.04355e-18 5.43168e-18 -1 -7.04355e-18 5.43168e-18 -1 -7.04355e-18 5.43168e-18 -1 -7.04355e-18 5.43168e-18 -1 -7.04355e-18 5.43168e-18 -1 -7.04355e-18 5.43168e-18 -1 -7.04355e-18 5.43168e-18 -1 -7.04355e-18 5.43168e-18 -1 -7.04355e-18 5.43168e-18 -1 -7.04355e-18 5.43168e-18 -1 -7.04355e-18 5.43168e-18 -1 -7.04355e-18 5.43168e-18 -1 -7.04355e-18 5.43168e-18 -1 -7.04355e-18 5.43168e-18 -1 -0.7794632 0.626448 -1.402794e-15 -0.7794632 0.626448 -1.402794e-15 -0.7794632 0.626448 -1.402794e-15 -0.7794632 0.626448 -1.402794e-15 -0.7794632 0.626448 -1.402794e-15 -0.7794632 0.626448 -1.402794e-15 -0.7794632 0.626448 -1.402794e-15 -0.7794632 0.626448 -1.402794e-15 0.6240951 -0.7813484 1.376186e-15 0.6240951 -0.7813484 1.376186e-15 0.6240951 -0.7813484 1.376186e-15 0.6240951 -0.7813484 1.376186e-15 0.6240951 -0.7813484 1.376186e-15 0.6240951 -0.7813484 1.376186e-15 0.6240951 -0.7813484 1.376186e-15 0.6240951 -0.7813484 1.376186e-15 0.7937799 0.6082051 -2.287453e-18 0.8663757 0.4993927 -3.389819e-18 0.8663757 0.4993927 -3.389819e-18 0.7937799 0.6082051 -2.287453e-18 0.966107 0.2581418 -5.40268e-18 0.966107 0.2581418 -5.40268e-18 0.9999998 -0.0007010749 -7.047356e-18 0.9999998 -0.0007010749 -7.047356e-18 0.9657441 -0.2594962 -8.211768e-18 0.9657441 -0.2594962 -8.211768e-18 0.923611 -0.383331 -8.587632e-18 0.923611 -0.383331 -8.587632e-18 0.7929264 -0.6093175 -8.894634e-18 0.7066109 -0.7076023 -8.820519e-18 0.7066109 -0.7076023 -8.820519e-18 0.7929264 -0.6093175 -8.894634e-18 0.4993927 -0.8663757 -8.223374e-18 0.4993927 -0.8663757 -8.223374e-18 0.2581418 -0.966107 -7.065819e-18 0.2581418 -0.966107 -7.065819e-18 -0.0007010749 -0.9999998 -5.426741e-18 -0.0007010749 -0.9999998 -5.426741e-18 -0.2594962 -0.9657441 -3.417839e-18 -0.2594962 -0.9657441 -3.417839e-18 -0.500607 -0.8656747 -1.176017e-18 -0.500607 -0.8656747 -1.176017e-18 -0.7076023 -0.7066109 1.145948e-18 -0.7076023 -0.7066109 1.145948e-18 -0.8663757 -0.4993927 3.389819e-18 -0.8663757 -0.4993927 3.389819e-18 -0.966107 -0.2581418 5.40268e-18 -0.966107 -0.2581418 5.40268e-18 -0.9999998 0.0007010749 7.047356e-18 -0.9999998 0.0007010749 7.047356e-18 -0.9657441 0.2594962 8.211768e-18 -0.9657441 0.2594962 8.211768e-18 -0.923611 0.383331 8.587632e-18 -0.923611 0.383331 8.587632e-18 -0.7066109 0.7076023 8.820519e-18 -0.7929264 0.6093175 8.894634e-18 -0.7929264 0.6093175 8.894634e-18 -0.7066109 0.7076023 8.820519e-18 -0.4993927 0.8663757 8.223374e-18 -0.4993927 0.8663757 8.223374e-18 -0.2581418 0.966107 7.065819e-18 -0.2581418 0.966107 7.065819e-18 0.0007010749 0.9999998 5.426741e-18 0.0007010749 0.9999998 5.426741e-18 0.2594962 0.9657441 3.417839e-18 0.2594962 0.9657441 3.417839e-18 0.500607 0.8656747 1.176017e-18 0.500607 0.8656747 1.176017e-18 0.6093175 0.7929264 1.516438e-20 0.6093175 0.7929264 1.516438e-20 7.04355e-18 -5.43168e-18 1 7.04355e-18 -5.43168e-18 1 7.04355e-18 -5.43168e-18 1 7.04355e-18 -5.43168e-18 1 7.04355e-18 -5.43168e-18 1 7.04355e-18 -5.43168e-18 1 7.04355e-18 -5.43168e-18 1 7.04355e-18 -5.43168e-18 1 7.04355e-18 -5.43168e-18 1 7.04355e-18 -5.43168e-18 1 7.04355e-18 -5.43168e-18 1 7.04355e-18 -5.43168e-18 1 7.04355e-18 -5.43168e-18 1 7.04355e-18 -5.43168e-18 1 7.04355e-18 -5.43168e-18 1 7.04355e-18 -5.43168e-18 1 7.04355e-18 -5.43168e-18 1 7.04355e-18 -5.43168e-18 1 7.04355e-18 -5.43168e-18 1 7.04355e-18 -5.43168e-18 1 7.04355e-18 -5.43168e-18 1 7.04355e-18 -5.43168e-18 1 7.04355e-18 -5.43168e-18 1 7.04355e-18 -5.43168e-18 1 7.04355e-18 -5.43168e-18 1 7.04355e-18 -5.43168e-18 1 7.04355e-18 -5.43168e-18 1 7.04355e-18 -5.43168e-18 1 7.04355e-18 -5.43168e-18 1 -0.5193483 -0.8545626 -9.836552e-19 -0.4033624 -0.9150403 -2.129103e-18 -0.5193483 -0.8545626 -9.836552e-19 -0.4033624 -0.9150403 -2.129103e-18 -0.5193483 -0.8545626 -9.836552e-19 -0.5193483 -0.8545626 -9.836552e-19 -7.04355e-18 5.43168e-18 -1 -7.04355e-18 5.43168e-18 -1 -7.04355e-18 5.43168e-18 -1 -0.7228291 -0.6910269 1.337845e-18 -0.8068423 -0.5907669 2.474177e-18 -0.8068423 -0.5907669 2.474177e-18 -0.7228291 -0.6910269 1.337845e-18 -0.7228291 -0.6910269 1.337845e-18 -0.7228291 -0.6910269 1.337845e-18 7.04355e-18 -5.43168e-18 1 -0.7228291 -0.6910269 1.337845e-18 -0.7228291 -0.6910269 1.337845e-18 -0.7228291 -0.6910269 1.337845e-18 -0.7228291 -0.6910269 1.337845e-18 -0.1527883 -0.9882589 -4.291735e-18 -0.1527883 -0.9882589 -4.291735e-18 -0.7228291 -0.6910269 1.337845e-18 -0.7228291 -0.6910269 1.337845e-18 -0.7228291 -0.6910269 1.337845e-18 -0.7228291 -0.6910269 1.337845e-18 -0.7228291 -0.6910269 1.337845e-18 -0.7228291 -0.6910269 1.337845e-18 -0.7228291 -0.6910269 1.337845e-18 -0.7228291 -0.6910269 1.337845e-18 -0.9322515 -0.3618109 4.601119e-18 -0.9322515 -0.3618109 4.601119e-18 0.108198 -0.9941294 -6.161891e-18 0.108198 -0.9941294 -6.161891e-18 -0.9941294 -0.108198 6.414503e-18 -0.9941294 -0.108198 6.414503e-18 0.3618109 -0.9322515 -7.612126e-18 0.3618109 -0.9322515 -7.612126e-18 -0.9882589 0.1527883 7.790749e-18 -0.9882589 0.1527883 7.790749e-18 0.5907669 -0.8068423 -8.543606e-18 0.5907669 -0.8068423 -8.543606e-18 -0.9150403 0.4033624 8.636068e-18 -0.9150403 0.4033624 8.636068e-18 0.7794632 -0.626448 -8.892854e-18 0.7794632 -0.626448 -8.892854e-18 -0.7794632 0.626448 8.892854e-18 -0.7794632 0.626448 8.892854e-18 0.9150403 -0.4033624 -8.636068e-18 0.9150403 -0.4033624 -8.636068e-18 -0.5907669 0.8068423 8.543606e-18 -0.5907669 0.8068423 8.543606e-18 0.9882589 -0.1527883 -7.790749e-18 0.9882589 -0.1527883 -7.790749e-18 -0.3618109 0.9322515 7.612126e-18 -0.3618109 0.9322515 7.612126e-18 0.9941294 0.108198 -6.414503e-18 0.9941294 0.108198 -6.414503e-18 -0.108198 0.9941294 6.161891e-18 -0.108198 0.9941294 6.161891e-18 0.9322515 0.3618109 -4.601119e-18 0.9322515 0.3618109 -4.601119e-18 0.1527883 0.9882589 4.291735e-18 0.1527883 0.9882589 4.291735e-18 0.8068423 0.5907669 -2.474177e-18 0.8068423 0.5907669 -2.474177e-18 0.4033624 0.9150403 2.129103e-18 0.4033624 0.9150403 2.129103e-18 0.626448 0.7794632 -1.786233e-19 0.626448 0.7794632 -1.786233e-19</float_array>
                    <technique_common>
                        <accessor count="195" source="#ID58" stride="3">
                            <param name="X" type="float" />
                            <param name="Y" type="float" />
                            <param name="Z" type="float" />
                        </accessor>
                    </technique_common>
                </source>
                <vertices id="ID56">
                    <input semantic="POSITION" source="#ID54" />
                    <input semantic="NORMAL" source="#ID55" />
                </vertices>
                <triangles count="170" material="Material2">
                    <input offset="0" semantic="VERTEX" source="#ID56" />
                    <p>0 1 2 1 0 3 3 0 4 3 4 5 5 4 6 5 6 7 7 6 8 7 8 9 9 8 10 9 10 11 11 10 12 11 12 13 13 12 14 14 12 15 14 15 16 13 17 11 17 13 18 17 18 19 19 18 20 20 18 21 21 18 22 21 22 23 23 22 24 23 24 25 26 27 28 27 26 29 29 26 30 30 31 32 31 30 33 33 30 26 34 35 36 35 34 37 37 34 38 38 34 39 39 34 40 41 35 37 42 43 44 43 42 45 44 46 47 46 44 43 47 48 49 48 47 46 49 50 51 50 49 48 51 52 53 52 51 50 54 55 56 55 54 57 55 58 56 58 55 59 59 60 58 60 59 61 61 62 60 62 61 63 63 64 62 64 63 65 65 66 64 66 65 67 67 68 66 68 67 69 70 68 69 68 70 71 72 71 70 71 72 73 74 73 72 73 74 75 76 75 74 75 76 77 78 77 76 77 78 79 80 81 82 81 80 83 80 84 83 84 80 85 85 86 84 86 85 87 87 88 86 88 87 89 89 90 88 90 89 91 91 92 90 92 91 93 93 94 92 94 93 95 96 97 98 97 96 99 99 96 100 99 100 101 99 101 102 99 102 103 103 102 104 103 104 105 105 104 106 107 108 109 108 107 110 108 110 111 111 110 112 111 112 113 113 112 114 113 114 115 115 114 116 115 116 117 117 116 98 117 98 97 117 97 118 118 97 119 118 119 120 120 119 121 122 123 124 125 126 127 126 125 128 128 125 129 128 129 130 131 132 133 134 135 136 135 134 137 137 134 138 137 138 139 99 119 97 119 99 140 141 142 143 142 141 144 128 145 126 145 128 146 147 148 149 148 147 150 151 152 153 152 151 154 136 155 156 155 136 135 146 157 145 157 146 158 156 159 160 159 156 155 158 161 157 161 158 162 160 163 164 163 160 159 162 165 161 165 162 166 164 167 168 167 164 163 166 169 165 169 166 170 168 171 172 171 168 167 169 173 174 173 169 170 175 171 176 171 175 172 174 177 178 177 174 173 179 176 180 176 179 175 178 181 182 181 178 177 183 180 184 180 183 179 182 185 186 185 182 181 187 184 188 184 187 183 186 189 190 189 186 185 191 188 192 188 191 187 190 193 194 193 190 189 193 192 194 192 193 191</p>
                </triangles>
            </mesh>
        </geometry>
        <geometry id="ID59">
            <mesh>
                <source id="ID60">
                    <float_array id="ID63" count="288">11.82072 8.702738 0.7874016 11.77987 8.634823 0 11.77987 8.634823 0.7874016 11.82072 8.702738 0 11.84978 8.77647 0.7874016 11.84978 8.77647 0 11.85321 9.092278 1.110223e-16 11.86969 8.93317 1.110223e-16 11.85308 9.067827 1.110223e-16 12.23635 9.090359 1.110223e-16 11.88917 8.209504 0 11.99881 8.301334 0 12.09177 8.410023 0 12.16548 8.532581 0 12.21793 8.665637 0 12.24766 8.805532 1.110223e-16 12.25385 8.948416 1.110223e-16 11.20938 8.455091 1.110223e-16 11.34913 8.052985 1.110223e-16 11.20738 8.071952 1.110223e-16 11.23385 8.454968 1.110223e-16 11.36834 8.436973 1.110223e-16 11.49207 8.057708 0 11.44755 8.43959 0 11.52524 8.455264 0 11.63226 8.085992 0 11.59927 8.483562 0 11.6676 8.523707 0 11.76586 8.137059 0 11.72836 8.574594 0 11.77987 8.634823 0 11.82072 8.702738 0 11.84978 8.77647 0 11.86625 8.853991 1.110223e-16 11.72836 8.574594 0 11.72836 8.574594 0.7874016 11.86625 8.853991 0.7874016 11.86625 8.853991 1.110223e-16 11.34913 8.052985 0.7874016 11.20738 8.071952 1.110223e-16 11.34913 8.052985 1.110223e-16 11.20738 8.071952 0.7874016 11.20938 8.455091 0.7874016 11.20738 8.071952 1.110223e-16 11.20738 8.071952 0.7874016 11.20938 8.455091 1.110223e-16 11.20938 8.455091 0.7874016 11.23385 8.454968 1.110223e-16 11.20938 8.455091 1.110223e-16 11.23385 8.454968 0.7874016 11.23385 8.454968 0.7874016 11.36834 8.436973 1.110223e-16 11.23385 8.454968 1.110223e-16 11.36834 8.436973 0.7874016 11.44755 8.43959 0.7874016 11.44755 8.43959 0 11.52524 8.455264 0 11.52524 8.455264 0.7874016 11.59927 8.483562 0 11.59927 8.483562 0.7874016 11.6676 8.523707 0 11.6676 8.523707 0.7874016 11.86969 8.93317 0.7874016 11.86969 8.93317 1.110223e-16 11.85308 9.067827 0.7874016 11.85308 9.067827 1.110223e-16 11.85321 9.092278 0.7874016 11.85308 9.067827 1.110223e-16 11.85308 9.067827 0.7874016 11.85321 9.092278 1.110223e-16 11.85321 9.092278 0.7874016 12.23635 9.090359 1.110223e-16 11.85321 9.092278 1.110223e-16 12.23635 9.090359 0.7874016 12.23635 9.090359 1.110223e-16 12.25385 8.948416 0.7874016 12.25385 8.948416 1.110223e-16 12.23635 9.090359 0.7874016 12.24766 8.805532 0.7874016 12.24766 8.805532 1.110223e-16 12.21793 8.665637 0.7874016 12.21793 8.665637 0 12.16548 8.532581 0.7874016 12.16548 8.532581 0 12.09177 8.410023 0.7874016 12.09177 8.410023 0 11.99881 8.301334 0.7874016 11.99881 8.301334 0 11.88917 8.209504 0 11.88917 8.209504 0.7874016 11.76586 8.137059 0 11.76586 8.137059 0.7874016 11.63226 8.085992 0 11.63226 8.085992 0.7874016 11.49207 8.057708 0 11.49207 8.057708 0.7874016</float_array>
                    <technique_common>
                        <accessor count="96" source="#ID63" stride="3">
                            <param name="X" type="float" />
                            <param name="Y" type="float" />
                            <param name="Z" type="float" />
                        </accessor>
                    </technique_common>
                </source>
                <source id="ID61">
                    <float_array id="ID64" count="288">-0.8967308 0.4425764 1.014589e-16 -0.8112468 0.5847039 1.08409e-16 -0.8112468 0.5847039 1.08409e-16 -0.8967308 0.4425764 1.014589e-16 -0.9575477 0.2882748 9.171792e-17 -0.9575477 0.2882748 9.171792e-17 -6.863462e-17 9.018129e-17 -1 -6.863462e-17 9.018129e-17 -1 -6.863462e-17 9.018129e-17 -1 -6.863462e-17 9.018129e-17 -1 -6.863462e-17 9.018129e-17 -1 -6.863462e-17 9.018129e-17 -1 -6.863462e-17 9.018129e-17 -1 -6.863462e-17 9.018129e-17 -1 -6.863462e-17 9.018129e-17 -1 -6.863462e-17 9.018129e-17 -1 -6.863462e-17 9.018129e-17 -1 -6.863462e-17 9.018129e-17 -1 -6.863462e-17 9.018129e-17 -1 -6.863462e-17 9.018129e-17 -1 -6.863462e-17 9.018129e-17 -1 -6.863462e-17 9.018129e-17 -1 -6.863462e-17 9.018129e-17 -1 -6.863462e-17 9.018129e-17 -1 -6.863462e-17 9.018129e-17 -1 -6.863462e-17 9.018129e-17 -1 -6.863462e-17 9.018129e-17 -1 -6.863462e-17 9.018129e-17 -1 -6.863462e-17 9.018129e-17 -1 -6.863462e-17 9.018129e-17 -1 -6.863462e-17 9.018129e-17 -1 -6.863462e-17 9.018129e-17 -1 -6.863462e-17 9.018129e-17 -1 -6.863462e-17 9.018129e-17 -1 -0.7034473 0.7107474 1.12377e-16 -0.7034473 0.7107474 1.12377e-16 -0.9920247 0.1260433 7.9454e-17 -0.9920247 0.1260433 7.9454e-17 -0.04996876 -0.9987508 -8.663905e-17 -0.1326203 -0.9911669 -8.028237e-17 -0.04996876 -0.9987508 -8.663905e-17 -0.1326203 -0.9911669 -8.028237e-17 -0.9999863 0.00524343 6.910654e-17 -0.9999863 0.00524343 6.910654e-17 -0.9999863 0.00524343 6.910654e-17 -0.9999863 0.00524343 6.910654e-17 0.005007568 0.9999875 8.983647e-17 0.005007568 0.9999875 8.983647e-17 0.005007568 0.9999875 8.983647e-17 0.005007568 0.9999875 8.983647e-17 0.1326203 0.9911669 8.028237e-17 0.04996876 0.9987508 8.663905e-17 0.1326203 0.9911669 8.028237e-17 0.04996876 0.9987508 8.663905e-17 -0.1157952 0.9932731 9.752221e-17 -0.1157952 0.9932731 9.752221e-17 -0.278374 0.9604728 1.057228e-16 -0.278374 0.9604728 1.057228e-16 -0.4332953 0.901252 1.110151e-16 -0.4332953 0.901252 1.110151e-16 -0.5762976 0.8172399 1.132537e-16 -0.5762976 0.8172399 1.132537e-16 -0.9992134 -0.03965527 6.500447e-17 -0.9992134 -0.03965527 6.500447e-17 -0.9924832 -0.1223807 5.708227e-17 -0.9924832 -0.1223807 5.708227e-17 -0.9999863 0.00524343 6.910654e-17 -0.9999863 0.00524343 6.910654e-17 -0.9999863 0.00524343 6.910654e-17 -0.9999863 0.00524343 6.910654e-17 0.005007568 0.9999875 8.983647e-17 0.005007568 0.9999875 8.983647e-17 0.005007568 0.9999875 8.983647e-17 0.005007568 0.9999875 8.983647e-17 0.9924832 0.1223807 -5.708227e-17 0.9992134 0.03965527 -6.500447e-17 0.9992134 0.03965527 -6.500447e-17 0.9924832 0.1223807 -5.708227e-17 0.9920247 -0.1260433 -7.9454e-17 0.9920247 -0.1260433 -7.9454e-17 0.9575477 -0.2882748 -9.171792e-17 0.9575477 -0.2882748 -9.171792e-17 0.8967308 -0.4425764 -1.014589e-16 0.8967308 -0.4425764 -1.014589e-16 0.8112468 -0.5847039 -1.08409e-16 0.8112468 -0.5847039 -1.08409e-16 0.7034473 -0.7107474 -1.12377e-16 0.7034473 -0.7107474 -1.12377e-16 0.5762976 -0.8172399 -1.132537e-16 0.5762976 -0.8172399 -1.132537e-16 0.4332953 -0.901252 -1.110151e-16 0.4332953 -0.901252 -1.110151e-16 0.278374 -0.9604728 -1.057228e-16 0.278374 -0.9604728 -1.057228e-16 0.1157952 -0.9932731 -9.752221e-17 0.1157952 -0.9932731 -9.752221e-17</float_array>
                    <technique_common>
                        <accessor count="96" source="#ID64" stride="3">
                            <param name="X" type="float" />
                            <param name="Y" type="float" />
                            <param name="Z" type="float" />
                        </accessor>
                    </technique_common>
                </source>
                <vertices id="ID62">
                    <input semantic="POSITION" source="#ID60" />
                    <input semantic="NORMAL" source="#ID61" />
                </vertices>
                <triangles count="82" material="Material2">
                    <input offset="0" semantic="VERTEX" source="#ID62" />
                    <p>0 1 2 1 0 3 4 3 0 3 4 5 6 7 8 7 6 9 7 9 10 10 9 11 11 9 12 12 9 13 13 9 14 14 9 15 15 9 16 17 18 19 18 17 20 18 20 21 18 21 22 22 21 23 22 23 24 22 24 25 25 24 26 25 26 27 25 27 28 28 27 29 28 29 30 28 30 10 10 30 31 10 31 32 10 32 33 10 33 7 2 34 35 34 2 1 36 5 4 5 36 37 38 39 40 39 38 41 42 43 44 43 42 45 46 47 48 47 46 49 50 51 52 51 50 53 51 54 55 54 51 53 54 56 55 56 54 57 57 58 56 58 57 59 59 60 58 60 59 61 61 34 60 34 61 35 62 37 36 37 62 63 64 63 62 63 64 65 66 67 68 67 66 69 70 71 72 71 70 73 74 75 76 75 74 77 76 78 79 78 76 75 79 80 81 80 79 78 81 82 83 82 81 80 83 84 85 84 83 82 85 86 87 86 85 84 86 88 87 88 86 89 89 90 88 90 89 91 91 92 90 92 91 93 93 94 92 94 93 95 95 40 94 40 95 38</p>
                </triangles>
            </mesh>
        </geometry>
        <geometry id="ID65">
            <mesh>
                <source id="ID66">
                    <float_array id="ID69" count="288">8.466738 9.109236 0 8.466881 9.089062 0.7874016 8.466881 9.089062 0 8.466738 9.109236 0.7874016 8.466881 9.089062 0 8.450217 8.953385 0.7874016 8.450217 8.953385 0 8.466881 9.089062 0.7874016 8.083571 9.111155 0 8.072237 8.82512 0 8.066063 8.968607 0 8.101925 8.684602 0 8.466738 9.109236 0 8.154319 8.550881 0 8.227992 8.427597 0 8.320937 8.318109 0 8.450217 8.953385 0 8.430624 8.225397 0 8.466881 9.089062 0 8.453663 8.873284 0 8.554064 8.151987 0 8.470237 8.794841 0 8.499485 8.720192 0 8.540612 8.65137 0 8.592498 8.590249 0 8.687897 8.099878 0 8.65373 8.538493 0 8.72264 8.497513 0 8.828477 8.070489 0 8.797351 8.468423 0 8.875829 8.452017 0 8.971976 8.06462 0 8.955936 8.448741 0 9.091592 8.465696 0 9.114487 8.082432 0 9.11178 8.465595 0 8.083571 9.111155 0.7874016 8.466738 9.109236 0 8.083571 9.111155 0 8.466738 9.109236 0.7874016 8.453663 8.873284 0.7874016 8.453663 8.873284 0 9.091592 8.465696 0.7874016 9.11178 8.465595 0 9.091592 8.465696 0 9.11178 8.465595 0.7874016 9.11178 8.465595 0 9.114487 8.082432 0.7874016 9.114487 8.082432 0 9.11178 8.465595 0.7874016 9.114487 8.082432 0.7874016 8.971976 8.06462 0 9.114487 8.082432 0 8.971976 8.06462 0.7874016 8.828477 8.070489 0 8.828477 8.070489 0.7874016 8.687897 8.099878 0 8.687897 8.099878 0.7874016 8.554064 8.151987 0 8.554064 8.151987 0.7874016 8.430624 8.225397 0 8.430624 8.225397 0.7874016 8.320937 8.318109 0 8.320937 8.318109 0.7874016 8.227992 8.427597 0.7874016 8.227992 8.427597 0 8.154319 8.550881 0.7874016 8.154319 8.550881 0 8.101925 8.684602 0.7874016 8.101925 8.684602 0 8.072237 8.82512 0.7874016 8.072237 8.82512 0 8.066063 8.968607 0.7874016 8.066063 8.968607 0 8.083571 9.111155 0.7874016 8.083571 9.111155 0 8.470237 8.794841 0.7874016 8.470237 8.794841 0 8.499485 8.720192 0.7874016 8.499485 8.720192 0 8.540612 8.65137 0.7874016 8.540612 8.65137 0 8.592498 8.590249 0.7874016 8.592498 8.590249 0 8.65373 8.538493 0 8.65373 8.538493 0.7874016 8.72264 8.497513 0 8.72264 8.497513 0.7874016 8.797351 8.468423 0 8.797351 8.468423 0.7874016 8.875829 8.452017 0 8.875829 8.452017 0.7874016 8.955936 8.448741 0 8.955936 8.448741 0.7874016 9.091592 8.465696 0 9.091592 8.465696 0.7874016</float_array>
                    <technique_common>
                        <accessor count="96" source="#ID69" stride="3">
                            <param name="X" type="float" />
                            <param name="Y" type="float" />
                            <param name="Z" type="float" />
                        </accessor>
                    </technique_common>
                </source>
                <source id="ID67">
                    <float_array id="ID70" count="288">0.999975 0.007065187 4.601359e-17 0.999975 0.007065187 4.601359e-17 0.999975 0.007065187 4.601359e-17 0.999975 0.007065187 4.601359e-17 0.9925416 -0.1219064 3.847187e-17 0.9992159 -0.03959338 4.337325e-17 0.9992159 -0.03959338 4.337325e-17 0.9925416 -0.1219064 3.847187e-17 4.562017e-17 5.584645e-17 -1 4.562017e-17 5.584645e-17 -1 4.562017e-17 5.584645e-17 -1 4.562017e-17 5.584645e-17 -1 4.562017e-17 5.584645e-17 -1 4.562017e-17 5.584645e-17 -1 4.562017e-17 5.584645e-17 -1 4.562017e-17 5.584645e-17 -1 4.562017e-17 5.584645e-17 -1 4.562017e-17 5.584645e-17 -1 4.562017e-17 5.584645e-17 -1 4.562017e-17 5.584645e-17 -1 4.562017e-17 5.584645e-17 -1 4.562017e-17 5.584645e-17 -1 4.562017e-17 5.584645e-17 -1 4.562017e-17 5.584645e-17 -1 4.562017e-17 5.584645e-17 -1 4.562017e-17 5.584645e-17 -1 4.562017e-17 5.584645e-17 -1 4.562017e-17 5.584645e-17 -1 4.562017e-17 5.584645e-17 -1 4.562017e-17 5.584645e-17 -1 4.562017e-17 5.584645e-17 -1 4.562017e-17 5.584645e-17 -1 4.562017e-17 5.584645e-17 -1 4.562017e-17 5.584645e-17 -1 4.562017e-17 5.584645e-17 -1 4.562017e-17 5.584645e-17 -1 0.005007568 0.9999875 5.60742e-17 0.005007568 0.9999875 5.60742e-17 0.005007568 0.9999875 5.60742e-17 0.005007568 0.9999875 5.60742e-17 0.9921215 0.1252796 5.225717e-17 0.9921215 0.1252796 5.225717e-17 0.005007568 0.9999875 5.60742e-17 0.005007568 0.9999875 5.60742e-17 0.005007568 0.9999875 5.60742e-17 0.005007568 0.9999875 5.60742e-17 0.999975 0.007065187 4.601359e-17 0.999975 0.007065187 4.601359e-17 0.999975 0.007065187 4.601359e-17 0.999975 0.007065187 4.601359e-17 0.1240199 -0.9922797 -4.97575e-17 0.04172128 -0.9991293 -5.38945e-17 0.1240199 -0.9922797 -4.97575e-17 0.04172128 -0.9991293 -5.38945e-17 -0.1231664 -0.992386 -6.104011e-17 -0.1231664 -0.992386 -6.104011e-17 -0.2846998 -0.9586167 -6.65234e-17 -0.2846998 -0.9586167 -6.65234e-17 -0.4384799 -0.898741 -7.019503e-17 -0.4384799 -0.898741 -7.019503e-17 -0.5803187 -0.8143895 -7.1955e-17 -0.5803187 -0.8143895 -7.1955e-17 -0.7063534 -0.7078593 -7.17554e-17 -0.7063534 -0.7078593 -7.17554e-17 -0.8131517 -0.5820518 -6.960165e-17 -0.8131517 -0.5820518 -6.960165e-17 -0.8978051 -0.4403929 -6.555241e-17 -0.8978051 -0.4403929 -6.555241e-17 -0.9580082 -0.2867407 -5.971795e-17 -0.9580082 -0.2867407 -5.971795e-17 -0.9921215 -0.1252796 -5.225717e-17 -0.9921215 -0.1252796 -5.225717e-17 -0.9992159 0.03959338 -4.337325e-17 -0.9992159 0.03959338 -4.337325e-17 -0.9925416 0.1219064 -3.847187e-17 -0.9925416 0.1219064 -3.847187e-17 0.9580082 0.2867407 5.971795e-17 0.9580082 0.2867407 5.971795e-17 0.8978051 0.4403929 6.555241e-17 0.8978051 0.4403929 6.555241e-17 0.8131517 0.5820518 6.960165e-17 0.8131517 0.5820518 6.960165e-17 0.7063534 0.7078593 7.17554e-17 0.7063534 0.7078593 7.17554e-17 0.5803187 0.8143895 7.1955e-17 0.5803187 0.8143895 7.1955e-17 0.4384799 0.898741 7.019503e-17 0.4384799 0.898741 7.019503e-17 0.2846998 0.9586167 6.65234e-17 0.2846998 0.9586167 6.65234e-17 0.1231664 0.992386 6.104011e-17 0.1231664 0.992386 6.104011e-17 -0.04172128 0.9991293 5.38945e-17 -0.04172128 0.9991293 5.38945e-17 -0.1240199 0.9922797 4.97575e-17 -0.1240199 0.9922797 4.97575e-17</float_array>
                    <technique_common>
                        <accessor count="96" source="#ID70" stride="3">
                            <param name="X" type="float" />
                            <param name="Y" type="float" />
                            <param name="Z" type="float" />
                        </accessor>
                    </technique_common>
                </source>
                <vertices id="ID68">
                    <input semantic="POSITION" source="#ID66" />
                    <input semantic="NORMAL" source="#ID67" />
                </vertices>
                <triangles count="82" material="Material2">
                    <input offset="0" semantic="VERTEX" source="#ID68" />
                    <p>0 1 2 1 0 3 4 5 6 5 4 7 8 9 10 9 8 11 11 8 12 11 12 13 13 12 14 14 12 15 15 12 16 15 16 17 16 12 18 17 19 20 19 17 16 20 19 21 20 21 22 20 22 23 20 23 24 20 24 25 25 24 26 25 26 27 25 27 28 28 27 29 28 29 30 28 30 31 31 30 32 31 32 33 31 33 34 34 33 35 36 37 38 37 36 39 6 40 41 40 6 5 42 43 44 43 42 45 46 47 48 47 46 49 50 51 52 51 50 53 53 54 51 54 53 55 55 56 54 56 55 57 57 58 56 58 57 59 59 60 58 60 59 61 61 62 60 62 61 63 64 62 63 62 64 65 66 65 64 65 66 67 68 67 66 67 68 69 70 69 68 69 70 71 72 71 70 71 72 73 74 73 72 73 74 75 41 76 77 76 41 40 77 78 79 78 77 76 79 80 81 80 79 78 81 82 83 82 81 80 82 84 83 84 82 85 85 86 84 86 85 87 87 88 86 88 87 89 89 90 88 90 89 91 91 92 90 92 91 93 93 94 92 94 93 95</p>
                </triangles>
            </mesh>
        </geometry>
        <geometry id="ID71">
            <mesh>
                <source id="ID72">
                    <float_array id="ID76" count="144">4.676012 17.0836 1.456693 4.686988 16.81693 1.299213 4.686988 16.81693 1.456693 4.676012 17.0836 1.299213 4.687361 17.35026 1.456693 4.72021 16.5521 1.456693 4.720956 17.61504 1.456693 4.775449 16.29098 1.456693 4.77656 17.87608 1.456693 4.852315 16.03539 1.456693 4.853785 18.13157 1.456693 4.950273 15.78711 1.456693 4.952091 18.37971 1.456693 5.068637 15.54789 1.456693 5.070789 18.61876 1.456693 5.187335 15.78695 1.456693 5.189153 18.37954 1.456693 5.285641 16.03509 1.456693 5.287111 18.13127 1.456693 5.362866 16.29057 1.456693 5.363978 17.87567 1.456693 5.41847 16.55161 1.456693 5.419216 17.61455 1.456693 5.452065 16.81639 1.456693 5.452438 17.34973 1.456693 5.463414 17.08305 1.456693 4.687361 17.35026 1.299213 4.72021 16.5521 1.299213 4.720956 17.61504 1.299213 4.775449 16.29098 1.299213 4.77656 17.87608 1.299213 4.852315 16.03539 1.299213 4.853785 18.13157 1.299213 4.950273 15.78711 1.299213 4.952091 18.37971 1.299213 5.068637 15.54789 1.299213 5.070789 18.61876 1.299213 5.187335 15.78695 1.299213 5.189153 18.37954 1.299213 5.285641 16.03509 1.299213 5.287111 18.13127 1.299213 5.362866 16.29057 1.299213 5.363978 17.87567 1.299213 5.41847 16.55161 1.299213 5.419216 17.61455 1.299213 5.452065 16.81639 1.299213 5.452438 17.34973 1.299213 5.463414 17.08305 1.299213</float_array>
                    <technique_common>
                        <accessor count="48" source="#ID76" stride="3">
                            <param name="X" type="float" />
                            <param name="Y" type="float" />
                            <param name="Z" type="float" />
                        </accessor>
                    </technique_common>
                </source>
                <source id="ID73">
                    <float_array id="ID77" count="144">-0.7162791 0.0005021654 0.6978137 -0.7138155 -0.05935902 -0.6978137 -0.7138155 -0.05935902 0.6978137 -0.7162791 0.0005021654 -0.6978137 -0.7137315 0.06035984 0.6978137 -0.7063579 -0.1188049 0.6978137 -0.7061906 0.1197952 0.6978137 -0.6939584 -0.1774196 0.6978137 -0.693709 0.1783925 0.6978137 -0.6767039 -0.2347931 0.6978137 -0.6763741 0.2357417 0.6978137 -0.6547151 -0.2905239 0.6978137 -0.6543071 0.2914416 0.6978137 -0.0005852163 -0.8347413 0.550642 0.0005852163 0.8347413 0.550642 0.6543071 -0.2914416 0.6978137 0.6547151 0.2905239 0.6978137 0.6763741 -0.2357417 0.6978137 0.6767039 0.2347931 0.6978137 0.693709 -0.1783925 0.6978137 0.6939584 0.1774196 0.6978137 0.7061906 -0.1197952 0.6978137 0.7063579 0.1188049 0.6978137 0.7137315 -0.06035984 0.6978137 0.7138155 0.05935902 0.6978137 0.7162791 -0.0005021654 0.6978137 -0.7137315 0.06035984 -0.6978137 -0.7063579 -0.1188049 -0.6978137 -0.7061906 0.1197952 -0.6978137 -0.6939584 -0.1774196 -0.6978137 -0.693709 0.1783925 -0.6978137 -0.6767039 -0.2347931 -0.6978137 -0.6763741 0.2357417 -0.6978137 -0.6547151 -0.2905239 -0.6978137 -0.6543071 0.2914416 -0.6978137 -0.0005852163 -0.8347413 -0.550642 0.0005852163 0.8347413 -0.550642 0.6543071 -0.2914416 -0.6978137 0.6547151 0.2905239 -0.6978137 0.6763741 -0.2357417 -0.6978137 0.6767039 0.2347931 -0.6978137 0.693709 -0.1783925 -0.6978137 0.6939584 0.1774196 -0.6978137 0.7061906 -0.1197952 -0.6978137 0.7063579 0.1188049 -0.6978137 0.7137315 -0.06035984 -0.6978137 0.7138155 0.05935902 -0.6978137 0.7162791 -0.0005021654 -0.6978137</float_array>
                    <technique_common>
                        <accessor count="48" source="#ID77" stride="3">
                            <param name="X" type="float" />
                            <param name="Y" type="float" />
                            <param name="Z" type="float" />
                        </accessor>
                    </technique_common>
                </source>
                <source id="ID75">
                    <float_array id="ID78" count="288">-3.572271 0.3083333 -3.515777 0.275 -3.515777 0.3083333 -3.572271 0.275 0.992079 3.559583 0.9921582 3.672472 0.9897559 3.616029 0.9991112 3.503529 0.999269 3.728517 1.010803 3.448258 1.011038 3.783771 1.027073 3.394157 1.027384 3.837849 1.047808 3.341606 1.048193 3.890371 1.072861 3.290971 1.073317 3.940971 1.097986 3.341571 1.098371 3.890336 1.118794 3.394093 1.119105 3.837785 1.13514 3.448171 1.135375 3.783684 1.14691 3.503425 1.147067 3.728413 1.15402 3.55947 1.154099 3.672359 1.156423 3.615913 -3.711339 0.3083333 -3.654845 0.275 -3.654845 0.3083333 -3.711339 0.275 -0.9921582 3.672472 -0.992079 3.559583 -0.9897559 3.616029 -0.9991112 3.503529 -0.999269 3.728517 -1.010803 3.448258 -1.011038 3.783771 -1.027073 3.394157 -1.027384 3.837849 -1.047808 3.341606 -1.048193 3.890371 -1.072861 3.290971 -1.073317 3.940971 -1.097986 3.341571 -1.098371 3.890336 -1.118794 3.394093 -1.119105 3.837785 -1.13514 3.448171 -1.135375 3.783684 -1.14691 3.503425 -1.147067 3.728413 -1.15402 3.55947 -1.154099 3.672359 -1.156423 3.615913 -3.408408 0.3083333 -3.351914 0.275 -3.351914 0.3083333 -3.408408 0.275 -2.530364 0.3083333 -2.47387 0.275 -2.47387 0.3083333 -2.530364 0.275 3.481234 0.275 3.42474 0.3083333 3.42474 0.275 3.481234 0.3083333 3.567559 0.275 3.511065 0.3083333 3.511065 0.275 3.567559 0.3083333 3.629121 0.275 3.572627 0.3083333 3.572627 0.275 3.629121 0.3083333 3.665492 0.275 3.608998 0.3083333 3.608998 0.275 3.665492 0.3083333 3.676415 0.275 3.619921 0.3083333 3.619921 0.275 3.676415 0.3083333 3.661815 0.275 3.605321 0.3083333 3.605321 0.275 3.661815 0.3083333 3.621795 0.275 3.565301 0.3083333 3.565301 0.275 3.621795 0.3083333 3.556633 0.275 3.500139 0.3083333 3.500139 0.275 3.556633 0.3083333 3.466786 0.275 3.410292 0.3083333 3.410292 0.275 3.466786 0.3083333 3.352882 0.275 3.296388 0.3083333 3.296388 0.275 3.352882 0.3083333 3.215718 0.275 3.159224 0.3083333 3.159224 0.275 3.215718 0.3083333 3.056255 0.275 2.999761 0.3083333 2.999761 0.275 3.056255 0.3083333 -4.007125 0.3083333 -3.950631 0.275 -3.950631 0.3083333 -4.007125 0.275 -4.002943 0.3083333 -3.946449 0.275 -3.946449 0.3083333 -4.002943 0.275 -3.970954 0.3083333 -3.91446 0.275 -3.91446 0.3083333 -3.970954 0.275 -3.91138 0.3083333 -3.854886 0.275 -3.854886 0.3083333 -3.91138 0.275 -3.82464 0.3083333 -3.768146 0.275 -3.768146 0.3083333 -3.82464 0.275 -3.220897 0.3083333 -3.164403 0.275 -3.164403 0.3083333 -3.220897 0.275 -3.01105 0.3083333 -2.954556 0.275 -2.954556 0.3083333 -3.01105 0.275 -2.780334 0.3083333 -2.72384 0.275 -2.72384 0.3083333 -2.780334 0.275</float_array>
                    <technique_common>
                        <accessor count="144" source="#ID78" stride="2">
                            <param name="S" type="float" />
                            <param name="T" type="float" />
                        </accessor>
                    </technique_common>
                </source>
                <vertices id="ID74">
                    <input semantic="POSITION" source="#ID72" />
                    <input semantic="NORMAL" source="#ID73" />
                </vertices>
                <triangles count="92" material="Material2">
                    <input offset="0" semantic="VERTEX" source="#ID74" />
                    <input offset="1" semantic="TEXCOORD" source="#ID75" />
                    <p>0 0 1 1 2 2 1 1 0 0 3 3 2 4 4 5 0 6 4 5 2 4 5 7 4 5 5 7 6 8 6 8 5 7 7 9 6 8 7 9 8 10 8 10 7 9 9 11 8 10 9 11 10 12 10 12 9 11 11 13 10 12 11 13 12 14 12 14 11 13 13 15 12 14 13 15 14 16 14 16 13 15 15 17 14 16 15 17 16 18 16 18 15 17 17 19 16 18 17 19 18 20 18 20 17 19 19 21 18 20 19 21 20 22 20 22 19 21 21 23 20 22 21 23 22 24 22 24 21 23 23 25 22 24 23 25 24 26 24 26 23 25 25 27 4 28 3 29 0 30 3 29 4 28 26 31 26 32 1 33 3 34 1 33 26 32 27 35 27 35 26 32 28 36 27 35 28 36 29 37 29 37 28 36 30 38 29 37 30 38 31 39 31 39 30 38 32 40 31 39 32 40 33 41 33 41 32 40 34 42 33 41 34 42 35 43 35 43 34 42 36 44 35 43 36 44 37 45 37 45 36 44 38 46 37 45 38 46 39 47 39 47 38 46 40 48 39 47 40 48 41 49 41 49 40 48 42 50 41 49 42 50 43 51 43 51 42 50 44 52 43 51 44 52 45 53 45 53 44 52 46 54 45 53 46 54 47 55 2 56 27 57 5 58 27 57 2 56 1 59 11 60 35 61 13 62 35 61 11 60 33 63 37 64 13 65 35 66 13 65 37 64 15 67 39 68 15 69 37 70 15 69 39 68 17 71 41 72 17 73 39 74 17 73 41 72 19 75 43 76 19 77 41 78 19 77 43 76 21 79 45 80 21 81 43 82 21 81 45 80 23 83 47 84 23 85 45 86 23 85 47 84 25 87 46 88 25 89 47 90 25 89 46 88 24 91 44 92 24 93 46 94 24 93 44 92 22 95 42 96 22 97 44 98 22 97 42 96 20 99 40 100 20 101 42 102 20 101 40 100 18 103 38 104 18 105 40 106 18 105 38 104 16 107 36 108 16 109 38 110 16 109 36 108 14 111 14 112 34 113 12 114 34 113 14 112 36 115 12 116 32 117 10 118 32 117 12 116 34 119 10 120 30 121 8 122 30 121 10 120 32 123 8 124 28 125 6 126 28 125 8 124 30 127 6 128 26 129 4 130 26 129 6 128 28 131 5 132 29 133 7 134 29 133 5 132 27 135 7 136 31 137 9 138 31 137 7 136 29 139 9 140 33 141 11 142 33 141 9 140 31 143</p>
                </triangles>
            </mesh>
        </geometry>
        <geometry id="ID79">
            <mesh>
                <source id="ID80">
                    <float_array id="ID83" count="597">4.997302 15.53855 1.456693 5.068637 15.54789 1.299213 4.997302 15.53855 1.299213 5.068637 15.54789 1.456693 5.139585 15.00605 1.456693 5.068443 15.2723 1.456693 5.06825 14.99671 1.456693 5.238979 15.05875 1.456693 5.206071 15.03354 1.456693 4.802193 15.20116 1.456693 4.802293 15.34382 1.456693 4.792853 15.2725 1.456693 4.829678 15.13468 1.456693 4.829872 15.41027 1.456693 4.873435 15.07757 1.456693 4.873708 15.46731 1.456693 4.930481 15.03373 1.456693 4.930815 15.51107 1.456693 4.996929 15.00615 1.456693 4.997302 15.53855 1.456693 5.068637 15.54789 1.456693 5.281745 15.10146 1.456693 5.139958 15.53845 1.456693 5.206406 15.51088 1.456693 5.263452 15.46704 1.456693 5.307208 15.40993 1.456693 5.307015 15.13434 1.456693 5.334593 15.20079 1.456693 5.334693 15.34345 1.456693 5.344034 15.27211 1.456693 5.068637 15.54789 1.456693 5.139958 15.53845 1.299213 5.068637 15.54789 1.299213 5.139958 15.53845 1.456693 4.802293 15.34382 1.299213 4.802193 15.20116 1.299213 4.792853 15.2725 1.299213 4.829678 15.13468 1.299213 4.829872 15.41027 1.299213 4.873435 15.07757 1.299213 4.873708 15.46731 1.299213 4.930481 15.03373 1.299213 4.930815 15.51107 1.299213 4.996929 15.00615 1.299213 4.997302 15.53855 1.299213 5.06825 14.99671 1.299213 5.068637 15.54789 1.299213 5.068443 15.2723 1.299213 5.281745 15.10146 1.299213 5.139958 15.53845 1.299213 5.206406 15.51088 1.299213 5.263452 15.46704 1.299213 5.307208 15.40993 1.299213 5.307015 15.13434 1.299213 5.334593 15.20079 1.299213 5.334693 15.34345 1.299213 5.344034 15.27211 1.299213 5.139585 15.00605 1.299213 5.238979 15.05875 1.299213 5.206071 15.03354 1.299213 4.930815 15.51107 1.456693 4.930815 15.51107 1.299213 5.068443 15.2723 1.771654 5.281745 15.10146 1.456693 5.068443 15.2723 1.456693 5.068443 15.2723 0.984252 8.41169 12.59449 1.771654 8.41169 12.59449 0.984252 5.281745 15.10146 1.299213 5.068443 15.2723 1.299213 5.263179 15.0773 1.456693 5.307015 15.13434 1.299213 5.281745 15.10146 1.456693 5.281745 15.10146 1.299213 5.307015 15.13434 1.456693 5.334593 15.20079 1.299213 5.334593 15.20079 1.456693 5.344034 15.27211 1.299213 5.344034 15.27211 1.456693 5.334693 15.34345 1.299213 5.334693 15.34345 1.456693 5.307208 15.40993 1.299213 5.307208 15.40993 1.456693 5.263452 15.46704 1.299213 5.263452 15.46704 1.456693 5.206406 15.51088 1.456693 5.206406 15.51088 1.299213 4.873708 15.46731 1.456693 4.873708 15.46731 1.299213 4.829872 15.41027 1.299213 4.829872 15.41027 1.456693 4.802293 15.34382 1.299213 4.802293 15.34382 1.456693 4.792853 15.2725 1.299213 4.792853 15.2725 1.456693 4.802193 15.20116 1.299213 4.802193 15.20116 1.456693 4.829678 15.13468 1.299213 4.829678 15.13468 1.456693 4.873435 15.07757 1.299213 4.873435 15.07757 1.456693 4.930481 15.03373 1.456693 4.930481 15.03373 1.299213 4.996929 15.00615 1.456693 4.996929 15.00615 1.299213 5.06825 14.99671 1.456693 5.06825 14.99671 1.299213 5.139585 15.00605 1.456693 5.06825 14.99671 1.299213 5.139585 15.00605 1.299213 5.06825 14.99671 1.456693 5.206071 15.03354 1.456693 5.206071 15.03354 1.299213 5.238979 15.05875 1.456693 5.238979 15.05875 1.299213 5.068443 15.2723 1.771654 7.731732 11.93724 0.984252 7.731732 11.93724 1.771654 5.238979 15.05875 1.456693 5.068443 15.2723 1.456693 5.238979 15.05875 1.299213 5.068443 15.2723 0.984252 5.068443 15.2723 1.299213 7.731732 11.93724 1.771654 8.41169 12.59449 1.771654 5.068443 15.2723 1.771654 7.82277 12.02096 1.771654 8.36291 12.51763 1.771654 8.963617 13.46416 1.968504 8.41169 12.59449 1.771654 8.41169 12.59449 1.968504 8.41169 12.59449 0.984252 8.41169 12.59449 0.7874016 8.963617 13.46416 0.7874016 8.41169 12.59449 0.984252 7.731732 11.93724 0.984252 5.068443 15.2723 0.984252 7.537691 11.75882 1.968504 7.731732 11.93724 0.7874016 7.537691 11.75882 0.7874016 7.731732 11.93724 0.984252 7.731732 11.93724 1.771654 7.731732 11.93724 1.968504 8.41169 12.59449 1.968504 8.36291 12.51763 1.771654 8.36291 12.51763 1.968504 8.41169 12.59449 1.771654 7.731732 11.93724 1.968504 7.82277 12.02096 1.771654 7.731732 11.93724 1.771654 7.82277 12.02096 1.968504 7.82277 12.02096 1.968504 7.82277 12.02096 1.771654 9.298874 14.53392 1.968504 9.298874 14.53392 0.7874016 7.731732 11.93724 0.984252 8.41169 12.59449 0.7874016 7.731732 11.93724 0.7874016 8.41169 12.59449 0.984252 6.544197 11.23945 1.968504 6.544197 11.23945 0.7874016 9.345834 15.65399 1.968504 9.345834 15.65399 0.7874016 5.450133 10.99491 1.968504 5.450133 10.99491 0.7874016 9.101297 16.74806 1.968504 9.101297 16.74806 0.7874016 4.330057 11.04187 0.7874016 4.330057 11.04187 1.968504 8.581928 17.74155 1.968504 8.581928 17.74155 0.7874016 3.260301 11.37713 1.968504 3.260301 11.37713 0.7874016 7.82312 18.56677 1.968504 7.82312 18.56677 0.7874016 2.313767 11.97784 1.968504 2.313767 11.97784 0.7874016 6.876586 19.16748 1.968504 6.876586 19.16748 0.7874016 1.554959 12.80306 0.7874016 1.554959 12.80306 1.968504 5.80683 19.50273 0.7874016 5.80683 19.50273 1.968504 1.03559 13.79655 0.7874016 1.03559 13.79655 1.968504 4.686754 19.54969 0.7874016 4.686754 19.54969 1.968504 0.7910528 14.89061 0.7874016 0.7910528 14.89061 1.968504 3.59269 19.30516 0.7874016 3.59269 19.30516 1.968504 0.8380129 16.01069 0.7874016 0.8380129 16.01069 1.968504 2.599196 18.78579 0.7874016 2.599196 18.78579 1.968504 1.17327 17.08045 0.7874016 1.17327 17.08045 1.968504 1.773976 18.02698 0.7874016 1.773976 18.02698 1.968504</float_array>
                    <technique_common>
                        <accessor count="199" source="#ID83" stride="3">
                            <param name="X" type="float" />
                            <param name="Y" type="float" />
                            <param name="Z" type="float" />
                        </accessor>
                    </technique_common>
                </source>
                <source id="ID81">
                    <float_array id="ID84" count="597">-0.2581418 0.966107 7.065819e-18 -0.1298311 0.9915361 6.300179e-18 -0.2581418 0.966107 7.065819e-18 -0.1298311 0.9915361 6.300179e-18 7.04355e-18 -5.43168e-18 1 7.04355e-18 -5.43168e-18 1 7.04355e-18 -5.43168e-18 1 7.04355e-18 -5.43168e-18 1 7.04355e-18 -5.43168e-18 1 7.04355e-18 -5.43168e-18 1 7.04355e-18 -5.43168e-18 1 7.04355e-18 -5.43168e-18 1 7.04355e-18 -5.43168e-18 1 7.04355e-18 -5.43168e-18 1 7.04355e-18 -5.43168e-18 1 7.04355e-18 -5.43168e-18 1 7.04355e-18 -5.43168e-18 1 7.04355e-18 -5.43168e-18 1 7.04355e-18 -5.43168e-18 1 7.04355e-18 -5.43168e-18 1 7.04355e-18 -5.43168e-18 1 7.04355e-18 -5.43168e-18 1 7.04355e-18 -5.43168e-18 1 7.04355e-18 -5.43168e-18 1 7.04355e-18 -5.43168e-18 1 7.04355e-18 -5.43168e-18 1 7.04355e-18 -5.43168e-18 1 7.04355e-18 -5.43168e-18 1 7.04355e-18 -5.43168e-18 1 7.04355e-18 -5.43168e-18 1 0.1312212 0.9913531 4.46045e-18 0.2594962 0.9657441 3.417839e-18 0.1312212 0.9913531 4.46045e-18 0.2594962 0.9657441 3.417839e-18 -7.04355e-18 5.43168e-18 -1 -7.04355e-18 5.43168e-18 -1 -7.04355e-18 5.43168e-18 -1 -7.04355e-18 5.43168e-18 -1 -7.04355e-18 5.43168e-18 -1 -7.04355e-18 5.43168e-18 -1 -7.04355e-18 5.43168e-18 -1 -7.04355e-18 5.43168e-18 -1 -7.04355e-18 5.43168e-18 -1 -7.04355e-18 5.43168e-18 -1 -7.04355e-18 5.43168e-18 -1 -7.04355e-18 5.43168e-18 -1 -7.04355e-18 5.43168e-18 -1 -7.04355e-18 5.43168e-18 -1 -7.04355e-18 5.43168e-18 -1 -7.04355e-18 5.43168e-18 -1 -7.04355e-18 5.43168e-18 -1 -7.04355e-18 5.43168e-18 -1 -7.04355e-18 5.43168e-18 -1 -7.04355e-18 5.43168e-18 -1 -7.04355e-18 5.43168e-18 -1 -7.04355e-18 5.43168e-18 -1 -7.04355e-18 5.43168e-18 -1 -7.04355e-18 5.43168e-18 -1 -7.04355e-18 5.43168e-18 -1 -7.04355e-18 5.43168e-18 -1 -0.4993927 0.8663757 8.223374e-18 -0.4993927 0.8663757 8.223374e-18 0.6251528 0.7805024 -7.588176e-14 0.6251528 0.7805024 -7.588176e-14 0.6251528 0.7805024 -7.588176e-14 0.6251528 0.7805024 -7.588176e-14 0.6251528 0.7805024 -7.588176e-14 0.6251528 0.7805024 -7.588176e-14 0.6251528 0.7805024 -7.588176e-14 0.6251528 0.7805024 -7.588176e-14 7.04355e-18 -5.43168e-18 1 0.8656747 -0.500607 -8.81656e-18 0.7929264 -0.6093175 -8.894634e-18 0.7929264 -0.6093175 -8.894634e-18 0.8656747 -0.500607 -8.81656e-18 0.9657441 -0.2594962 -8.211768e-18 0.9657441 -0.2594962 -8.211768e-18 0.9999998 -0.0007010749 -7.047356e-18 0.9999998 -0.0007010749 -7.047356e-18 0.966107 0.2581418 -5.40268e-18 0.966107 0.2581418 -5.40268e-18 0.8663757 0.4993927 -3.389819e-18 0.8663757 0.4993927 -3.389819e-18 0.7076023 0.7066109 -1.145948e-18 0.7076023 0.7066109 -1.145948e-18 0.500607 0.8656747 1.176017e-18 0.500607 0.8656747 1.176017e-18 -0.7066109 0.7076023 8.820519e-18 -0.7066109 0.7076023 8.820519e-18 -0.8656747 0.500607 8.81656e-18 -0.8656747 0.500607 8.81656e-18 -0.9657441 0.2594962 8.211768e-18 -0.9657441 0.2594962 8.211768e-18 -0.9999998 0.0007010749 7.047356e-18 -0.9999998 0.0007010749 7.047356e-18 -0.966107 -0.2581418 5.40268e-18 -0.966107 -0.2581418 5.40268e-18 -0.8663757 -0.4993927 3.389819e-18 -0.8663757 -0.4993927 3.389819e-18 -0.7076023 -0.7066109 1.145948e-18 -0.7076023 -0.7066109 1.145948e-18 -0.500607 -0.8656747 -1.176017e-18 -0.500607 -0.8656747 -1.176017e-18 -0.2594962 -0.9657441 -3.417839e-18 -0.2594962 -0.9657441 -3.417839e-18 -0.1312212 -0.9913531 -4.46045e-18 -0.1312212 -0.9913531 -4.46045e-18 0.2581418 -0.966107 -7.065819e-18 0.1298311 -0.9915361 -6.300179e-18 0.2581418 -0.966107 -7.065819e-18 0.1298311 -0.9915361 -6.300179e-18 0.4993927 -0.8663757 -8.223374e-18 0.4993927 -0.8663757 -8.223374e-18 0.6082051 -0.7937799 -8.595482e-18 0.6082051 -0.7937799 -8.595482e-18 -0.7814124 -0.6240149 7.510474e-16 -0.7814124 -0.6240149 7.510474e-16 -0.7814124 -0.6240149 7.510474e-16 -0.7814124 -0.6240149 7.510474e-16 -0.7814124 -0.6240149 7.510474e-16 -0.7814124 -0.6240149 7.510474e-16 -0.7814124 -0.6240149 7.510474e-16 -0.7814124 -0.6240149 7.510474e-16 7.04355e-18 -5.43168e-18 1 7.04355e-18 -5.43168e-18 1 7.04355e-18 -5.43168e-18 1 7.04355e-18 -5.43168e-18 1 7.04355e-18 -5.43168e-18 1 -0.9070384 0.421048 8.675768e-18 -0.8443208 0.5358381 8.857517e-18 -0.8443208 0.5358381 8.857517e-18 -0.8443208 0.5358381 8.857517e-18 -0.8443208 0.5358381 8.857517e-18 -0.9070384 0.421048 8.675768e-18 -7.04355e-18 5.43168e-18 -1 -7.04355e-18 5.43168e-18 -1 -7.04355e-18 5.43168e-18 -1 -0.5749943 0.8181574 8.493971e-18 -0.6768661 0.7361061 8.765834e-18 -0.5749943 0.8181574 8.493971e-18 -0.6768661 0.7361061 8.765834e-18 -0.6768661 0.7361061 8.765834e-18 -0.6768661 0.7361061 8.765834e-18 -0.8443208 0.5358381 8.857517e-18 -0.7671566 0.6414599 8.887711e-18 -0.7671566 0.6414599 8.887711e-18 -0.8443208 0.5358381 8.857517e-18 -0.6768661 0.7361061 8.765834e-18 -0.6768661 0.7361061 8.765834e-18 -0.6768661 0.7361061 8.765834e-18 -0.6768661 0.7361061 8.765834e-18 -0.6768661 0.7361061 8.765834e-18 -0.6768661 0.7361061 8.765834e-18 -0.985107 0.1719423 7.872586e-18 -0.985107 0.1719423 7.872586e-18 -0.694996 0.7190136 8.800691e-18 -0.694996 0.7190136 8.800691e-18 -0.694996 0.7190136 8.800691e-18 -0.694996 0.7190136 8.800691e-18 -0.3436471 0.9390989 7.521381e-18 -0.3436471 0.9390989 7.521381e-18 -0.9960423 -0.08888096 6.532901e-18 -0.9960423 -0.08888096 6.532901e-18 -0.08888096 0.9960423 6.036221e-18 -0.08888096 0.9960423 6.036221e-18 -0.9390989 -0.3436471 4.748009e-18 -0.9390989 -0.3436471 4.748009e-18 0.1719423 0.985107 4.139702e-18 0.1719423 0.985107 4.139702e-18 -0.8181574 -0.5749943 2.639547e-18 -0.8181574 -0.5749943 2.639547e-18 0.421048 0.9070384 1.96107e-18 0.421048 0.9070384 1.96107e-18 -0.6414599 -0.7671566 3.512057e-19 -0.6414599 -0.7671566 3.512057e-19 0.6414599 0.7671566 -3.512057e-19 0.6414599 0.7671566 -3.512057e-19 -0.421048 -0.9070384 -1.96107e-18 -0.421048 -0.9070384 -1.96107e-18 0.8181574 0.5749943 -2.639547e-18 0.8181574 0.5749943 -2.639547e-18 -0.1719423 -0.985107 -4.139702e-18 -0.1719423 -0.985107 -4.139702e-18 0.9390989 0.3436471 -4.748009e-18 0.9390989 0.3436471 -4.748009e-18 0.08888096 -0.9960423 -6.036221e-18 0.08888096 -0.9960423 -6.036221e-18 0.9960423 0.08888096 -6.532901e-18 0.9960423 0.08888096 -6.532901e-18 0.3436471 -0.9390989 -7.521381e-18 0.3436471 -0.9390989 -7.521381e-18 0.985107 -0.1719423 -7.872586e-18 0.985107 -0.1719423 -7.872586e-18 0.5749943 -0.8181574 -8.493971e-18 0.5749943 -0.8181574 -8.493971e-18 0.9070384 -0.421048 -8.675768e-18 0.9070384 -0.421048 -8.675768e-18 0.7671566 -0.6414599 -8.887711e-18 0.7671566 -0.6414599 -8.887711e-18</float_array>
                    <technique_common>
                        <accessor count="199" source="#ID84" stride="3">
                            <param name="X" type="float" />
                            <param name="Y" type="float" />
                            <param name="Z" type="float" />
                        </accessor>
                    </technique_common>
                </source>
                <vertices id="ID82">
                    <input semantic="POSITION" source="#ID80" />
                    <input semantic="NORMAL" source="#ID81" />
                </vertices>
                <triangles count="174" material="Material2">
                    <input offset="0" semantic="VERTEX" source="#ID82" />
                    <p>0 1 2 1 0 3 4 5 6 5 4 7 7 4 8 9 10 11 10 9 12 10 12 13 13 12 14 13 14 15 15 14 16 15 16 17 17 16 18 17 18 19 19 18 6 19 6 5 19 5 20 20 5 21 20 21 22 22 21 23 23 21 24 24 21 25 25 21 26 25 26 27 25 27 28 28 27 29 30 31 32 31 30 33 34 35 36 35 34 37 37 34 38 37 38 39 39 38 40 39 40 41 41 40 42 41 42 43 43 42 44 43 44 45 45 44 46 45 46 47 47 46 48 48 46 49 48 49 50 48 50 51 48 51 52 48 52 53 53 52 54 54 52 55 54 55 56 47 57 45 57 47 58 57 58 59 60 2 61 2 60 0 62 63 64 65 66 67 66 65 68 68 65 69 66 68 63 66 63 62 7 21 5 21 7 70 71 72 73 72 71 74 75 74 71 74 75 76 77 76 75 76 77 78 79 78 77 78 79 80 81 80 79 80 81 82 83 82 81 82 83 84 85 83 86 83 85 84 33 86 31 86 33 85 87 61 88 61 87 60 87 89 90 89 87 88 90 91 92 91 90 89 92 93 94 93 92 91 94 95 96 95 94 93 96 97 98 97 96 95 98 99 100 99 98 97 101 99 102 99 101 100 103 102 104 102 103 101 105 104 106 104 105 103 107 108 109 108 107 110 111 109 112 109 111 107 113 112 114 112 113 111 115 116 117 116 115 118 118 115 119 116 120 121 120 116 118 121 120 122 123 124 125 124 123 126 124 126 127 128 129 130 129 128 131 131 128 132 132 128 133 134 135 136 137 138 139 138 137 140 140 137 141 141 137 142 143 144 145 144 143 146 147 148 149 148 147 150 151 144 152 144 151 145 153 133 128 133 153 154 155 156 157 156 155 158 159 139 160 139 159 137 161 154 153 154 161 162 163 160 164 160 163 159 165 162 161 162 165 166 167 163 164 163 167 168 169 166 165 166 169 170 171 167 172 167 171 168 173 170 169 170 173 174 175 172 176 172 175 171 174 177 178 177 174 173 179 175 176 175 179 180 177 181 178 181 177 182 183 180 179 180 183 184 182 185 181 185 182 186 187 184 183 184 187 188 186 189 185 189 186 190 191 188 187 188 191 192 190 193 189 193 190 194 195 192 191 192 195 196 194 197 193 197 194 198 197 196 195 196 197 198</p>
                </triangles>
            </mesh>
        </geometry>
        <geometry id="ID85">
            <mesh>
                <source id="ID86">
                    <float_array id="ID90" count="144">5.284571 14.50922 1.299213 5.361438 14.25363 1.456693 5.361438 14.25363 1.299213 5.284571 14.50922 1.456693 4.684448 13.19488 1.456693 4.684822 13.72822 1.456693 4.673473 13.46156 1.456693 4.717671 12.93006 1.456693 4.718416 13.99299 1.456693 4.772909 12.66893 1.456693 4.774021 14.25404 1.456693 4.849776 12.41334 1.456693 4.851246 14.50952 1.456693 4.947734 12.16507 1.456693 4.949551 14.75766 1.456693 5.066097 11.92585 1.456693 5.06825 14.99671 1.456693 5.184796 12.1649 1.456693 5.186614 14.75749 1.456693 5.283102 12.41304 1.456693 5.360327 12.66852 1.456693 5.415931 12.92957 1.456693 5.416676 13.9925 1.456693 5.449525 13.19435 1.456693 5.449899 13.72768 1.456693 5.460874 13.461 1.456693 5.416676 13.9925 1.299213 4.684822 13.72822 1.299213 4.684448 13.19488 1.299213 4.673473 13.46156 1.299213 4.717671 12.93006 1.299213 4.718416 13.99299 1.299213 4.772909 12.66893 1.299213 4.774021 14.25404 1.299213 4.849776 12.41334 1.299213 4.851246 14.50952 1.299213 4.947734 12.16507 1.299213 4.949551 14.75766 1.299213 5.066097 11.92585 1.299213 5.06825 14.99671 1.299213 5.184796 12.1649 1.299213 5.186614 14.75749 1.299213 5.283102 12.41304 1.299213 5.360327 12.66852 1.299213 5.415931 12.92957 1.299213 5.449525 13.19435 1.299213 5.449899 13.72768 1.299213 5.460874 13.461 1.299213</float_array>
                    <technique_common>
                        <accessor count="48" source="#ID90" stride="3">
                            <param name="X" type="float" />
                            <param name="Y" type="float" />
                            <param name="Z" type="float" />
                        </accessor>
                    </technique_common>
                </source>
                <source id="ID87">
                    <float_array id="ID91" count="144">0.6767039 0.2347931 -0.6978137 0.6939584 0.1774196 0.6978137 0.6939584 0.1774196 -0.6978137 0.6767039 0.2347931 0.6978137 -0.7138155 -0.05935902 0.6978137 -0.7137315 0.06035984 0.6978137 -0.7162791 0.0005021654 0.6978137 -0.7063579 -0.1188049 0.6978137 -0.7061906 0.1197952 0.6978137 -0.6939584 -0.1774196 0.6978137 -0.693709 0.1783925 0.6978137 -0.6767039 -0.2347931 0.6978137 -0.6763741 0.2357417 0.6978137 -0.6547151 -0.2905239 0.6978137 -0.6543071 0.2914416 0.6978137 -0.0005852163 -0.8347413 0.550642 0.0005852163 0.8347413 0.550642 0.6543071 -0.2914416 0.6978137 0.6547151 0.2905239 0.6978137 0.6763741 -0.2357417 0.6978137 0.693709 -0.1783925 0.6978137 0.7061906 -0.1197952 0.6978137 0.7063579 0.1188049 0.6978137 0.7137315 -0.06035984 0.6978137 0.7138155 0.05935902 0.6978137 0.7162791 -0.0005021654 0.6978137 0.7063579 0.1188049 -0.6978137 -0.7137315 0.06035984 -0.6978137 -0.7138155 -0.05935902 -0.6978137 -0.7162791 0.0005021654 -0.6978137 -0.7063579 -0.1188049 -0.6978137 -0.7061906 0.1197952 -0.6978137 -0.6939584 -0.1774196 -0.6978137 -0.693709 0.1783925 -0.6978137 -0.6767039 -0.2347931 -0.6978137 -0.6763741 0.2357417 -0.6978137 -0.6547151 -0.2905239 -0.6978137 -0.6543071 0.2914416 -0.6978137 -0.0005852163 -0.8347413 -0.550642 0.0005852163 0.8347413 -0.550642 0.6543071 -0.2914416 -0.6978137 0.6547151 0.2905239 -0.6978137 0.6763741 -0.2357417 -0.6978137 0.693709 -0.1783925 -0.6978137 0.7061906 -0.1197952 -0.6978137 0.7137315 -0.06035984 -0.6978137 0.7138155 0.05935902 -0.6978137 0.7162791 -0.0005021654 -0.6978137</float_array>
                    <technique_common>
                        <accessor count="48" source="#ID91" stride="3">
                            <param name="X" type="float" />
                            <param name="Y" type="float" />
                            <param name="Z" type="float" />
                        </accessor>
                    </technique_common>
                </source>
                <source id="ID89">
                    <float_array id="ID92" count="288">2.618853 0.275 2.562359 0.3083333 2.562359 0.275 2.618853 0.3083333 0.9915415 2.792917 0.9916207 2.905806 0.9892185 2.849363 0.9985737 2.736862 0.9987315 2.96185 1.010266 2.681591 1.010501 3.017105 1.026536 2.627491 1.026847 3.071182 1.04727 2.574939 1.047655 3.123705 1.072324 2.524305 1.07278 3.174304 1.097448 2.574904 1.097833 3.12367 1.118257 2.627427 1.118568 3.071118 1.134603 2.681504 1.134838 3.017018 1.146372 2.736758 1.14653 2.961747 1.153483 2.792803 1.153562 2.905692 1.155885 2.849246 2.716829 0.275 2.660335 0.3083333 2.660335 0.275 2.716829 0.3083333 -0.9916207 2.905806 -0.9915415 2.792917 -0.9892185 2.849363 -0.9985737 2.736862 -0.9987315 2.96185 -1.010266 2.681591 -1.010501 3.017105 -1.026536 2.627491 -1.026847 3.071182 -1.04727 2.574939 -1.047655 3.123705 -1.072324 2.524305 -1.07278 3.174304 -1.097448 2.574904 -1.097833 3.12367 -1.118257 2.627427 -1.118568 3.071118 -1.134603 2.681504 -1.134838 3.017018 -1.146372 2.736758 -1.14653 2.961747 -1.153483 2.792803 -1.153562 2.905692 -1.155885 2.849246 2.502752 0.275 2.446258 0.3083333 2.446258 0.275 2.502752 0.3083333 -1.843449 0.3083333 -1.786955 0.275 -1.786955 0.3083333 -1.843449 0.275 2.794319 0.275 2.737825 0.3083333 2.737825 0.275 2.794319 0.3083333 2.854593 0.275 2.798099 0.3083333 2.798099 0.275 2.854593 0.3083333 2.895092 0.275 2.838598 0.3083333 2.838598 0.275 2.895092 0.3083333 2.915535 0.275 2.859041 0.3083333 2.859041 0.275 2.915535 0.3083333 2.915778 0.275 2.859284 0.3083333 2.859284 0.275 2.915778 0.3083333 2.89582 0.275 2.839326 0.3083333 2.839326 0.275 2.89582 0.3083333 2.855799 0.275 2.799305 0.3083333 2.799305 0.275 2.855799 0.3083333 2.795996 0.275 2.739502 0.3083333 2.739502 0.275 2.795996 0.3083333 2.36934 0.275 2.312846 0.3083333 2.312846 0.275 2.36934 0.3083333 -3.32021 0.3083333 -3.263716 0.275 -3.263716 0.3083333 -3.32021 0.275 -3.289977 0.3083333 -3.233483 0.275 -3.233483 0.3083333 -3.289977 0.275 -3.236925 0.3083333 -3.180431 0.275 -3.180431 0.3083333 -3.236925 0.275 -3.161424 0.3083333 -3.10493 0.275 -3.10493 0.3083333 -3.161424 0.275 -3.064003 0.3083333 -3.007509 0.275 -3.007509 0.3083333 -3.064003 0.275 -2.945343 0.3083333 -2.888849 0.275 -2.888849 0.3083333 -2.945343 0.275 -2.806275 0.3083333 -2.749781 0.275 -2.749781 0.3083333 -2.806275 0.275 -2.647771 0.3083333 -2.591277 0.275 -2.591277 0.3083333 -2.647771 0.275 -2.470941 0.3083333 -2.414447 0.275 -2.414447 0.3083333 -2.470941 0.275 -2.277021 0.3083333 -2.220527 0.275 -2.220527 0.3083333 -2.277021 0.275 -2.067368 0.3083333 -2.010874 0.275 -2.010874 0.3083333 -2.067368 0.275</float_array>
                    <technique_common>
                        <accessor count="144" source="#ID92" stride="2">
                            <param name="S" type="float" />
                            <param name="T" type="float" />
                        </accessor>
                    </technique_common>
                </source>
                <vertices id="ID88">
                    <input semantic="POSITION" source="#ID86" />
                    <input semantic="NORMAL" source="#ID87" />
                </vertices>
                <triangles count="92" material="Material2">
                    <input offset="0" semantic="VERTEX" source="#ID88" />
                    <input offset="1" semantic="TEXCOORD" source="#ID89" />
                    <p>0 0 1 1 2 2 1 1 0 0 3 3 4 4 5 5 6 6 5 5 4 4 7 7 5 5 7 7 8 8 8 8 7 7 9 9 8 8 9 9 10 10 10 10 9 9 11 11 10 10 11 11 12 12 12 12 11 11 13 13 12 12 13 13 14 14 14 14 13 13 15 15 14 14 15 15 16 16 16 16 15 15 17 17 16 16 17 17 18 18 18 18 17 17 19 19 18 18 19 19 3 20 3 20 19 19 20 21 3 20 20 21 1 22 1 22 20 21 21 23 1 22 21 23 22 24 22 24 21 23 23 25 22 24 23 25 24 26 24 26 23 25 25 27 2 28 22 29 26 30 22 29 2 28 1 31 27 32 28 33 29 34 28 33 27 32 30 35 30 35 27 32 31 36 30 35 31 36 32 37 32 37 31 36 33 38 32 37 33 38 34 39 34 39 33 38 35 40 34 39 35 40 36 41 36 41 35 40 37 42 36 41 37 42 38 43 38 43 37 42 39 44 38 43 39 44 40 45 40 45 39 44 41 46 40 45 41 46 42 47 42 47 41 46 0 48 42 47 0 48 43 49 43 49 0 48 2 50 43 49 2 50 44 51 44 51 2 50 26 52 44 51 26 52 45 53 45 53 26 52 46 54 45 53 46 54 47 55 41 56 3 57 0 58 3 57 41 56 18 59 13 60 38 61 15 62 38 61 13 60 36 63 40 64 15 65 38 66 15 65 40 64 17 67 42 68 17 69 40 70 17 69 42 68 19 71 43 72 19 73 42 74 19 73 43 72 20 75 44 76 20 77 43 78 20 77 44 76 21 79 45 80 21 81 44 82 21 81 45 80 23 83 47 84 23 85 45 86 23 85 47 84 25 87 46 88 25 89 47 90 25 89 46 88 24 91 26 92 24 93 46 94 24 93 26 92 22 95 39 96 18 97 41 98 18 97 39 96 16 99 16 100 37 101 14 102 37 101 16 100 39 103 14 104 35 105 12 106 35 105 14 104 37 107 12 108 33 109 10 110 33 109 12 108 35 111 10 112 31 113 8 114 31 113 10 112 33 115 8 116 27 117 5 118 27 117 8 116 31 119 5 120 29 121 6 122 29 121 5 120 27 123 6 124 28 125 4 126 28 125 6 124 29 127 4 128 30 129 7 130 30 129 4 128 28 131 7 132 32 133 9 134 32 133 7 132 30 135 9 136 34 137 11 138 34 137 9 136 32 139 11 140 36 141 13 142 36 141 11 140 34 143</p>
                </triangles>
            </mesh>
        </geometry>
        <geometry id="ID93">
            <mesh>
                <source id="ID94">
                    <float_array id="ID98" count="300">2.312043 6.548078 1.456693 2.430718 6.753297 1.456693 2.164366 6.770401 1.456693 2.477783 6.338874 1.456693 2.694709 6.713993 1.456693 2.660426 6.144253 1.456693 2.858695 5.965576 1.456693 2.954492 6.652766 1.456693 3.071203 5.804094 1.456693 3.208249 6.570042 1.456693 3.296462 5.660936 1.456693 3.454206 6.466402 1.456693 3.532897 5.537103 1.456693 3.690641 6.342569 1.456693 3.778853 5.433462 1.456693 3.9159 6.199411 1.456693 4.032611 5.350739 1.456693 4.128407 6.037928 1.456693 4.292394 5.289511 1.456693 4.326676 5.859252 1.456693 4.556385 5.250208 1.456693 4.50932 5.66463 1.456693 4.67506 5.455427 1.456693 4.822737 5.233104 1.456693 4.822737 5.233104 1.456693 4.556385 5.250208 1.299213 4.822737 5.233104 1.299213 4.556385 5.250208 1.456693 4.67506 5.455427 1.299213 4.822737 5.233104 1.456693 4.822737 5.233104 1.299213 4.67506 5.455427 1.456693 4.50932 5.66463 1.299213 4.50932 5.66463 1.456693 4.326676 5.859252 1.299213 4.326676 5.859252 1.456693 4.128407 6.037928 1.456693 4.128407 6.037928 1.299213 3.9159 6.199411 1.456693 3.9159 6.199411 1.299213 3.690641 6.342569 1.456693 3.690641 6.342569 1.299213 3.454206 6.466402 1.456693 3.454206 6.466402 1.299213 3.208249 6.570042 1.456693 3.208249 6.570042 1.299213 2.954492 6.652766 1.456693 2.954492 6.652766 1.299213 2.694709 6.713993 1.456693 2.694709 6.713993 1.299213 2.430718 6.753297 1.456693 2.430718 6.753297 1.299213 2.164366 6.770401 1.456693 2.164366 6.770401 1.299213 2.164366 6.770401 1.456693 2.312043 6.548078 1.299213 2.312043 6.548078 1.456693 2.164366 6.770401 1.299213 2.477783 6.338874 1.299213 2.477783 6.338874 1.456693 2.660426 6.144253 1.299213 2.660426 6.144253 1.456693 2.858695 5.965576 1.456693 2.858695 5.965576 1.299213 3.071203 5.804094 1.456693 3.071203 5.804094 1.299213 3.296462 5.660936 1.456693 3.296462 5.660936 1.299213 3.532897 5.537103 1.456693 3.532897 5.537103 1.299213 3.778853 5.433462 1.456693 3.778853 5.433462 1.299213 4.032611 5.350739 1.456693 4.032611 5.350739 1.299213 4.292394 5.289511 1.456693 4.292394 5.289511 1.299213 2.430718 6.753297 1.299213 2.312043 6.548078 1.299213 2.164366 6.770401 1.299213 2.477783 6.338874 1.299213 2.694709 6.713993 1.299213 2.660426 6.144253 1.299213 2.858695 5.965576 1.299213 2.954492 6.652766 1.299213 3.071203 5.804094 1.299213 3.208249 6.570042 1.299213 3.296462 5.660936 1.299213 3.454206 6.466402 1.299213 3.532897 5.537103 1.299213 3.690641 6.342569 1.299213 3.778853 5.433462 1.299213 3.9159 6.199411 1.299213 4.032611 5.350739 1.299213 4.128407 6.037928 1.299213 4.292394 5.289511 1.299213 4.326676 5.859252 1.299213 4.556385 5.250208 1.299213 4.50932 5.66463 1.299213 4.67506 5.455427 1.299213 4.822737 5.233104 1.299213</float_array>
                    <technique_common>
                        <accessor count="100" source="#ID98" stride="3">
                            <param name="X" type="float" />
                            <param name="Y" type="float" />
                            <param name="Z" type="float" />
                        </accessor>
                    </technique_common>
                </source>
                <source id="ID95">
                    <float_array id="ID99" count="300">7.04355e-18 -5.43168e-18 1 7.04355e-18 -5.43168e-18 1 7.04355e-18 -5.43168e-18 1 7.04355e-18 -5.43168e-18 1 7.04355e-18 -5.43168e-18 1 7.04355e-18 -5.43168e-18 1 7.04355e-18 -5.43168e-18 1 7.04355e-18 -5.43168e-18 1 7.04355e-18 -5.43168e-18 1 7.04355e-18 -5.43168e-18 1 7.04355e-18 -5.43168e-18 1 7.04355e-18 -5.43168e-18 1 7.04355e-18 -5.43168e-18 1 7.04355e-18 -5.43168e-18 1 7.04355e-18 -5.43168e-18 1 7.04355e-18 -5.43168e-18 1 7.04355e-18 -5.43168e-18 1 7.04355e-18 -5.43168e-18 1 7.04355e-18 -5.43168e-18 1 7.04355e-18 -5.43168e-18 1 7.04355e-18 -5.43168e-18 1 7.04355e-18 -5.43168e-18 1 7.04355e-18 -5.43168e-18 1 7.04355e-18 -5.43168e-18 1 -0.06408431 -0.9979445 -4.969135e-18 -0.1057639 -0.9943913 -4.656263e-18 -0.06408431 -0.9979445 -4.969135e-18 -0.1057639 -0.9943913 -4.656263e-18 0.809111 0.5876559 -2.507054e-18 0.8329798 0.5533035 -2.861767e-18 0.8329798 0.5533035 -2.861767e-18 0.809111 0.5876559 -2.507054e-18 0.7571702 0.6532176 -1.785097e-18 0.7571702 0.6532176 -1.785097e-18 0.6999322 0.7142093 -1.050651e-18 0.6999322 0.7142093 -1.050651e-18 0.6377973 0.7702043 -3.088538e-19 0.6377973 0.7702043 -3.088538e-19 0.5712003 0.8208107 4.351038e-19 0.5712003 0.8208107 4.351038e-19 0.500607 0.8656747 1.176017e-18 0.500607 0.8656747 1.176017e-18 0.4265114 0.9044822 1.908703e-18 0.4265114 0.9044822 1.908703e-18 0.3494319 0.9369618 2.628036e-18 0.3494319 0.9369618 2.628036e-18 0.2699077 0.9628862 3.328982e-18 0.2699077 0.9628862 3.328982e-18 0.1884951 0.9820741 4.006638e-18 0.1884951 0.9820741 4.006638e-18 0.1057639 0.9943913 4.656263e-18 0.1057639 0.9943913 4.656263e-18 0.06408431 0.9979445 4.969135e-18 0.06408431 0.9979445 4.969135e-18 -0.8329798 -0.5533035 2.861767e-18 -0.809111 -0.5876559 2.507054e-18 -0.809111 -0.5876559 2.507054e-18 -0.8329798 -0.5533035 2.861767e-18 -0.7571702 -0.6532176 1.785097e-18 -0.7571702 -0.6532176 1.785097e-18 -0.6999322 -0.7142093 1.050651e-18 -0.6999322 -0.7142093 1.050651e-18 -0.6377973 -0.7702043 3.088538e-19 -0.6377973 -0.7702043 3.088538e-19 -0.5712003 -0.8208107 -4.351038e-19 -0.5712003 -0.8208107 -4.351038e-19 -0.500607 -0.8656747 -1.176017e-18 -0.500607 -0.8656747 -1.176017e-18 -0.4265114 -0.9044822 -1.908703e-18 -0.4265114 -0.9044822 -1.908703e-18 -0.3494319 -0.9369618 -2.628036e-18 -0.3494319 -0.9369618 -2.628036e-18 -0.2699077 -0.9628862 -3.328982e-18 -0.2699077 -0.9628862 -3.328982e-18 -0.1884951 -0.9820741 -4.006638e-18 -0.1884951 -0.9820741 -4.006638e-18 -7.04355e-18 5.43168e-18 -1 -7.04355e-18 5.43168e-18 -1 -7.04355e-18 5.43168e-18 -1 -7.04355e-18 5.43168e-18 -1 -7.04355e-18 5.43168e-18 -1 -7.04355e-18 5.43168e-18 -1 -7.04355e-18 5.43168e-18 -1 -7.04355e-18 5.43168e-18 -1 -7.04355e-18 5.43168e-18 -1 -7.04355e-18 5.43168e-18 -1 -7.04355e-18 5.43168e-18 -1 -7.04355e-18 5.43168e-18 -1 -7.04355e-18 5.43168e-18 -1 -7.04355e-18 5.43168e-18 -1 -7.04355e-18 5.43168e-18 -1 -7.04355e-18 5.43168e-18 -1 -7.04355e-18 5.43168e-18 -1 -7.04355e-18 5.43168e-18 -1 -7.04355e-18 5.43168e-18 -1 -7.04355e-18 5.43168e-18 -1 -7.04355e-18 5.43168e-18 -1 -7.04355e-18 5.43168e-18 -1 -7.04355e-18 5.43168e-18 -1 -7.04355e-18 5.43168e-18 -1</float_array>
                    <technique_common>
                        <accessor count="100" source="#ID99" stride="3">
                            <param name="X" type="float" />
                            <param name="Y" type="float" />
                            <param name="Z" type="float" />
                        </accessor>
                    </technique_common>
                </source>
                <source id="ID97">
                    <float_array id="ID100" count="288">0.4893824 1.38601 0.5145019 1.429448 0.4581241 1.433068 0.524464 1.341728 0.57038 1.421129 0.5631235 1.300534 0.6050905 1.262714 0.6253674 1.408169 0.6500712 1.228533 0.6790794 1.390659 0.6977511 1.198231 0.7311402 1.368722 0.7477965 1.17202 0.7811856 1.34251 0.7998573 1.150083 0.8288654 1.312209 0.8535693 1.132573 0.8738462 1.278028 0.9085566 1.119613 0.9158131 1.240208 0.9644347 1.111294 0.9544726 1.199013 0.9895543 1.154732 1.020813 1.107674 0.9477298 0.3083333 0.8912358 0.275 0.9477298 0.275 0.8912358 0.3083333 0.4143445 0.275 0.3578506 0.3083333 0.3578506 0.275 0.4143445 0.3083333 0.3471099 0.275 0.2906159 0.3083333 0.2906159 0.275 0.3471099 0.3083333 0.2776444 0.275 0.2211504 0.3083333 0.2211504 0.275 0.2776444 0.3083333 0.206434 0.3083333 0.14994 0.275 0.206434 0.275 0.14994 0.3083333 0.1339771 0.3083333 0.07748308 0.275 0.1339771 0.275 0.07748308 0.3083333 0.0607804 0.3083333 0.004286418 0.275 0.0607804 0.275 0.004286418 0.3083333 -0.01264387 0.3083333 -0.06913786 0.275 -0.01264387 0.275 -0.06913786 0.3083333 -0.08578207 0.3083333 -0.1422761 0.275 -0.08578207 0.275 -0.1422761 0.3083333 -0.1581225 0.3083333 -0.2146165 0.275 -0.1581225 0.275 -0.2146165 0.3083333 -0.229159 0.3083333 -0.285653 0.275 -0.229159 0.275 -0.285653 0.3083333 -0.2983947 0.3083333 -0.3548887 0.275 -0.2983947 0.275 -0.3548887 0.3083333 -0.3653452 0.3083333 -0.4218392 0.275 -0.3653452 0.275 -0.4218392 0.3083333 -0.9402352 0.3083333 -0.8837412 0.275 -0.8837412 0.3083333 -0.9402352 0.275 -0.7824943 0.3083333 -0.7260004 0.275 -0.7260004 0.3083333 -0.7824943 0.275 -0.6194767 0.3083333 -0.5629827 0.275 -0.5629827 0.3083333 -0.6194767 0.275 -0.3958287 0.3083333 -0.4523227 0.275 -0.3958287 0.275 -0.4523227 0.3083333 -0.2257078 0.3083333 -0.2822018 0.275 -0.2257078 0.275 -0.2822018 0.3083333 -0.05381014 0.3083333 -0.1103041 0.275 -0.05381014 0.275 -0.1103041 0.3083333 0.1186616 0.3083333 0.06216759 0.275 0.1186616 0.275 0.06216759 0.3083333 0.2905007 0.3083333 0.2340068 0.275 0.2905007 0.275 0.2340068 0.3083333 0.4605051 0.3083333 0.4040111 0.275 0.4605051 0.275 0.4040111 0.3083333 0.6274854 0.3083333 0.5709914 0.275 0.6274854 0.275 0.5709914 0.3083333 0.7902732 0.3083333 0.7337792 0.275 0.7902732 0.275 0.7337792 0.3083333 -0.5145019 1.429448 -0.4893824 1.38601 -0.4581241 1.433068 -0.524464 1.341728 -0.57038 1.421129 -0.5631235 1.300534 -0.6050905 1.262714 -0.6253674 1.408169 -0.6500712 1.228533 -0.6790794 1.390659 -0.6977511 1.198231 -0.7311402 1.368722 -0.7477965 1.17202 -0.7811856 1.34251 -0.7998573 1.150083 -0.8288654 1.312209 -0.8535693 1.132573 -0.8738462 1.278028 -0.9085566 1.119613 -0.9158131 1.240208 -0.9644347 1.111294 -0.9544726 1.199013 -0.9895543 1.154732 -1.020813 1.107674</float_array>
                    <technique_common>
                        <accessor count="144" source="#ID100" stride="2">
                            <param name="S" type="float" />
                            <param name="T" type="float" />
                        </accessor>
                    </technique_common>
                </source>
                <vertices id="ID96">
                    <input semantic="POSITION" source="#ID94" />
                    <input semantic="NORMAL" source="#ID95" />
                </vertices>
                <triangles count="92" material="Material2">
                    <input offset="0" semantic="VERTEX" source="#ID96" />
                    <input offset="1" semantic="TEXCOORD" source="#ID97" />
                    <p>0 0 1 1 2 2 1 1 0 0 3 3 1 1 3 3 4 4 4 4 3 3 5 5 4 4 5 5 6 6 4 4 6 6 7 7 7 7 6 6 8 8 7 7 8 8 9 9 9 9 8 8 10 10 9 9 10 10 11 11 11 11 10 10 12 12 11 11 12 12 13 13 13 13 12 12 14 14 13 13 14 14 15 15 15 15 14 14 16 16 15 15 16 16 17 17 17 17 16 16 18 18 17 17 18 18 19 19 19 19 18 18 20 20 19 19 20 20 21 21 21 21 20 20 22 22 22 22 20 20 23 23 24 24 25 25 26 26 25 25 24 24 27 27 28 28 29 29 30 30 29 29 28 28 31 31 32 32 31 33 28 34 31 33 32 32 33 35 34 36 33 37 32 38 33 37 34 36 35 39 36 40 34 41 37 42 34 41 36 40 35 43 38 44 37 45 39 46 37 45 38 44 36 47 40 48 39 49 41 50 39 49 40 48 38 51 42 52 41 53 43 54 41 53 42 52 40 55 44 56 43 57 45 58 43 57 44 56 42 59 46 60 45 61 47 62 45 61 46 60 44 63 48 64 47 65 49 66 47 65 48 64 46 67 50 68 49 69 51 70 49 69 50 68 48 71 52 72 51 73 53 74 51 73 52 72 50 75 54 76 55 77 56 78 55 77 54 76 57 79 56 80 58 81 59 82 58 81 56 80 55 83 59 84 60 85 61 86 60 85 59 84 58 87 62 88 60 89 63 90 60 89 62 88 61 91 64 92 63 93 65 94 63 93 64 92 62 95 66 96 65 97 67 98 65 97 66 96 64 99 68 100 67 101 69 102 67 101 68 100 66 103 70 104 69 105 71 106 69 105 70 104 68 107 72 108 71 109 73 110 71 109 72 108 70 111 74 112 73 113 75 114 73 113 74 112 72 115 27 116 75 117 25 118 75 117 27 116 74 119 76 120 77 121 78 122 77 121 76 120 79 123 79 123 76 120 80 124 79 123 80 124 81 125 81 125 80 124 82 126 82 126 80 124 83 127 82 126 83 127 84 128 84 128 83 127 85 129 84 128 85 129 86 130 86 130 85 129 87 131 86 130 87 131 88 132 88 132 87 131 89 133 88 132 89 133 90 134 90 134 89 133 91 135 90 134 91 135 92 136 92 136 91 135 93 137 92 136 93 137 94 138 94 138 93 137 95 139 94 138 95 139 96 140 96 140 95 139 97 141 96 140 97 141 98 142 96 140 98 142 99 143</p>
                </triangles>
            </mesh>
        </geometry>
        <geometry id="ID101">
            <mesh>
                <source id="ID102">
                    <float_array id="ID105" count="3000">18.57987 9.379074 1.968504 18.60695 8.978112 0.7874016 18.60695 8.978112 1.968504 18.57987 9.379074 0.7874016 18.78208 8.739928 1.968504 19.35105 9.779966 1.968504 19.34585 10.18181 1.968504 19.3672 9.378415 1.968504 19.3943 8.977455 1.968504 19.43232 8.577382 1.968504 19.48124 8.178495 1.968504 19.54102 7.78109 1.968504 18.56373 9.780625 1.968504 18.56433 10.5843 1.968504 18.55855 10.18247 1.968504 18.57987 9.379074 1.968504 18.58106 10.98583 1.968504 18.60695 8.978112 1.968504 18.60874 11.38675 1.968504 18.61798 8.861961 1.968504 18.61605 11.46254 1.968504 19.4594 12.41252 1.968504 19.36833 10.98517 1.968504 19.35161 10.58364 1.968504 19.39599 11.38609 1.968504 19.43457 11.78611 1.968504 19.48405 12.18493 1.968504 19.54438 12.58225 1.968504 18.56373 9.780625 1.968504 18.56373 9.780625 0.7874016 18.61798 8.861961 0.7874016 18.61798 8.861961 1.968504 0.9051817 12.3464 1.968504 0.7910528 14.89061 1.968504 0.7653974 12.61379 1.968504 1.03559 13.79655 1.968504 1.690835 11.49198 1.968504 1.554959 12.80306 1.968504 2.313767 11.97784 1.968504 1.804322 11.36856 1.968504 2.925906 10.65676 1.968504 3.260301 11.37713 1.968504 4.193501 10.25951 1.968504 4.330057 11.04187 1.968504 5.064903 10.22297 1.968504 5.450133 10.99491 1.968504 10.94457 5.023369 1.968504 11.28242 8.096713 1.968504 10.93918 7.788404 1.968504 11.07415 6.136915 1.968504 11.48753 7.178979 1.968504 11.57488 8.45356 1.968504 11.91992 7.760395 1.968504 11.80977 8.850672 1.968504 11.98164 9.278841 1.968504 12.15652 8.078547 1.968504 12.08652 9.728141 1.968504 12.12197 10.18815 1.968504 0.3174695 3.254037 1.968504 0.0324711 5.872617 1.968504 0.002598974 4.544567 1.968504 0.4050502 7.147684 1.968504 0.9556249 2.088975 1.968504 0.7921326 4.630497 1.968504 0.761977 7.73499 1.968504 1.05786 3.541385 1.968504 1.873576 1.128778 1.968504 1.596416 2.55816 1.968504 2.371098 1.747825 1.968504 3.008765 0.438883 1.968504 3.329114 1.165604 1.968504 4.283832 0.06630389 1.968504 4.405176 0.8511752 1.968504 5.611883 0.03643176 1.968504 5.525953 0.8259653 1.968504 6.615064 1.091693 1.968504 6.902413 0.3513023 1.968504 7.59829 1.630249 1.968504 7.707753 0.792422 1.968504 8.408625 2.404931 1.968504 8.109859 0.8521977 1.968504 8.51343 0.9011125 1.968504 8.990845 3.362947 1.968504 8.918173 0.9391307 1.968504 9.323794 0.9662248 1.968504 9.305274 4.439009 1.968504 9.330484 5.559785 1.968504 9.359829 1.299303 1.968504 9.729998 0.9823751 1.968504 10.93463 1.298199 1.968504 10.13649 0.9875698 1.968504 10.54297 0.9818051 1.968504 10.94915 0.9650853 1.968504 11.10761 3.914228 1.968504 11.35474 0.9374225 1.968504 11.55216 2.885079 1.968504 11.75943 0.8988368 1.968504 12.24793 2.006055 1.968504 12.16293 0.8493562 1.968504 12.56495 0.7890168 1.968504 13.1475 1.337061 1.968504 12.7608 0.6433681 1.968504 13.99558 0.1535464 1.968504 14.18956 0.9236879 1.968504 15.31506 1.343543e-15 1.968504 15.30311 0.7941061 1.968504 16.41225 0.9571465 1.968504 16.62933 0.1931928 1.968504 17.4414 1.401698 1.968504 17.8488 0.7199591 1.968504 18.32042 2.097466 1.968504 18.89039 1.544401 1.968504 18.98942 2.997034 1.968504 19.68311 2.610333 1.968504 19.40279 4.039098 1.968504 19.53237 5.152643 1.968504 19.54102 7.78109 1.968504 19.60652 7.698339 1.968504 20.13328 6.47886 1.968504 20.17293 3.845115 1.968504 20.32648 5.164597 1.968504 16.28738 9.252325 1.968504 15.24203 10.16669 1.968504 15.17383 9.381906 1.968504 16.48136 10.02247 1.968504 17.32944 8.838951 1.968504 17.71614 9.532644 1.968504 18.22901 8.169957 1.968504 18.61798 8.861961 1.968504 18.92478 7.290934 1.968504 18.78208 8.739928 1.968504 19.36933 6.261784 1.968504 10.94255 12.58956 1.968504 10.96219 15.57199 1.968504 10.9463 17.94704 1.968504 11.02874 14.45291 1.968504 11.28536 12.28077 1.968504 11.38265 13.38918 1.968504 11.57731 11.92351 1.968504 11.90508 12.59696 1.968504 11.81164 11.52607 1.968504 11.98292 11.09767 1.968504 11.99982 12.45329 1.968504 12.08716 10.64822 1.968504 12.58074 11.93758 1.968504 12.59603 8.426431 1.968504 12.64033 11.88468 1.968504 13.03554 8.774314 1.968504 12.83819 11.70904 1.968504 13.84061 11.20712 1.968504 14.06469 9.218866 1.968504 14.93879 10.98176 1.968504 15.24206 10.211 1.968504 16.05787 11.0483 1.968504 16.20809 10.26844 1.968504 17.1216 11.40222 1.968504 17.46854 10.68781 1.968504 18.05748 12.01938 1.968504 18.5775 11.41912 1.968504 18.80174 12.85775 1.968504 18.61605 11.46254 1.968504 19.4594 12.41252 1.968504 19.30365 13.86017 1.968504 19.52902 14.95835 1.968504 19.54438 12.58225 1.968504 11.03181 18.11781 1.968504 11.18756 16.67016 1.968504 11.91371 19.11122 1.968504 11.68947 17.67259 1.968504 12.43373 18.51095 1.968504 12.60668 19.5682 1.968504 13.36961 19.12812 1.968504 13.02267 19.84253 1.968504 14.28313 20.2619 1.968504 14.43334 19.48204 1.968504 15.60917 20.34075 1.968504 15.55243 19.54858 1.968504 16.6506 19.32322 1.968504 16.91044 20.0737 1.968504 17.65303 18.8213 1.968504 18.09825 19.47897 1.968504 18.49139 18.07704 1.968504 19.09166 18.59707 1.968504 19.10856 17.14116 1.968504 19.82297 17.4881 1.968504 19.46248 16.07743 1.968504 20.05414 13.60034 1.968504 20.24234 16.22765 1.968504 20.32118 14.90161 1.968504 0.8173424 5.751273 1.968504 1.094946 8.282874 1.968504 1.131772 6.827335 1.968504 1.683694 8.845719 1.968504 1.713992 7.785351 1.968504 2.055142 9.200825 1.968504 2.524327 8.560034 1.968504 3.220204 9.83898 1.968504 3.507553 9.09859 1.968504 4.510734 10.15385 1.968504 4.596664 9.364317 1.968504 5.064846 10.14139 1.968504 5.717441 9.339107 1.968504 6.544197 11.23945 1.968504 6.793503 9.024678 1.968504 7.537691 11.75882 1.968504 7.751519 8.442457 1.968504 7.731732 11.93724 1.968504 7.82277 12.02096 1.968504 8.401214 7.762861 1.968504 8.219763 9.730851 1.968504 8.18496 10.19092 1.968504 8.324011 9.281405 1.968504 8.495285 8.852995 1.968504 8.526201 7.632123 1.968504 8.729616 8.455555 1.968504 9.064757 6.648897 1.968504 9.02157 8.098298 1.968504 9.36438 7.789508 1.968504 8.36291 12.51763 1.968504 8.220408 10.65093 1.968504 8.325286 11.10023 1.968504 8.497161 11.5284 1.968504 8.41169 12.59449 1.968504 8.963617 13.46416 1.968504 8.732048 11.92551 1.968504 9.024504 12.28236 1.968504 9.298874 14.53392 1.968504 9.367745 12.59067 1.968504 9.345834 15.65399 1.968504 0.2897612 13.52363 1.968504 0.05564483 16.14725 1.968504 0 14.82003 1.968504 0.4529036 17.41484 1.968504 0.8380129 16.01069 1.968504 1.164704 18.53643 1.968504 1.17327 17.08045 1.968504 2.142537 19.43557 1.968504 1.773976 18.02698 1.968504 2.599196 18.78579 1.968504 3.319767 20.05099 1.968504 3.59269 19.30516 1.968504 4.616165 20.34075 1.968504 4.686754 19.54969 1.968504 5.943386 20.2851 1.968504 5.80683 19.50273 1.968504 6.876586 19.16748 1.968504 7.210981 19.88784 1.968504 7.82312 18.56677 1.968504 7.709232 19.57163 1.968504 8.332565 19.17604 1.968504 8.581928 17.74155 1.968504 9.231705 18.19821 1.968504 9.101297 16.74806 1.968504 9.371489 17.93082 1.968504 18.61605 11.46254 1.968504 18.60874 11.38675 0.7874016 18.60874 11.38675 1.968504 18.61605 11.46254 0.7874016 18.58106 10.98583 0.7874016 18.58106 10.98583 1.968504 18.56433 10.5843 0.7874016 18.56433 10.5843 1.968504 18.55855 10.18247 0.7874016 18.55855 10.18247 1.968504 19.48124 8.178495 0.7874016 19.54102 7.78109 1.968504 19.54102 7.78109 0.7874016 19.48124 8.178495 1.968504 19.43232 8.577382 0.7874016 19.43232 8.577382 1.968504 19.3943 8.977455 0.7874016 19.3943 8.977455 1.968504 19.3672 9.378415 0.7874016 19.3672 9.378415 1.968504 19.35105 9.779966 0.7874016 19.35105 9.779966 1.968504 19.34585 10.18181 0.7874016 19.34585 10.18181 1.968504 19.35161 10.58364 0.7874016 19.35161 10.58364 1.968504 19.36833 10.98517 0.7874016 19.36833 10.98517 1.968504 19.39599 11.38609 0.7874016 19.39599 11.38609 1.968504 19.43457 11.78611 0.7874016 19.43457 11.78611 1.968504 19.48405 12.18493 0.7874016 19.48405 12.18493 1.968504 19.54438 12.58225 0.7874016 19.54438 12.58225 1.968504 17.71614 9.532644 1.968504 18.61798 8.861961 0.7874016 17.71614 9.532644 0.7874016 18.61798 8.861961 1.968504 9.36438 7.789508 1.968504 9.359829 1.299303 1.968504 9.36438 7.789508 2.165354 9.36438 7.789508 1.968504 9.02157 8.098298 2.165354 9.02157 8.098298 1.968504 9.36438 7.789508 2.165354 8.729616 8.455555 2.165354 8.729616 8.455555 1.968504 8.495285 8.852995 2.165354 8.495285 8.852995 1.968504 8.324011 9.281405 2.165354 8.324011 9.281405 1.968504 8.219763 9.730851 2.165354 8.219763 9.730851 1.968504 8.18496 10.19092 2.165354 8.18496 10.19092 1.968504 8.220408 10.65093 2.165354 8.220408 10.65093 1.968504 8.325286 11.10023 2.165354 8.325286 11.10023 1.968504 8.497161 11.5284 2.165354 8.497161 11.5284 1.968504 8.732048 11.92551 2.165354 8.732048 11.92551 1.968504 9.024504 12.28236 2.165354 9.024504 12.28236 1.968504 9.367745 12.59067 1.968504 9.367745 12.59067 2.165354 9.371489 17.93082 2.165354 9.367745 12.59067 1.968504 9.367745 12.59067 2.165354 9.371489 17.93082 1.968504 9.231705 18.19821 0.7874016 9.371489 17.93082 1.968504 9.371489 17.93082 0.7874016 9.231705 18.19821 1.968504 8.332565 19.17604 0.7874016 8.332565 19.17604 1.968504 7.210981 19.88784 1.968504 7.210981 19.88784 0.7874016 7.709232 19.57163 1.968504 5.943386 20.2851 1.968504 5.943386 20.2851 0.7874016 4.616165 20.34075 1.968504 4.616165 20.34075 0.7874016 3.319767 20.05099 1.968504 3.319767 20.05099 0.7874016 2.142537 19.43557 1.968504 2.142537 19.43557 0.7874016 1.164704 18.53643 1.968504 1.164704 18.53643 0.7874016 0.4529036 17.41484 0.7874016 0.4529036 17.41484 1.968504 0.05564483 16.14725 0.7874016 0.05564483 16.14725 1.968504 0 14.82003 0.7874016 0 14.82003 1.968504 0.2897612 13.52363 0.7874016 0.2897612 13.52363 1.968504 0.7653974 12.61379 0.7874016 0.7653974 12.61379 1.968504 1.094946 8.282874 1.968504 0.8223185 8.138824 1.968504 0.761977 7.73499 1.968504 0.8718005 8.544132 1.968504 0.9103872 8.950622 1.968504 0.9380509 9.358001 1.968504 0.9547717 9.765975 1.968504 0.9605375 10.17425 1.968504 0.8251726 12.20987 1.968504 0.9051817 12.3464 1.968504 0.7653974 12.61379 1.968504 0.8740862 11.80449 1.968504 0.912103 11.39795 1.968504 1.690835 11.49198 1.968504 0.9391955 10.99053 1.968504 0.9553442 10.58254 1.968504 1.683694 8.845719 1.968504 1.697815 8.992129 1.968504 1.699504 11.40077 1.968504 1.725476 9.393052 1.968504 1.726602 10.99981 1.968504 1.742193 9.794579 1.968504 1.742757 10.59825 1.968504 1.747955 10.19641 1.968504 1.690835 11.49198 1.968504 1.804322 11.36856 0.7874016 1.804322 11.36856 1.968504 1.690835 11.49198 0.7874016 2.925906 10.65676 1.968504 2.925906 10.65676 0.7874016 4.193501 10.25951 1.968504 4.193501 10.25951 0.7874016 5.064903 10.22297 1.968504 5.064903 10.22297 0.7874016 5.064903 10.22297 1.968504 5.064846 10.14139 0.7874016 5.064846 10.14139 1.968504 5.064903 10.22297 0.7874016 4.510734 10.15385 0.7874016 5.064846 10.14139 1.968504 5.064846 10.14139 0.7874016 4.510734 10.15385 1.968504 3.220204 9.83898 1.968504 3.220204 9.83898 0.7874016 2.055142 9.200825 1.968504 2.055142 9.200825 0.7874016 1.683694 8.845719 1.968504 1.683694 8.845719 0.7874016 0.761977 7.73499 1.968504 0.4050502 7.147684 0.7874016 0.4050502 7.147684 1.968504 0.761977 7.73499 0.7874016 0.0324711 5.872617 0.7874016 0.0324711 5.872617 1.968504 0.002598974 4.544567 0.7874016 0.002598974 4.544567 1.968504 0.3174695 3.254037 0.7874016 0.3174695 3.254037 1.968504 0.9556249 2.088975 0.7874016 0.9556249 2.088975 1.968504 1.873576 1.128778 0.7874016 1.873576 1.128778 1.968504 3.008765 0.438883 1.968504 3.008765 0.438883 0.7874016 4.283832 0.06630389 1.968504 4.283832 0.06630389 0.7874016 5.611883 0.03643176 1.968504 5.611883 0.03643176 0.7874016 6.902413 0.3513023 1.968504 6.902413 0.3513023 0.7874016 7.707753 0.792422 1.968504 7.707753 0.792422 0.7874016 8.109859 0.8521977 1.968504 7.707753 0.792422 0.7874016 8.109859 0.8521977 0.7874016 7.707753 0.792422 1.968504 8.51343 0.9011125 1.968504 8.51343 0.9011125 0.7874016 8.918173 0.9391307 0.7874016 8.918173 0.9391307 1.968504 9.323794 0.9662248 1.968504 9.323794 0.9662248 0.7874016 9.729998 0.9823751 1.968504 9.729998 0.9823751 0.7874016 10.13649 0.9875698 1.968504 10.13649 0.9875698 0.7874016 10.54297 0.9818051 1.968504 10.54297 0.9818051 0.7874016 10.94915 0.9650853 1.968504 10.94915 0.9650853 0.7874016 11.35474 0.9374225 1.968504 11.35474 0.9374225 0.7874016 11.75943 0.8988368 1.968504 11.75943 0.8988368 0.7874016 12.16293 0.8493562 1.968504 12.16293 0.8493562 0.7874016 12.56495 0.7890168 1.968504 12.56495 0.7890168 0.7874016 12.7608 0.6433681 1.968504 12.56495 0.7890168 0.7874016 12.7608 0.6433681 0.7874016 12.56495 0.7890168 1.968504 13.99558 0.1535464 1.968504 13.99558 0.1535464 0.7874016 15.31506 1.34788e-15 0.7874016 15.31506 1.343543e-15 1.968504 16.62933 0.1931928 1.968504 15.31506 1.34788e-15 0.7874016 16.62933 0.1931928 0.7874016 15.31506 1.343543e-15 1.968504 17.8488 0.7199591 1.968504 17.8488 0.7199591 0.7874016 18.89039 1.544401 1.968504 18.89039 1.544401 0.7874016 19.68311 2.610333 0.7874016 19.68311 2.610333 1.968504 20.17293 3.845115 0.7874016 20.17293 3.845115 1.968504 20.32648 5.164597 0.7874016 20.32648 5.164597 1.968504 20.13328 6.47886 0.7874016 20.32648 5.164597 1.968504 20.32648 5.164597 0.7874016 20.13328 6.47886 1.968504 19.60652 7.698339 0.7874016 19.60652 7.698339 1.968504 19.54102 7.78109 0.7874016 19.54102 7.78109 1.968504 16.48136 10.02247 1.968504 16.48136 10.02247 0.7874016 15.24203 10.16669 1.968504 15.24203 10.16669 0.7874016 15.24206 10.211 0.7874016 15.24203 10.16669 1.968504 15.24203 10.16669 0.7874016 15.24206 10.211 1.968504 16.20809 10.26844 0.7874016 15.24206 10.211 1.968504 15.24206 10.211 0.7874016 16.20809 10.26844 1.968504 17.46854 10.68781 1.968504 17.46854 10.68781 0.7874016 18.5775 11.41912 1.968504 18.5775 11.41912 0.7874016 18.61605 11.46254 0.7874016 18.61605 11.46254 1.968504 20.05414 13.60034 0.7874016 19.54438 12.58225 1.968504 19.54438 12.58225 0.7874016 20.05414 13.60034 1.968504 20.32118 14.90161 0.7874016 20.32118 14.90161 1.968504 20.24234 16.22765 0.7874016 20.24234 16.22765 1.968504 19.82297 17.4881 0.7874016 19.82297 17.4881 1.968504 19.09166 18.59707 0.7874016 19.09166 18.59707 1.968504 18.09825 19.47897 1.968504 18.09825 19.47897 0.7874016 16.91044 20.0737 1.968504 16.91044 20.0737 0.7874016 15.60917 20.34075 1.968504 15.60917 20.34075 0.7874016 14.28313 20.2619 1.968504 14.28313 20.2619 0.7874016 13.02267 19.84253 1.968504 13.02267 19.84253 0.7874016 11.91371 19.11122 1.968504 11.91371 19.11122 0.7874016 12.60668 19.5682 1.968504 11.03181 18.11781 0.7874016 11.03181 18.11781 1.968504 10.9463 17.94704 0.7874016 10.9463 17.94704 1.968504 10.9463 17.94704 1.968504 10.94255 12.58956 2.165354 10.94255 12.58956 1.968504 10.9463 17.94704 2.165354 10.94255 12.58956 1.968504 11.28536 12.28077 2.165354 11.28536 12.28077 1.968504 10.94255 12.58956 2.165354 11.57731 11.92351 2.165354 11.57731 11.92351 1.968504 11.81164 11.52607 2.165354 11.81164 11.52607 1.968504 11.98292 11.09767 2.165354 11.98292 11.09767 1.968504 12.08716 10.64822 2.165354 12.08716 10.64822 1.968504 12.12197 10.18815 2.165354 12.12197 10.18815 1.968504 12.08652 9.728141 2.165354 12.08652 9.728141 1.968504 11.98164 9.278841 2.165354 11.98164 9.278841 1.968504 11.80977 8.850672 2.165354 11.80977 8.850672 1.968504 11.57488 8.45356 2.165354 11.57488 8.45356 1.968504 11.28242 8.096713 2.165354 11.28242 8.096713 1.968504 10.93918 7.788404 1.968504 10.93918 7.788404 2.165354 10.93918 7.788404 2.165354 10.93463 1.298199 1.968504 10.93918 7.788404 1.968504 10.93463 1.298199 1.968504 9.36438 7.789508 2.165354 9.359829 1.299303 1.968504 10.93918 7.788404 2.165354 11.86408 11.55025 0.7874016 11.86458 11.26026 0.7874016 11.86444 11.23369 0.7874016 11.87976 11.47302 0.7874016 11.88244 11.39426 0.7874016 11.22731 11.87393 0.7874016 11.23385 8.454968 0.7874016 11.20938 8.455091 0.7874016 11.25388 11.87394 0.7874016 11.36834 8.436973 0.7874016 11.38796 11.89115 0.7874016 11.44755 8.43959 0.7874016 11.46671 11.88809 0.7874016 11.52524 8.455264 0.7874016 11.54386 11.87203 0.7874016 11.59927 8.483562 0.7874016 11.61729 11.8434 0.7874016 11.6676 8.523707 0.7874016 11.68495 11.80301 0.7874016 11.72836 8.574594 0.7874016 11.74499 11.75197 0.7874016 11.77987 8.634823 0.7874016 11.79575 11.69168 0.7874016 11.82072 8.702738 0.7874016 11.83581 11.62381 0.7874016 11.84978 8.77647 0.7874016 11.85308 9.067827 0.7874016 11.85321 9.092278 0.7874016 12.23635 9.090359 0.7874016 12.24759 11.23384 0.7874016 12.25385 8.948416 0.7874016 12.26645 11.37532 0.7874016 0.0324711 5.872617 0.7874016 0.3174695 3.254037 0.7874016 0.002598974 4.544567 0.7874016 0.4050502 7.147684 0.7874016 0.9556249 2.088975 0.7874016 0.7921326 4.630497 0.7874016 0.761977 7.73499 0.7874016 1.05786 3.541385 0.7874016 1.873576 1.128778 0.7874016 1.596416 2.55816 0.7874016 2.371098 1.747825 0.7874016 3.008765 0.438883 0.7874016 3.329114 1.165604 0.7874016 4.283832 0.06630389 0.7874016 4.405176 0.8511752 0.7874016 5.611883 0.03643176 0.7874016 5.525953 0.8259653 0.7874016 6.615064 1.091693 0.7874016 6.902413 0.3513023 0.7874016 7.59829 1.630249 0.7874016 7.707753 0.792422 0.7874016 8.408625 2.404931 0.7874016 8.109859 0.8521977 0.7874016 8.51343 0.9011125 0.7874016 8.990845 3.362947 0.7874016 8.918173 0.9391307 0.7874016 9.323794 0.9662248 0.7874016 9.305274 4.439009 0.7874016 9.330484 5.559785 0.7874016 9.729998 0.9823751 0.7874016 9.345834 15.65399 0.7874016 9.371489 17.93082 0.7874016 9.371501 17.94815 0.7874016 10.9463 17.94704 0.7874016 10.13649 0.9875698 0.7874016 10.54297 0.9818051 0.7874016 10.94457 5.023369 0.7874016 10.96219 15.57199 0.7874016 11.07415 6.136915 0.7874016 11.02874 14.45291 0.7874016 11.22932 12.25707 0.7874016 11.38265 13.38918 0.7874016 11.20738 8.071952 0.7874016 11.37089 12.27524 0.7874016 11.51351 12.2697 0.7874016 11.90508 12.59696 0.7874016 11.65324 12.24061 0.7874016 11.78622 12.18877 0.7874016 11.90878 12.11562 0.7874016 12.58074 11.93758 0.7874016 12.01752 12.02317 0.7874016 12.10944 11.91398 0.7874016 12.182 11.79107 0.7874016 12.23319 11.65784 0.7874016 12.2616 11.51797 0.7874016 11.86625 8.853991 0.7874016 11.86969 8.93317 0.7874016 0.8223185 8.138824 0.7874016 0.8173424 5.751273 0.7874016 1.131772 6.827335 0.7874016 0.8718005 8.544132 0.7874016 0.9103872 8.950622 0.7874016 0.9380509 9.358001 0.7874016 0.9547717 9.765975 0.7874016 0.9605375 10.17425 0.7874016 1.03559 13.79655 0.7874016 1.554959 12.80306 0.7874016 1.713992 7.785351 0.7874016 1.683694 8.845719 0.7874016 2.055142 9.200825 0.7874016 2.524327 8.560034 0.7874016 3.220204 9.83898 0.7874016 3.507553 9.09859 0.7874016 4.510734 10.15385 0.7874016 4.596664 9.364317 0.7874016 5.064846 10.14139 0.7874016 5.717441 9.339107 0.7874016 5.064903 10.22297 0.7874016 5.450133 10.99491 0.7874016 6.544197 11.23945 0.7874016 6.793503 9.024678 0.7874016 7.537691 11.75882 0.7874016 7.751519 8.442457 0.7874016 7.731732 11.93724 0.7874016 8.054106 11.51623 0.7874016 8.082289 11.6561 0.7874016 8.41169 12.59449 0.7874016 8.049495 11.37363 0.7874016 8.133266 11.78935 0.7874016 8.205626 11.91232 0.7874016 8.297368 12.02159 0.7874016 8.405952 12.11414 0.7874016 8.528375 12.18742 0.7874016 8.963617 13.46416 0.7874016 8.661251 12.23939 0.7874016 8.800902 12.26861 0.7874016 8.943466 12.27428 0.7874016 9.084998 12.25625 0.7874016 9.298874 14.53392 0.7874016 9.087705 11.87311 0.7874016 9.091592 8.465696 0.7874016 9.11178 8.465595 0.7874016 9.114487 8.082432 0.7874016 8.101925 8.684602 0.7874016 8.401214 7.762861 0.7874016 8.072237 8.82512 0.7874016 8.066063 8.968607 0.7874016 8.154319 8.550881 0.7874016 8.227992 8.427597 0.7874016 8.320937 8.318109 0.7874016 8.430624 8.225397 0.7874016 8.526201 7.632123 0.7874016 8.554064 8.151987 0.7874016 9.064757 6.648897 0.7874016 8.687897 8.099878 0.7874016 8.828477 8.070489 0.7874016 8.971976 8.06462 0.7874016 0.05564483 16.14725 0.7874016 0.2897612 13.52363 0.7874016 0 14.82003 0.7874016 0.4529036 17.41484 0.7874016 0.7653974 12.61379 0.7874016 0.7910528 14.89061 0.7874016 0.8380129 16.01069 0.7874016 1.164704 18.53643 0.7874016 1.17327 17.08045 0.7874016 2.142537 19.43557 0.7874016 1.773976 18.02698 0.7874016 2.599196 18.78579 0.7874016 3.319767 20.05099 0.7874016 3.59269 19.30516 0.7874016 4.616165 20.34075 0.7874016 4.686754 19.54969 0.7874016 5.943386 20.2851 0.7874016 5.80683 19.50273 0.7874016 6.876586 19.16748 0.7874016 7.210981 19.88784 0.7874016 7.82312 18.56677 0.7874016 8.332565 19.17604 0.7874016 8.581928 17.74155 0.7874016 9.231705 18.19821 0.7874016 9.101297 16.74806 0.7874016 8.436016 11.47189 0.7874016 8.451547 11.25933 0.7874016 8.433472 11.39321 0.7874016 8.451568 11.54907 0.7874016 8.451738 11.23238 0.7874016 8.479696 11.6226 0.7874016 8.466738 9.109236 0.7874016 8.466881 9.089062 0.7874016 8.470237 8.794841 0.7874016 8.499485 8.720192 0.7874016 8.519623 11.69045 0.7874016 8.540612 8.65137 0.7874016 8.570244 11.75074 0.7874016 8.592498 8.590249 0.7874016 8.630159 11.80181 0.7874016 8.65373 8.538493 0.7874016 8.69771 11.84224 0.7874016 8.72264 8.497513 0.7874016 8.771028 11.87092 0.7874016 8.797351 8.468423 0.7874016 8.848086 11.88704 0.7874016 8.875829 8.452017 0.7874016 8.92675 11.89017 0.7874016 8.955936 8.448741 0.7874016 9.060756 11.87309 0.7874016 8.453663 8.873284 0.7874016 8.450217 8.953385 0.7874016 8.068585 11.23224 0.7874016 8.083571 9.111155 0.7874016 1.690835 11.49198 0.7874016 2.313767 11.97784 0.7874016 1.804322 11.36856 0.7874016 2.925906 10.65676 0.7874016 3.260301 11.37713 0.7874016 4.193501 10.25951 0.7874016 4.330057 11.04187 0.7874016 1.697815 8.992129 0.7874016 1.699504 11.40077 0.7874016 1.725476 9.393052 0.7874016 1.726602 10.99981 0.7874016 1.742193 9.794579 0.7874016 1.742757 10.59825 0.7874016 1.747955 10.19641 0.7874016 11.48753 7.178979 0.7874016 11.34913 8.052985 0.7874016 11.49207 8.057708 0.7874016 11.91992 7.760395 0.7874016 11.63226 8.085992 0.7874016 11.76586 8.137059 0.7874016 11.88917 8.209504 0.7874016 11.99881 8.301334 0.7874016 12.59603 8.426431 0.7874016 12.09177 8.410023 0.7874016 12.16548 8.532581 0.7874016 12.21793 8.665637 0.7874016 12.24766 8.805532 0.7874016 12.64033 11.88468 0.7874016 13.03554 8.774314 0.7874016 12.83819 11.70904 0.7874016 13.84061 11.20712 0.7874016 14.06469 9.218866 0.7874016 14.93879 10.98176 0.7874016 15.17383 9.381906 0.7874016 15.24206 10.211 0.7874016 16.05787 11.0483 0.7874016 15.24203 10.16669 0.7874016 16.20809 10.26844 0.7874016 17.1216 11.40222 0.7874016 17.46854 10.68781 0.7874016 18.05748 12.01938 0.7874016 18.5775 11.41912 0.7874016 18.80174 12.85775 0.7874016 18.61605 11.46254 0.7874016 18.61798 8.861961 0.7874016 11.03181 18.11781 0.7874016 11.18756 16.67016 0.7874016 11.91371 19.11122 0.7874016 11.68947 17.67259 0.7874016 12.43373 18.51095 0.7874016 13.02267 19.84253 0.7874016 13.36961 19.12812 0.7874016 14.28313 20.2619 0.7874016 14.43334 19.48204 0.7874016 15.60917 20.34075 0.7874016 15.55243 19.54858 0.7874016 16.6506 19.32322 0.7874016 16.91044 20.0737 0.7874016 17.65303 18.8213 0.7874016 18.09825 19.47897 0.7874016 18.49139 18.07704 0.7874016 19.09166 18.59707 0.7874016 19.10856 17.14116 0.7874016 19.82297 17.4881 0.7874016 19.46248 16.07743 0.7874016 19.52902 14.95835 0.7874016 19.54438 12.58225 0.7874016 20.05414 13.60034 0.7874016 20.24234 16.22765 0.7874016 20.32118 14.90161 0.7874016 19.30365 13.86017 0.7874016 19.35161 10.58364 0.7874016 19.34585 10.18181 0.7874016 19.36833 10.98517 0.7874016 19.39599 11.38609 0.7874016 19.43457 11.78611 0.7874016 19.48405 12.18493 0.7874016 16.28738 9.252325 0.7874016 16.48136 10.02247 0.7874016 17.32944 8.838951 0.7874016 17.71614 9.532644 0.7874016 18.22901 8.169957 0.7874016 18.92478 7.290934 0.7874016 19.36933 6.261784 0.7874016 19.35105 9.779966 0.7874016 19.3672 9.378415 0.7874016 19.3943 8.977455 0.7874016 19.53237 5.152643 0.7874016 19.43232 8.577382 0.7874016 19.48124 8.178495 0.7874016 19.54102 7.78109 0.7874016 10.94915 0.9650853 0.7874016 11.10761 3.914228 0.7874016 11.35474 0.9374225 0.7874016 11.55216 2.885079 0.7874016 11.75943 0.8988368 0.7874016 12.24793 2.006055 0.7874016 12.16293 0.8493562 0.7874016 12.56495 0.7890168 0.7874016 13.1475 1.337061 0.7874016 12.7608 0.6433681 0.7874016 13.99558 0.1535464 0.7874016 14.18956 0.9236879 0.7874016 15.31506 1.34788e-15 0.7874016 15.30311 0.7941061 0.7874016 16.41225 0.9571465 0.7874016 16.62933 0.1931928 0.7874016 17.4414 1.401698 0.7874016 17.8488 0.7199591 0.7874016 18.32042 2.097466 0.7874016 18.89039 1.544401 0.7874016 18.98942 2.997034 0.7874016 19.68311 2.610333 0.7874016 19.40279 4.039098 0.7874016 19.60652 7.698339 0.7874016 20.13328 6.47886 0.7874016 20.17293 3.845115 0.7874016 20.32648 5.164597 0.7874016 18.56433 10.5843 0.7874016 18.56373 9.780625 0.7874016 18.55855 10.18247 0.7874016 18.57987 9.379074 0.7874016 18.58106 10.98583 0.7874016 18.60695 8.978112 0.7874016 18.60874 11.38675 0.7874016 0.8251726 12.20987 0.7874016 0.8740862 11.80449 0.7874016 0.912103 11.39795 0.7874016 0.9391955 10.99053 0.7874016 0.9553442 10.58254 0.7874016 9.359829 1.299303 1.574803 9.36438 7.789508 1.574803 8.219763 9.730851 2.165354 8.220408 10.65093 2.165354 8.18496 10.19092 2.165354 8.324011 9.281405 2.165354 8.325286 11.10023 2.165354 8.495285 8.852995 2.165354 8.497161 11.5284 2.165354 8.729616 8.455555 2.165354 8.732048 11.92551 2.165354 9.02157 8.098298 2.165354 9.024504 12.28236 2.165354 9.36438 7.789508 2.165354 9.367745 12.59067 2.165354 10.93918 7.788404 2.165354 10.94255 12.58956 2.165354 11.28242 8.096713 2.165354 11.28536 12.28077 2.165354 11.57488 8.45356 2.165354 11.57731 11.92351 2.165354 11.80977 8.850672 2.165354 11.81164 11.52607 2.165354 11.98164 9.278841 2.165354 11.98292 11.09767 2.165354 12.08652 9.728141 2.165354 12.08716 10.64822 2.165354 12.12197 10.18815 2.165354 10.94255 12.58956 2.165354 9.371489 17.93082 2.165354 9.367745 12.59067 2.165354 9.371501 17.94815 2.165354 10.9463 17.94704 2.165354 9.371501 17.94815 2.165354 9.371489 17.93082 0.7874016 9.371501 17.94815 0.7874016 9.372639 19.57047 1.968504 9.372639 19.57047 1.181102 0.7653974 12.61379 1.968504 0.8251726 12.20987 0.7874016 0.8251726 12.20987 1.968504 0.7653974 12.61379 0.7874016 1.697815 8.992129 0.7874016 1.683694 8.845719 1.968504 1.683694 8.845719 0.7874016 1.697815 8.992129 1.968504 1.725476 9.393052 0.7874016 1.725476 9.393052 1.968504 1.742193 9.794579 0.7874016 1.742193 9.794579 1.968504 1.747955 10.19641 0.7874016 1.747955 10.19641 1.968504 1.742757 10.59825 0.7874016 1.742757 10.59825 1.968504 1.726602 10.99981 0.7874016 1.726602 10.99981 1.968504 1.699504 11.40077 0.7874016 1.699504 11.40077 1.968504 1.690835 11.49198 0.7874016 1.690835 11.49198 1.968504 0.8740862 11.80449 0.7874016 0.8740862 11.80449 1.968504 0.912103 11.39795 0.7874016 0.912103 11.39795 1.968504 0.9391955 10.99053 0.7874016 0.9391955 10.99053 1.968504 0.9553442 10.58254 0.7874016 0.9553442 10.58254 1.968504 0.9605375 10.17425 0.7874016 0.9605375 10.17425 1.968504 0.9547717 9.765975 0.7874016 0.9547717 9.765975 1.968504 0.9380509 9.358001 0.7874016 0.9380509 9.358001 1.968504 0.9103872 8.950622 0.7874016 0.9103872 8.950622 1.968504 0.8718005 8.544132 0.7874016 0.8718005 8.544132 1.968504 0.8223185 8.138824 0.7874016 0.8223185 8.138824 1.968504 0.761977 7.73499 0.7874016 0.761977 7.73499 1.968504 10.94744 19.56936 1.181102 10.9463 17.94704 0.7874016 10.94744 19.56936 1.968504 10.93463 1.298199 1.968504 9.359829 1.299303 1.574803 10.93463 1.298199 1.574803 9.359829 1.299303 1.968504 9.372639 19.57047 1.181102 10.9463 17.94704 0.7874016 9.371501 17.94815 0.7874016 10.94744 19.56936 1.181102 9.359829 1.299303 1.181102 9.36438 7.789508 1.181102 9.359829 1.299303 1.181102 10.93463 1.298199 1.181102 9.367745 12.59067 1.574803 9.367745 12.59067 1.181102</float_array>
                    <technique_common>
                        <accessor count="1000" source="#ID105" stride="3">
                            <param name="X" type="float" />
                            <param name="Y" type="float" />
                            <param name="Z" type="float" />
                        </accessor>
                    </technique_common>
                </source>
                <source id="ID103">
                    <float_array id="ID106" count="3000">-0.998553 -0.05377682 6.74126e-18 -0.9967152 -0.08098669 6.58052e-18 -0.9967152 -0.08098669 6.58052e-18 -0.998553 -0.05377682 6.74126e-18 7.04355e-18 -5.43168e-18 1 7.04355e-18 -5.43168e-18 1 7.04355e-18 -5.43168e-18 1 7.04355e-18 -5.43168e-18 1 7.04355e-18 -5.43168e-18 1 7.04355e-18 -5.43168e-18 1 7.04355e-18 -5.43168e-18 1 7.04355e-18 -5.43168e-18 1 7.04355e-18 -5.43168e-18 1 7.04355e-18 -5.43168e-18 1 7.04355e-18 -5.43168e-18 1 7.04355e-18 -5.43168e-18 1 7.04355e-18 -5.43168e-18 1 7.04355e-18 -5.43168e-18 1 7.04355e-18 -5.43168e-18 1 7.04355e-18 -5.43168e-18 1 7.04355e-18 -5.43168e-18 1 7.04355e-18 -5.43168e-18 1 7.04355e-18 -5.43168e-18 1 7.04355e-18 -5.43168e-18 1 7.04355e-18 -5.43168e-18 1 7.04355e-18 -5.43168e-18 1 7.04355e-18 -5.43168e-18 1 7.04355e-18 -5.43168e-18 1 -0.9996481 -0.02652695 6.896986e-18 -0.9996481 -0.02652695 6.896986e-18 -0.9955182 -0.0945703 6.498307e-18 -0.9955182 -0.0945703 6.498307e-18 1.737847e-17 1.626338e-17 1 1.737847e-17 1.626338e-17 1 1.737847e-17 1.626338e-17 1 1.737847e-17 1.626338e-17 1 1.737847e-17 1.626338e-17 1 1.737847e-17 1.626338e-17 1 1.737847e-17 1.626338e-17 1 1.737847e-17 1.626338e-17 1 1.737847e-17 1.626338e-17 1 1.737847e-17 1.626338e-17 1 1.737847e-17 1.626338e-17 1 1.737847e-17 1.626338e-17 1 1.737847e-17 1.626338e-17 1 1.737847e-17 1.626338e-17 1 1.737847e-17 1.626338e-17 1 1.737847e-17 1.626338e-17 1 1.737847e-17 1.626338e-17 1 1.737847e-17 1.626338e-17 1 1.737847e-17 1.626338e-17 1 1.737847e-17 1.626338e-17 1 1.737847e-17 1.626338e-17 1 1.737847e-17 1.626338e-17 1 1.737847e-17 1.626338e-17 1 1.737847e-17 1.626338e-17 1 1.737847e-17 1.626338e-17 1 1.737847e-17 1.626338e-17 1 1.737847e-17 1.626338e-17 1 1.737847e-17 1.626338e-17 1 1.737847e-17 1.626338e-17 1 1.737847e-17 1.626338e-17 1 1.737847e-17 1.626338e-17 1 1.737847e-17 1.626338e-17 1 1.737847e-17 1.626338e-17 1 1.737847e-17 1.626338e-17 1 1.737847e-17 1.626338e-17 1 1.737847e-17 1.626338e-17 1 1.737847e-17 1.626338e-17 1 1.737847e-17 1.626338e-17 1 1.737847e-17 1.626338e-17 1 1.737847e-17 1.626338e-17 1 1.737847e-17 1.626338e-17 1 1.737847e-17 1.626338e-17 1 1.737847e-17 1.626338e-17 1 1.737847e-17 1.626338e-17 1 1.737847e-17 1.626338e-17 1 1.737847e-17 1.626338e-17 1 1.737847e-17 1.626338e-17 1 1.737847e-17 1.626338e-17 1 1.737847e-17 1.626338e-17 1 1.737847e-17 1.626338e-17 1 1.737847e-17 1.626338e-17 1 1.737847e-17 1.626338e-17 1 1.737847e-17 1.626338e-17 1 1.737847e-17 1.626338e-17 1 1.737847e-17 1.626338e-17 1 1.737847e-17 1.626338e-17 1 1.737847e-17 1.626338e-17 1 1.737847e-17 1.626338e-17 1 1.737847e-17 1.626338e-17 1 1.737847e-17 1.626338e-17 1 1.737847e-17 1.626338e-17 1 1.737847e-17 1.626338e-17 1 1.737847e-17 1.626338e-17 1 1.737847e-17 1.626338e-17 1 1.737847e-17 1.626338e-17 1 1.737847e-17 1.626338e-17 1 1.737847e-17 1.626338e-17 1 1.737847e-17 1.626338e-17 1 1.737847e-17 1.626338e-17 1 1.737847e-17 1.626338e-17 1 1.737847e-17 1.626338e-17 1 1.737847e-17 1.626338e-17 1 1.737847e-17 1.626338e-17 1 1.737847e-17 1.626338e-17 1 1.737847e-17 1.626338e-17 1 1.737847e-17 1.626338e-17 1 1.737847e-17 1.626338e-17 1 1.737847e-17 1.626338e-17 1 1.737847e-17 1.626338e-17 1 1.737847e-17 1.626338e-17 1 1.737847e-17 1.626338e-17 1 1.737847e-17 1.626338e-17 1 1.737847e-17 1.626338e-17 1 1.737847e-17 1.626338e-17 1 1.737847e-17 1.626338e-17 1 1.737847e-17 1.626338e-17 1 1.737847e-17 1.626338e-17 1 1.737847e-17 1.626338e-17 1 1.737847e-17 1.626338e-17 1 1.737847e-17 1.626338e-17 1 1.737847e-17 1.626338e-17 1 1.737847e-17 1.626338e-17 1 1.737847e-17 1.626338e-17 1 1.737847e-17 1.626338e-17 1 1.737847e-17 1.626338e-17 1 1.737847e-17 1.626338e-17 1 1.737847e-17 1.626338e-17 1 1.737847e-17 1.626338e-17 1 1.737847e-17 1.626338e-17 1 1.737847e-17 1.626338e-17 1 1.737847e-17 1.626338e-17 1 1.737847e-17 1.626338e-17 1 1.737847e-17 1.626338e-17 1 1.737847e-17 1.626338e-17 1 1.737847e-17 1.626338e-17 1 1.737847e-17 1.626338e-17 1 1.737847e-17 1.626338e-17 1 1.737847e-17 1.626338e-17 1 1.737847e-17 1.626338e-17 1 1.737847e-17 1.626338e-17 1 1.737847e-17 1.626338e-17 1 1.737847e-17 1.626338e-17 1 1.737847e-17 1.626338e-17 1 1.737847e-17 1.626338e-17 1 1.737847e-17 1.626338e-17 1 1.737847e-17 1.626338e-17 1 1.737847e-17 1.626338e-17 1 1.737847e-17 1.626338e-17 1 1.737847e-17 1.626338e-17 1 1.737847e-17 1.626338e-17 1 1.737847e-17 1.626338e-17 1 1.737847e-17 1.626338e-17 1 1.737847e-17 1.626338e-17 1 1.737847e-17 1.626338e-17 1 1.737847e-17 1.626338e-17 1 1.737847e-17 1.626338e-17 1 1.737847e-17 1.626338e-17 1 1.737847e-17 1.626338e-17 1 1.737847e-17 1.626338e-17 1 1.737847e-17 1.626338e-17 1 1.737847e-17 1.626338e-17 1 1.737847e-17 1.626338e-17 1 1.737847e-17 1.626338e-17 1 1.737847e-17 1.626338e-17 1 1.737847e-17 1.626338e-17 1 1.737847e-17 1.626338e-17 1 1.737847e-17 1.626338e-17 1 1.737847e-17 1.626338e-17 1 1.737847e-17 1.626338e-17 1 1.737847e-17 1.626338e-17 1 1.737847e-17 1.626338e-17 1 1.737847e-17 1.626338e-17 1 1.737847e-17 1.626338e-17 1 1.737847e-17 1.626338e-17 1 1.737847e-17 1.626338e-17 1 1.737847e-17 1.626338e-17 1 1.737847e-17 1.626338e-17 1 1.737847e-17 1.626338e-17 1 1.737847e-17 1.626338e-17 1 1.737847e-17 1.626338e-17 1 1.737847e-17 1.626338e-17 1 1.737847e-17 1.626338e-17 1 1.737847e-17 1.626338e-17 1 1.737847e-17 1.626338e-17 1 1.737847e-17 1.626338e-17 1 1.737847e-17 1.626338e-17 1 1.737847e-17 1.626338e-17 1 1.737847e-17 1.626338e-17 1 1.737847e-17 1.626338e-17 1 1.737847e-17 1.626338e-17 1 1.737847e-17 1.626338e-17 1 1.737847e-17 1.626338e-17 1 1.737847e-17 1.626338e-17 1 1.737847e-17 1.626338e-17 1 1.737847e-17 1.626338e-17 1 1.737847e-17 1.626338e-17 1 1.737847e-17 1.626338e-17 1 1.737847e-17 1.626338e-17 1 1.737847e-17 1.626338e-17 1 1.737847e-17 1.626338e-17 1 1.737847e-17 1.626338e-17 1 1.737847e-17 1.626338e-17 1 1.737847e-17 1.626338e-17 1 1.737847e-17 1.626338e-17 1 1.737847e-17 1.626338e-17 1 1.737847e-17 1.626338e-17 1 1.737847e-17 1.626338e-17 1 1.737847e-17 1.626338e-17 1 1.737847e-17 1.626338e-17 1 1.737847e-17 1.626338e-17 1 1.737847e-17 1.626338e-17 1 1.737847e-17 1.626338e-17 1 1.737847e-17 1.626338e-17 1 1.737847e-17 1.626338e-17 1 1.737847e-17 1.626338e-17 1 1.737847e-17 1.626338e-17 1 1.737847e-17 1.626338e-17 1 1.737847e-17 1.626338e-17 1 1.737847e-17 1.626338e-17 1 1.737847e-17 1.626338e-17 1 1.737847e-17 1.626338e-17 1 1.737847e-17 1.626338e-17 1 1.737847e-17 1.626338e-17 1 1.737847e-17 1.626338e-17 1 1.737847e-17 1.626338e-17 1 1.737847e-17 1.626338e-17 1 1.737847e-17 1.626338e-17 1 1.737847e-17 1.626338e-17 1 1.737847e-17 1.626338e-17 1 1.737847e-17 1.626338e-17 1 1.737847e-17 1.626338e-17 1 1.737847e-17 1.626338e-17 1 1.737847e-17 1.626338e-17 1 1.737847e-17 1.626338e-17 1 1.737847e-17 1.626338e-17 1 1.737847e-17 1.626338e-17 1 1.737847e-17 1.626338e-17 1 1.737847e-17 1.626338e-17 1 1.737847e-17 1.626338e-17 1 1.737847e-17 1.626338e-17 1 1.737847e-17 1.626338e-17 1 1.737847e-17 1.626338e-17 1 1.737847e-17 1.626338e-17 1 1.737847e-17 1.626338e-17 1 1.737847e-17 1.626338e-17 1 1.737847e-17 1.626338e-17 1 1.737847e-17 1.626338e-17 1 1.737847e-17 1.626338e-17 1 1.737847e-17 1.626338e-17 1 1.737847e-17 1.626338e-17 1 1.737847e-17 1.626338e-17 1 1.737847e-17 1.626338e-17 1 -0.9953766 0.09604884 7.532692e-18 -0.9965938 0.08246703 7.467493e-18 -0.9965938 0.08246703 7.467493e-18 -0.9953766 0.09604884 7.532692e-18 -0.998472 0.05525991 7.332942e-18 -0.998472 0.05525991 7.332942e-18 -0.9996076 0.0280117 7.192937e-18 -0.9996076 0.0280117 7.192937e-18 -0.9999997 0.0007426527 7.047582e-18 -0.9999997 0.0007426527 7.047582e-18 0.990812 0.1352467 -6.244217e-18 0.9888756 0.1487448 -6.157261e-18 0.9888756 0.1487448 -6.157261e-18 0.990812 0.1352467 -6.244217e-18 0.9941316 0.1081777 -6.414629e-18 0.9941316 0.1081777 -6.414629e-18 0.9967118 0.08102813 -6.580271e-18 0.9967118 0.08102813 -6.580271e-18 0.9985507 0.05381833 -6.741018e-18 0.9985507 0.05381833 -6.741018e-18 0.999647 0.02656851 -6.896752e-18 0.999647 0.02656851 -6.896752e-18 0.9999998 -0.0007010749 -7.047356e-18 0.9999998 -0.0007010749 -7.047356e-18 0.9996088 -0.02797014 -7.192719e-18 0.9996088 -0.02797014 -7.192719e-18 0.9984743 -0.0552184 -7.332733e-18 0.9984743 -0.0552184 -7.332733e-18 0.9965972 -0.08242559 -7.467292e-18 0.9965972 -0.08242559 -7.467292e-18 0.9939789 -0.1095715 -7.596298e-18 0.9939789 -0.1095715 -7.596298e-18 0.9906213 -0.1366359 -7.719653e-18 0.9906213 -0.1366359 -7.719653e-18 0.9886661 -0.1501312 -7.779184e-18 0.9886661 -0.1501312 -7.779184e-18 0.4869084 0.8734531 1.314755e-18 0.5967513 0.8024263 1.552754e-19 0.4869084 0.8734531 1.314755e-18 0.5967513 0.8024263 1.552754e-19 -0.9999998 0.0007010749 7.047356e-18 -0.9999998 0.0007010749 7.047356e-18 -0.9999998 0.0007010749 7.047356e-18 -0.6692783 -0.7430118 3.174234e-17 -0.7239027 -0.6899021 -2.984153e-15 -0.7239027 -0.6899021 -2.984153e-15 -0.6692783 -0.7430118 3.174234e-17 -0.8202532 -0.5720006 -6.338204e-15 -0.8202532 -0.5720006 -6.338204e-15 -0.8975868 -0.4408378 -6.936939e-15 -0.8975868 -0.4408378 -6.936939e-15 -0.9541106 -0.2994545 -7.374847e-15 -0.9541106 -0.2994545 -7.374847e-15 -0.9885141 -0.1511286 -7.641775e-15 -0.9885141 -0.1511286 -7.641775e-15 -0.9999998 0.0007010749 -7.731535e-15 -0.9999998 0.0007010749 -7.731535e-15 -0.9883012 0.1525145 -7.642046e-15 -0.9883012 0.1525145 -7.642046e-15 -0.9536898 0.300792 -7.375383e-15 -0.9536898 0.300792 -7.375383e-15 -0.8969678 0.4420959 -6.937727e-15 -0.8969678 0.4420959 -6.937727e-15 -0.8194504 0.5731502 -6.339225e-15 -0.8194504 0.5731502 -6.339225e-15 -0.7229346 0.6909164 -2.980673e-15 -0.7229346 0.6909164 -2.980673e-15 -0.6682358 0.7439495 3.98117e-17 -0.6682358 0.7439495 3.98117e-17 -0.9999998 0.0007010749 7.047356e-18 -0.9999998 0.0007010749 7.047356e-18 -0.9999998 0.0007010749 7.047356e-18 -0.9999998 0.0007010749 7.047356e-18 0.8181574 0.5749943 -2.639547e-18 0.8862098 0.4632842 -3.725651e-18 0.8862098 0.4632842 -3.725651e-18 0.8181574 0.5749943 -2.639547e-18 0.6414599 0.7671566 -6.620111e-17 0.6414599 0.7671566 -6.620111e-17 0.421048 0.9070384 -6.388883e-17 0.421048 0.9070384 -6.388883e-17 0.5358381 0.8443208 -1.297612e-16 0.1719423 0.985107 4.139702e-18 0.1719423 0.985107 4.139702e-18 -0.08888096 0.9960423 6.036221e-18 -0.08888096 0.9960423 6.036221e-18 -0.3436471 0.9390989 7.521381e-18 -0.3436471 0.9390989 7.521381e-18 -0.5749943 0.8181574 8.493971e-18 -0.5749943 0.8181574 8.493971e-18 -0.7671566 0.6414599 8.887711e-18 -0.7671566 0.6414599 8.887711e-18 -0.9070384 0.421048 8.675768e-18 -0.9070384 0.421048 8.675768e-18 -0.985107 0.1719423 7.872586e-18 -0.985107 0.1719423 7.872586e-18 -0.9960423 -0.08888096 6.532901e-18 -0.9960423 -0.08888096 6.532901e-18 -0.9390989 -0.3436471 4.748009e-18 -0.9390989 -0.3436471 4.748009e-18 -0.8862098 -0.4632842 3.725651e-18 -0.8862098 -0.4632842 3.725651e-18 7.04355e-18 -5.43168e-18 1 7.04355e-18 -5.43168e-18 1 7.04355e-18 -5.43168e-18 1 7.04355e-18 -5.43168e-18 1 7.04355e-18 -5.43168e-18 1 7.04355e-18 -5.43168e-18 1 7.04355e-18 -5.43168e-18 1 7.04355e-18 -5.43168e-18 1 7.04355e-18 -5.43168e-18 1 7.04355e-18 -5.43168e-18 1 7.04355e-18 -5.43168e-18 1 7.04355e-18 -5.43168e-18 1 7.04355e-18 -5.43168e-18 1 7.04355e-18 -5.43168e-18 1 7.04355e-18 -5.43168e-18 1 7.04355e-18 -5.43168e-18 1 7.04355e-18 -5.43168e-18 1 7.04355e-18 -5.43168e-18 1 7.04355e-18 -5.43168e-18 1 7.04355e-18 -5.43168e-18 1 7.04355e-18 -5.43168e-18 1 7.04355e-18 -5.43168e-18 1 7.04355e-18 -5.43168e-18 1 7.04355e-18 -5.43168e-18 1 -0.7361061 -0.6768661 1.50828e-18 -0.6414599 -0.7671566 3.512057e-19 -0.6414599 -0.7671566 3.512057e-19 -0.7361061 -0.6768661 1.50828e-18 -0.421048 -0.9070384 -1.96107e-18 -0.421048 -0.9070384 -1.96107e-18 -0.1719423 -0.985107 -4.139702e-18 -0.1719423 -0.985107 -4.139702e-18 -0.04188903 -0.9991223 -5.131865e-18 -0.04188903 -0.9991223 -5.131865e-18 -0.9999998 0.0007010749 7.047356e-18 -0.9999998 0.0007010749 7.047356e-18 -0.9999998 0.0007010749 7.047356e-18 -0.9999998 0.0007010749 7.047356e-18 -0.108198 0.9941294 6.161891e-18 0.02248753 0.9997471 5.271915e-18 0.02248753 0.9997471 5.271915e-18 -0.108198 0.9941294 6.161891e-18 -0.3618109 0.9322515 7.612126e-18 -0.3618109 0.9322515 7.612126e-18 -0.5907669 0.8068423 8.543606e-18 -0.5907669 0.8068423 8.543606e-18 -0.6910269 0.7228291 8.793459e-18 -0.6910269 0.7228291 8.793459e-18 -0.8545626 0.5193483 8.840089e-18 -0.9150403 0.4033624 8.636068e-18 -0.9150403 0.4033624 8.636068e-18 -0.8545626 0.5193483 8.840089e-18 -0.9882589 0.1527883 7.790749e-18 -0.9882589 0.1527883 7.790749e-18 -0.9941294 -0.108198 6.414503e-18 -0.9941294 -0.108198 6.414503e-18 -0.9322515 -0.3618109 4.601119e-18 -0.9322515 -0.3618109 4.601119e-18 -0.8068423 -0.5907669 2.474177e-18 -0.8068423 -0.5907669 2.474177e-18 -0.626448 -0.7794632 1.786233e-19 -0.626448 -0.7794632 1.786233e-19 -0.4033624 -0.9150403 -2.129103e-18 -0.4033624 -0.9150403 -2.129103e-18 -0.1527883 -0.9882589 -4.291735e-18 -0.1527883 -0.9882589 -4.291735e-18 0.108198 -0.9941294 -6.161891e-18 0.108198 -0.9941294 -6.161891e-18 0.3618109 -0.9322515 -7.612126e-18 0.3618109 -0.9322515 -7.612126e-18 0.4803988 -0.8770502 -8.147569e-18 0.4803988 -0.8770502 -8.147569e-18 0.1336946 -0.9910226 -6.324602e-18 0.1470407 -0.9891304 -6.408329e-18 0.1336946 -0.9910226 -6.324602e-18 0.1470407 -0.9891304 -6.408329e-18 0.1069318 -0.9942664 -6.153717e-18 0.1069318 -0.9942664 -6.153717e-18 0.08009135 -0.9967875 -5.978359e-18 0.08009135 -0.9967875 -5.978359e-18 0.05319267 -0.9985843 -5.798656e-18 0.05319267 -0.9985843 -5.798656e-18 0.02625534 -0.9996553 -5.614739e-18 0.02625534 -0.9996553 -5.614739e-18 -0.0007010749 -0.9999998 -5.426741e-18 -0.0007010749 -0.9999998 -5.426741e-18 -0.02765698 -0.9996175 -5.234799e-18 -0.02765698 -0.9996175 -5.234799e-18 -0.05459279 -0.9985087 -5.039053e-18 -0.05459279 -0.9985087 -5.039053e-18 -0.08148892 -0.9966742 -4.839645e-18 -0.08148892 -0.9966742 -4.839645e-18 -0.1083258 -0.9941154 -4.636719e-18 -0.1083258 -0.9941154 -4.636719e-18 -0.135084 -0.9908342 -4.430424e-18 -0.135084 -0.9908342 -4.430424e-18 -0.1484275 -0.9889233 -4.326059e-18 -0.1484275 -0.9889233 -4.326059e-18 -0.4869084 -0.8734531 -1.314755e-18 -0.5967513 -0.8024263 -1.552754e-19 -0.4869084 -0.8734531 -1.314755e-18 -0.5967513 -0.8024263 -1.552754e-19 -0.2442511 -0.969712 -1.613565e-18 -0.2442511 -0.969712 -1.613565e-18 -0.1155886 -0.9932972 -7.477836e-19 -0.1155886 -0.9932972 -7.477836e-19 0.2733284 -0.9619208 -7.150049e-18 0.1454342 -0.9893679 -6.398303e-18 0.2733284 -0.9619208 -7.150049e-18 0.1454342 -0.9893679 -6.398303e-18 0.5129784 -0.8584015 -8.275752e-18 0.5129784 -0.8584015 -8.275752e-18 0.7176697 -0.6963836 -8.837476e-18 0.7176697 -0.6963836 -8.837476e-18 0.8734531 -0.4869084 -8.796941e-18 0.8734531 -0.4869084 -8.796941e-18 0.969712 -0.2442511 -7.784445e-18 0.969712 -0.2442511 -7.784445e-18 0.9932972 -0.1155886 -6.885623e-18 0.9932972 -0.1155886 -6.885623e-18 0.9619208 0.2733284 -5.290705e-18 0.9893679 0.1454342 -6.178711e-18 0.9893679 0.1454342 -6.178711e-18 0.9619208 0.2733284 -5.290705e-18 0.8584015 0.5129784 -3.25986e-18 0.8584015 0.5129784 -3.25986e-18 0.7841007 0.6206337 -2.151769e-18 0.7841007 0.6206337 -2.151769e-18 0.2442511 0.969712 3.546771e-18 0.2442511 0.969712 3.546771e-18 0.1155886 0.9932972 4.581118e-18 0.1155886 0.9932972 4.581118e-18 0.9999998 -0.0007010749 -7.047356e-18 0.9999998 -0.0007010749 -7.047356e-18 0.9999998 -0.0007010749 -7.047356e-18 0.9999998 -0.0007010749 -7.047356e-18 0.1891452 -0.9819491 -6.665888e-18 0.05935696 -0.9982368 -5.840187e-18 0.05935696 -0.9982368 -5.840187e-18 0.1891452 -0.9819491 -6.665888e-18 0.4368474 -0.8995356 -7.962947e-18 0.4368474 -0.8995356 -7.962947e-18 0.6547791 -0.7558203 -8.717344e-18 0.6547791 -0.7558203 -8.717344e-18 0.7478317 -0.6638883 -8.87342e-18 0.7478317 -0.6638883 -8.87342e-18 0.9449655 -0.32717 -8.432995e-18 0.8941769 -0.4477138 -8.730018e-18 0.8941769 -0.4477138 -8.730018e-18 0.9449655 -0.32717 -8.432995e-18 0.9974444 -0.0714469 -7.413626e-18 0.9974444 -0.0714469 -7.413626e-18 0.9819491 0.1891452 -5.889032e-18 0.9819491 0.1891452 -5.889032e-18 0.8995356 0.4368474 -3.963109e-18 0.8995356 0.4368474 -3.963109e-18 0.7558203 0.6547791 -1.767107e-18 0.7558203 0.6547791 -1.767107e-18 0.560597 0.8280887 5.493202e-19 0.560597 0.8280887 5.493202e-19 0.32717 0.9449655 2.828312e-18 0.32717 0.9449655 2.828312e-18 0.0714469 0.9974444 4.91456e-18 0.0714469 0.9974444 4.91456e-18 -0.1891452 0.9819491 6.665888e-18 -0.1891452 0.9819491 6.665888e-18 -0.4368474 0.8995356 -6.51863e-17 -0.4368474 0.8995356 -6.51863e-17 -0.6547791 0.7558203 -6.443191e-17 -0.6547791 0.7558203 -6.443191e-17 -0.550523 0.83482 -1.366348e-16 -0.8280887 0.560597 8.225181e-18 -0.8280887 0.560597 8.225181e-18 -0.8941769 0.4477138 7.436207e-18 -0.8941769 0.4477138 7.436207e-18 0.9999998 -0.0007010749 -7.047356e-18 0.9999998 -0.0007010749 -7.047356e-18 0.9999998 -0.0007010749 -7.047356e-18 0.9999998 -0.0007010749 -7.047356e-18 0.6692783 0.7430118 3.371393e-17 0.7239027 0.6899021 -4.006486e-15 0.7239027 0.6899021 -4.006486e-15 0.6692783 0.7430118 3.371393e-17 0.8202532 0.5720006 -8.502992e-15 0.8202532 0.5720006 -8.502992e-15 0.8975868 0.4408378 -9.311552e-15 0.8975868 0.4408378 -9.311552e-15 0.9541106 0.2994545 -9.904231e-15 0.9541106 0.2994545 -9.904231e-15 0.9885141 0.1511286 -1.026729e-14 0.9885141 0.1511286 -1.026729e-14 0.9999998 -0.0007010749 -1.039231e-14 0.9999998 -0.0007010749 -1.039231e-14 0.9883012 -0.1525145 -1.027639e-14 0.9883012 -0.1525145 -1.027639e-14 0.9536898 -0.300792 -9.922223e-15 0.9536898 -0.300792 -9.922223e-15 0.8969678 -0.4420959 -9.338017e-15 0.8969678 -0.4420959 -9.338017e-15 0.8194504 -0.5731502 -8.537317e-15 0.8194504 -0.5731502 -8.537317e-15 0.7229346 -0.6909164 -4.029571e-15 0.7229346 -0.6909164 -4.029571e-15 0.6682358 -0.7439495 2.564458e-17 0.6682358 -0.7439495 2.564458e-17 0.9999998 -0.0007010749 -7.047356e-18 0.9999998 -0.0007010749 -7.047356e-18 0.9999998 -0.0007010749 -7.047356e-18 -2.125409e-05 -0.03031643 0.9995404 -2.125409e-05 -0.03031643 0.9995404 -2.125409e-05 -0.03031643 0.9995404 -2.125409e-05 -0.03031643 0.9995404 -5.454529e-18 3.594288e-18 -1 -5.454529e-18 3.594288e-18 -1 -5.454529e-18 3.594288e-18 -1 -5.454529e-18 3.594288e-18 -1 -5.454529e-18 3.594288e-18 -1 -5.454529e-18 3.594288e-18 -1 -5.454529e-18 3.594288e-18 -1 -5.454529e-18 3.594288e-18 -1 -5.454529e-18 3.594288e-18 -1 -5.454529e-18 3.594288e-18 -1 -5.454529e-18 3.594288e-18 -1 -5.454529e-18 3.594288e-18 -1 -5.454529e-18 3.594288e-18 -1 -5.454529e-18 3.594288e-18 -1 -5.454529e-18 3.594288e-18 -1 -5.454529e-18 3.594288e-18 -1 -5.454529e-18 3.594288e-18 -1 -5.454529e-18 3.594288e-18 -1 -5.454529e-18 3.594288e-18 -1 -5.454529e-18 3.594288e-18 -1 -5.454529e-18 3.594288e-18 -1 -5.454529e-18 3.594288e-18 -1 -5.454529e-18 3.594288e-18 -1 -5.454529e-18 3.594288e-18 -1 -5.454529e-18 3.594288e-18 -1 -5.454529e-18 3.594288e-18 -1 -5.454529e-18 3.594288e-18 -1 -5.454529e-18 3.594288e-18 -1 -5.454529e-18 3.594288e-18 -1 -5.454529e-18 3.594288e-18 -1 -5.454529e-18 3.594288e-18 -1 -5.454529e-18 3.594288e-18 -1 -5.454529e-18 3.594288e-18 -1 -5.454529e-18 3.594288e-18 -1 -5.454529e-18 3.594288e-18 -1 -5.454529e-18 3.594288e-18 -1 -5.454529e-18 3.594288e-18 -1 -5.454529e-18 3.594288e-18 -1 -5.454529e-18 3.594288e-18 -1 -5.454529e-18 3.594288e-18 -1 -5.454529e-18 3.594288e-18 -1 -5.454529e-18 3.594288e-18 -1 -5.454529e-18 3.594288e-18 -1 -5.454529e-18 3.594288e-18 -1 -5.454529e-18 3.594288e-18 -1 -5.454529e-18 3.594288e-18 -1 -5.454529e-18 3.594288e-18 -1 -5.454529e-18 3.594288e-18 -1 -5.454529e-18 3.594288e-18 -1 -5.454529e-18 3.594288e-18 -1 -5.454529e-18 3.594288e-18 -1 -5.454529e-18 3.594288e-18 -1 -5.454529e-18 3.594288e-18 -1 -5.454529e-18 3.594288e-18 -1 -5.454529e-18 3.594288e-18 -1 -5.454529e-18 3.594288e-18 -1 -5.454529e-18 3.594288e-18 -1 -5.454529e-18 3.594288e-18 -1 -5.454529e-18 3.594288e-18 -1 -5.454529e-18 3.594288e-18 -1 -5.454529e-18 3.594288e-18 -1 -5.454529e-18 3.594288e-18 -1 -5.454529e-18 3.594288e-18 -1 -5.454529e-18 3.594288e-18 -1 -5.454529e-18 3.594288e-18 -1 -5.454529e-18 3.594288e-18 -1 -5.454529e-18 3.594288e-18 -1 -5.454529e-18 3.594288e-18 -1 -5.454529e-18 3.594288e-18 -1 -5.454529e-18 3.594288e-18 -1 -5.454529e-18 3.594288e-18 -1 -5.454529e-18 3.594288e-18 -1 -5.454529e-18 3.594288e-18 -1 -5.454529e-18 3.594288e-18 -1 -5.454529e-18 3.594288e-18 -1 -5.454529e-18 3.594288e-18 -1 -5.454529e-18 3.594288e-18 -1 -5.454529e-18 3.594288e-18 -1 -5.454529e-18 3.594288e-18 -1 -5.454529e-18 3.594288e-18 -1 -5.454529e-18 3.594288e-18 -1 -5.454529e-18 3.594288e-18 -1 -5.454529e-18 3.594288e-18 -1 -5.454529e-18 3.594288e-18 -1 -5.454529e-18 3.594288e-18 -1 -5.454529e-18 3.594288e-18 -1 -5.454529e-18 3.594288e-18 -1 -5.454529e-18 3.594288e-18 -1 -5.454529e-18 3.594288e-18 -1 -5.454529e-18 3.594288e-18 -1 -5.454529e-18 3.594288e-18 -1 -5.454529e-18 3.594288e-18 -1 -5.454529e-18 3.594288e-18 -1 -5.454529e-18 3.594288e-18 -1 -5.454529e-18 3.594288e-18 -1 -5.454529e-18 3.594288e-18 -1 -5.454529e-18 3.594288e-18 -1 -5.454529e-18 3.594288e-18 -1 -5.454529e-18 3.594288e-18 -1 -5.454529e-18 3.594288e-18 -1 -5.454529e-18 3.594288e-18 -1 -5.454529e-18 3.594288e-18 -1 -5.454529e-18 3.594288e-18 -1 -5.454529e-18 3.594288e-18 -1 -5.454529e-18 3.594288e-18 -1 -5.454529e-18 3.594288e-18 -1 -5.454529e-18 3.594288e-18 -1 -5.454529e-18 3.594288e-18 -1 -5.454529e-18 3.594288e-18 -1 -5.454529e-18 3.594288e-18 -1 -5.454529e-18 3.594288e-18 -1 -5.454529e-18 3.594288e-18 -1 -5.454529e-18 3.594288e-18 -1 -5.454529e-18 3.594288e-18 -1 -5.454529e-18 3.594288e-18 -1 -5.454529e-18 3.594288e-18 -1 -5.454529e-18 3.594288e-18 -1 -5.454529e-18 3.594288e-18 -1 -5.454529e-18 3.594288e-18 -1 -5.454529e-18 3.594288e-18 -1 -5.454529e-18 3.594288e-18 -1 -5.454529e-18 3.594288e-18 -1 -5.454529e-18 3.594288e-18 -1 -5.454529e-18 3.594288e-18 -1 -5.454529e-18 3.594288e-18 -1 -5.454529e-18 3.594288e-18 -1 -5.454529e-18 3.594288e-18 -1 -5.454529e-18 3.594288e-18 -1 -5.454529e-18 3.594288e-18 -1 -5.454529e-18 3.594288e-18 -1 -5.454529e-18 3.594288e-18 -1 -5.454529e-18 3.594288e-18 -1 -5.454529e-18 3.594288e-18 -1 -5.454529e-18 3.594288e-18 -1 -5.454529e-18 3.594288e-18 -1 -5.454529e-18 3.594288e-18 -1 -5.454529e-18 3.594288e-18 -1 -5.454529e-18 3.594288e-18 -1 -5.454529e-18 3.594288e-18 -1 -5.454529e-18 3.594288e-18 -1 -5.454529e-18 3.594288e-18 -1 -5.454529e-18 3.594288e-18 -1 -5.454529e-18 3.594288e-18 -1 -5.454529e-18 3.594288e-18 -1 -5.454529e-18 3.594288e-18 -1 -5.454529e-18 3.594288e-18 -1 -5.454529e-18 3.594288e-18 -1 -5.454529e-18 3.594288e-18 -1 -5.454529e-18 3.594288e-18 -1 -5.454529e-18 3.594288e-18 -1 -5.454529e-18 3.594288e-18 -1 -5.454529e-18 3.594288e-18 -1 -5.454529e-18 3.594288e-18 -1 -5.454529e-18 3.594288e-18 -1 -5.454529e-18 3.594288e-18 -1 -5.454529e-18 3.594288e-18 -1 -5.454529e-18 3.594288e-18 -1 -5.454529e-18 3.594288e-18 -1 -5.454529e-18 3.594288e-18 -1 -5.454529e-18 3.594288e-18 -1 -5.454529e-18 3.594288e-18 -1 -5.454529e-18 3.594288e-18 -1 -5.454529e-18 3.594288e-18 -1 -5.454529e-18 3.594288e-18 -1 -5.454529e-18 3.594288e-18 -1 -5.454529e-18 3.594288e-18 -1 -5.454529e-18 3.594288e-18 -1 -5.454529e-18 3.594288e-18 -1 -5.454529e-18 3.594288e-18 -1 -5.454529e-18 3.594288e-18 -1 -5.454529e-18 3.594288e-18 -1 -5.454529e-18 3.594288e-18 -1 -5.454529e-18 3.594288e-18 -1 -5.454529e-18 3.594288e-18 -1 -5.454529e-18 3.594288e-18 -1 -5.454529e-18 3.594288e-18 -1 -5.454529e-18 3.594288e-18 -1 -5.454529e-18 3.594288e-18 -1 -5.454529e-18 3.594288e-18 -1 -5.454529e-18 3.594288e-18 -1 -5.454529e-18 3.594288e-18 -1 -5.454529e-18 3.594288e-18 -1 -5.454529e-18 3.594288e-18 -1 -5.454529e-18 3.594288e-18 -1 -5.454529e-18 3.594288e-18 -1 -5.454529e-18 3.594288e-18 -1 -5.454529e-18 3.594288e-18 -1 -5.454529e-18 3.594288e-18 -1 -5.454529e-18 3.594288e-18 -1 -5.454529e-18 3.594288e-18 -1 -5.454529e-18 3.594288e-18 -1 -5.454529e-18 3.594288e-18 -1 -5.454529e-18 3.594288e-18 -1 -5.454529e-18 3.594288e-18 -1 -5.454529e-18 3.594288e-18 -1 -5.454529e-18 3.594288e-18 -1 -5.454529e-18 3.594288e-18 -1 -5.454529e-18 3.594288e-18 -1 -5.454529e-18 3.594288e-18 -1 -5.454529e-18 3.594288e-18 -1 -5.454529e-18 3.594288e-18 -1 -5.454529e-18 3.594288e-18 -1 -5.454529e-18 3.594288e-18 -1 -5.454529e-18 3.594288e-18 -1 -5.454529e-18 3.594288e-18 -1 -5.454529e-18 3.594288e-18 -1 -5.454529e-18 3.594288e-18 -1 -5.454529e-18 3.594288e-18 -1 -5.454529e-18 3.594288e-18 -1 -5.454529e-18 3.594288e-18 -1 -5.454529e-18 3.594288e-18 -1 -5.454529e-18 3.594288e-18 -1 -5.454529e-18 3.594288e-18 -1 -5.454529e-18 3.594288e-18 -1 -5.454529e-18 3.594288e-18 -1 -5.454529e-18 3.594288e-18 -1 -5.454529e-18 3.594288e-18 -1 -5.454529e-18 3.594288e-18 -1 -5.454529e-18 3.594288e-18 -1 -5.454529e-18 3.594288e-18 -1 -5.454529e-18 3.594288e-18 -1 -5.454529e-18 3.594288e-18 -1 -5.454529e-18 3.594288e-18 -1 -5.454529e-18 3.594288e-18 -1 -5.454529e-18 3.594288e-18 -1 -5.454529e-18 3.594288e-18 -1 -5.454529e-18 3.594288e-18 -1 -5.454529e-18 3.594288e-18 -1 -5.454529e-18 3.594288e-18 -1 -5.454529e-18 3.594288e-18 -1 -5.454529e-18 3.594288e-18 -1 -5.454529e-18 3.594288e-18 -1 -5.454529e-18 3.594288e-18 -1 -5.454529e-18 3.594288e-18 -1 -5.454529e-18 3.594288e-18 -1 -5.454529e-18 3.594288e-18 -1 -5.454529e-18 3.594288e-18 -1 -5.454529e-18 3.594288e-18 -1 -5.454529e-18 3.594288e-18 -1 -5.454529e-18 3.594288e-18 -1 -5.454529e-18 3.594288e-18 -1 -5.454529e-18 3.594288e-18 -1 -5.454529e-18 3.594288e-18 -1 -5.454529e-18 3.594288e-18 -1 -5.454529e-18 3.594288e-18 -1 -5.454529e-18 3.594288e-18 -1 -5.454529e-18 3.594288e-18 -1 -5.454529e-18 3.594288e-18 -1 -5.454529e-18 3.594288e-18 -1 -5.454529e-18 3.594288e-18 -1 -5.454529e-18 3.594288e-18 -1 -5.454529e-18 3.594288e-18 -1 -5.454529e-18 3.594288e-18 -1 -5.454529e-18 3.594288e-18 -1 -5.454529e-18 3.594288e-18 -1 -5.454529e-18 3.594288e-18 -1 -5.454529e-18 3.594288e-18 -1 -5.454529e-18 3.594288e-18 -1 -5.454529e-18 3.594288e-18 -1 -5.454529e-18 3.594288e-18 -1 -5.454529e-18 3.594288e-18 -1 -5.454529e-18 3.594288e-18 -1 -5.454529e-18 3.594288e-18 -1 -5.454529e-18 3.594288e-18 -1 -5.454529e-18 3.594288e-18 -1 -5.454529e-18 3.594288e-18 -1 -5.454529e-18 3.594288e-18 -1 -5.454529e-18 3.594288e-18 -1 -5.454529e-18 3.594288e-18 -1 -5.454529e-18 3.594288e-18 -1 -5.454529e-18 3.594288e-18 -1 -5.454529e-18 3.594288e-18 -1 -5.454529e-18 3.594288e-18 -1 -5.454529e-18 3.594288e-18 -1 -5.454529e-18 3.594288e-18 -1 -5.454529e-18 3.594288e-18 -1 -5.454529e-18 3.594288e-18 -1 -5.454529e-18 3.594288e-18 -1 -5.454529e-18 3.594288e-18 -1 -5.454529e-18 3.594288e-18 -1 -5.454529e-18 3.594288e-18 -1 -5.454529e-18 3.594288e-18 -1 -5.454529e-18 3.594288e-18 -1 -5.454529e-18 3.594288e-18 -1 -5.454529e-18 3.594288e-18 -1 -5.454529e-18 3.594288e-18 -1 -5.454529e-18 3.594288e-18 -1 -5.454529e-18 3.594288e-18 -1 -5.454529e-18 3.594288e-18 -1 -5.454529e-18 3.594288e-18 -1 -5.454529e-18 3.594288e-18 -1 -5.454529e-18 3.594288e-18 -1 -5.454529e-18 3.594288e-18 -1 -5.454529e-18 3.594288e-18 -1 -5.454529e-18 3.594288e-18 -1 -5.454529e-18 3.594288e-18 -1 -5.454529e-18 3.594288e-18 -1 -5.454529e-18 3.594288e-18 -1 -5.454529e-18 3.594288e-18 -1 -5.454529e-18 3.594288e-18 -1 -5.454529e-18 3.594288e-18 -1 -5.454529e-18 3.594288e-18 -1 -5.454529e-18 3.594288e-18 -1 -5.454529e-18 3.594288e-18 -1 -5.454529e-18 3.594288e-18 -1 -5.454529e-18 3.594288e-18 -1 -5.454529e-18 3.594288e-18 -1 -5.454529e-18 3.594288e-18 -1 -5.454529e-18 3.594288e-18 -1 -5.454529e-18 3.594288e-18 -1 -5.454529e-18 3.594288e-18 -1 -5.454529e-18 3.594288e-18 -1 -5.454529e-18 3.594288e-18 -1 -5.454529e-18 3.594288e-18 -1 -5.454529e-18 3.594288e-18 -1 -5.454529e-18 3.594288e-18 -1 -5.454529e-18 3.594288e-18 -1 -5.454529e-18 3.594288e-18 -1 -5.454529e-18 3.594288e-18 -1 -5.454529e-18 3.594288e-18 -1 -5.454529e-18 3.594288e-18 -1 -5.454529e-18 3.594288e-18 -1 -5.454529e-18 3.594288e-18 -1 -5.454529e-18 3.594288e-18 -1 -5.454529e-18 3.594288e-18 -1 -5.454529e-18 3.594288e-18 -1 -5.454529e-18 3.594288e-18 -1 -5.454529e-18 3.594288e-18 -1 -5.454529e-18 3.594288e-18 -1 -5.454529e-18 3.594288e-18 -1 -5.454529e-18 3.594288e-18 -1 -5.454529e-18 3.594288e-18 -1 -5.454529e-18 3.594288e-18 -1 -0.9999998 0.0007010749 7.047356e-18 -0.9999998 0.0007010749 7.047356e-18 7.585068e-16 -1.823225e-17 1 7.585068e-16 -1.823225e-17 1 7.585068e-16 -1.823225e-17 1 7.585068e-16 -1.823225e-17 1 7.585068e-16 -1.823225e-17 1 7.585068e-16 -1.823225e-17 1 7.585068e-16 -1.823225e-17 1 7.585068e-16 -1.823225e-17 1 7.585068e-16 -1.823225e-17 1 7.585068e-16 -1.823225e-17 1 7.585068e-16 -1.823225e-17 1 7.585068e-16 -1.823225e-17 1 7.585068e-16 -1.823225e-17 1 7.585068e-16 -1.823225e-17 1 7.585068e-16 -1.823225e-17 1 7.585068e-16 -1.823225e-17 1 7.585068e-16 -1.823225e-17 1 7.585068e-16 -1.823225e-17 1 7.585068e-16 -1.823225e-17 1 7.585068e-16 -1.823225e-17 1 7.585068e-16 -1.823225e-17 1 7.585068e-16 -1.823225e-17 1 7.585068e-16 -1.823225e-17 1 7.585068e-16 -1.823225e-17 1 7.585068e-16 -1.823225e-17 1 7.585068e-16 -1.823225e-17 1 7.04355e-18 -5.43168e-18 1 7.04355e-18 -5.43168e-18 1 7.04355e-18 -5.43168e-18 1 7.04355e-18 -5.43168e-18 1 7.04355e-18 -5.43168e-18 1 -0.9999998 0.0007010749 7.047356e-18 -0.9999998 0.0007010749 7.047356e-18 -0.9999998 0.0007010749 7.047356e-18 -0.9999998 0.0007010749 7.047356e-18 -0.9999998 0.0007010749 7.047356e-18 -0.9892263 -0.1463941 6.172499e-18 -0.9911019 -0.1331056 6.257888e-18 -0.9911019 -0.1331056 6.257888e-18 -0.9892263 -0.1463941 6.172499e-18 0.9965972 -0.08242559 -7.467292e-18 0.9953806 -0.09600746 -7.532495e-18 0.9953806 -0.09600746 -7.532495e-18 0.9965972 -0.08242559 -7.467292e-18 0.9984743 -0.0552184 -7.332733e-18 0.9984743 -0.0552184 -7.332733e-18 0.9996088 -0.02797014 -7.192719e-18 0.9996088 -0.02797014 -7.192719e-18 0.9999998 -0.0007010749 -7.047356e-18 0.9999998 -0.0007010749 -7.047356e-18 0.999647 0.02656851 -6.896752e-18 0.999647 0.02656851 -6.896752e-18 0.9985507 0.05381833 -6.741018e-18 0.9985507 0.05381833 -6.741018e-18 0.9967118 0.08102813 -6.580271e-18 0.9967118 0.08102813 -6.580271e-18 0.9955143 0.09461169 -6.498054e-18 0.9955143 0.09461169 -6.498054e-18 -0.9943171 -0.1064591 6.42527e-18 -0.9943171 -0.1064591 6.42527e-18 -0.996816 -0.07973594 6.588024e-18 -0.996816 -0.07973594 6.588024e-18 -0.9985969 -0.05295531 6.746031e-18 -0.9985969 -0.05295531 6.746031e-18 -0.9996584 -0.02613653 6.899179e-18 -0.9996584 -0.02613653 6.899179e-18 -0.9999998 0.0007010749 7.047356e-18 -0.9999998 0.0007010749 7.047356e-18 -0.9996208 0.02753817 7.190457e-18 -0.9996208 0.02753817 7.190457e-18 -0.9985217 0.05435544 7.328379e-18 -0.9985217 0.05435544 7.328379e-18 -0.9967032 0.08113354 7.461021e-18 -0.9967032 0.08113354 7.461021e-18 -0.9941668 0.1078532 7.588288e-18 -0.9941668 0.1078532 7.588288e-18 -0.9909142 0.1344952 7.710089e-18 -0.9909142 0.1344952 7.710089e-18 -0.9890201 0.147781 7.768912e-18 -0.9890201 0.147781 7.768912e-18 0.9999998 -0.0007010749 -7.047356e-18 0.9999998 -0.0007010749 -7.047356e-18 0.9999998 -0.0007010749 -7.047356e-18 -0.0007010749 -0.9999998 -5.426741e-18 -0.0007010749 -0.9999998 -5.426741e-18 -0.0007010749 -0.9999998 -5.426741e-18 -0.0007010749 -0.9999998 -5.426741e-18 0.0001653363 0.2358325 -0.9717937 0.0001653363 0.2358325 -0.9717937 0.0001653363 0.2358325 -0.9717937 0.0001653363 0.2358325 -0.9717937 -0.9999998 0.0007010749 7.047356e-18 -0.9999998 0.0007010749 7.047356e-18 -0.0007010749 -0.9999998 -5.426741e-18 -0.0007010749 -0.9999998 -5.426741e-18 -0.9999998 0.0007010749 7.047356e-18 -0.9999998 0.0007010749 7.047356e-18</float_array>
                    <technique_common>
                        <accessor count="1000" source="#ID106" stride="3">
                            <param name="X" type="float" />
                            <param name="Y" type="float" />
                            <param name="Z" type="float" />
                        </accessor>
                    </technique_common>
                </source>
                <vertices id="ID104">
                    <input semantic="POSITION" source="#ID102" />
                    <input semantic="NORMAL" source="#ID103" />
                </vertices>
                <triangles count="964" material="Material2">
                    <input offset="0" semantic="VERTEX" source="#ID104" />
                    <p>0 1 2 1 0 3 4 5 6 5 4 7 7 4 8 8 4 9 9 4 10 10 4 11 12 13 14 13 12 15 13 15 16 16 15 17 16 17 18 18 17 19 18 19 20 20 19 21 21 19 4 21 4 22 22 4 23 23 4 6 21 22 24 21 24 25 21 25 26 21 26 27 28 3 0 3 28 29 2 30 31 30 2 1 32 33 34 33 32 35 35 32 36 35 36 37 37 36 38 38 36 39 38 39 40 38 40 41 41 40 42 41 42 43 43 42 44 43 44 45 46 47 48 47 46 49 47 49 50 47 50 51 51 50 52 51 52 53 53 52 54 54 52 55 54 55 56 56 55 57 58 59 60 59 58 61 61 58 62 61 62 63 61 63 64 63 62 65 65 62 66 65 66 67 67 66 68 68 66 69 68 69 70 70 69 71 70 71 72 72 71 73 72 73 74 74 73 75 75 73 76 75 76 77 77 76 78 77 78 79 79 78 80 79 80 81 79 81 82 82 81 83 82 83 84 82 84 85 85 84 86 86 84 87 87 84 88 87 88 89 89 88 90 89 90 91 89 91 92 89 92 48 48 92 46 46 92 93 93 92 94 93 94 95 95 94 96 95 96 97 97 96 98 97 98 99 97 99 100 100 99 101 100 101 102 100 102 103 103 102 104 103 104 105 105 104 106 106 104 107 106 107 108 108 107 109 108 109 110 110 109 111 110 111 112 112 111 113 112 113 114 114 113 115 115 113 116 116 113 117 117 113 118 118 113 119 118 119 120 121 122 123 122 121 124 124 121 125 124 125 126 126 125 127 126 127 128 128 127 129 128 129 130 130 129 116 116 129 131 116 131 115 132 133 134 133 132 135 135 132 136 135 136 137 137 136 138 137 138 139 139 138 140 139 140 141 139 141 142 142 141 143 142 143 144 144 143 57 144 57 55 144 55 145 144 145 146 146 145 147 146 147 148 148 147 149 149 147 150 149 150 151 151 150 123 151 123 152 151 152 153 152 123 122 153 152 154 153 154 155 155 154 156 155 156 157 157 156 158 157 158 159 159 158 160 159 160 161 159 161 162 162 161 163 163 161 164 133 165 134 165 133 166 165 166 167 167 166 168 167 168 169 167 169 170 170 169 171 170 171 172 172 171 173 173 171 174 173 174 175 175 174 176 175 176 177 175 177 178 178 177 179 178 179 180 180 179 181 180 181 182 182 181 183 182 183 184 184 183 185 184 185 163 184 163 164 184 164 186 184 186 187 187 186 188 64 189 190 189 64 63 190 189 191 190 191 192 192 191 193 192 193 194 194 193 195 194 195 196 196 195 197 196 197 198 198 197 199 198 199 200 200 199 201 200 201 44 44 201 45 45 201 202 202 201 203 202 203 204 204 203 205 204 205 206 206 205 207 207 205 208 207 208 209 207 209 210 209 208 211 211 208 212 212 208 213 212 213 214 214 213 215 214 215 216 216 215 217 217 215 86 217 86 87 210 218 207 218 210 219 218 219 220 218 220 221 218 221 222 222 221 223 223 221 224 223 224 225 223 225 226 226 225 227 226 227 228 229 230 231 230 229 232 232 229 34 232 34 33 232 33 233 232 233 234 234 233 235 234 235 236 236 235 237 236 237 238 236 238 239 239 238 240 239 240 241 241 240 242 241 242 243 243 242 244 243 244 245 243 245 246 246 245 247 246 247 248 248 247 249 249 247 250 249 250 251 251 250 252 251 252 228 251 228 253 253 228 227 254 255 256 255 254 257 256 258 259 258 256 255 259 260 261 260 259 258 261 262 263 262 261 260 263 29 28 29 263 262 264 265 266 265 264 267 268 267 264 267 268 269 270 269 268 269 270 271 272 271 270 271 272 273 274 273 272 273 274 275 276 275 274 275 276 277 278 277 276 277 278 279 280 279 278 279 280 281 282 281 280 281 282 283 284 283 282 283 284 285 286 285 284 285 286 287 288 287 286 287 288 289 290 291 292 291 290 293 294 295 296 297 298 299 298 297 300 301 299 298 299 301 302 303 302 301 302 303 304 305 304 303 304 305 306 307 306 305 306 307 308 309 308 307 308 309 310 311 310 309 310 311 312 313 312 311 312 313 314 315 314 313 314 315 316 317 316 315 316 317 318 319 318 317 318 319 320 319 321 320 321 319 322 323 324 325 324 323 326 327 328 329 328 327 330 331 330 327 330 331 332 333 331 334 331 333 332 332 333 335 336 334 337 334 336 333 338 337 339 337 338 336 340 339 341 339 340 338 342 341 343 341 342 340 344 343 345 343 344 342 344 346 347 346 344 345 347 348 349 348 347 346 349 350 351 350 349 348 351 352 353 352 351 350 353 354 355 354 353 352 356 357 358 357 356 359 359 356 360 360 356 361 361 356 362 362 356 363 364 365 366 365 364 367 365 367 368 365 368 369 369 368 370 369 370 371 369 371 363 369 363 356 369 356 372 369 372 373 369 373 374 374 373 375 374 375 376 376 375 377 376 377 378 378 377 379 380 381 382 381 380 383 384 381 385 381 384 382 386 385 387 385 386 384 388 387 389 387 388 386 390 391 392 391 390 393 394 395 396 395 394 397 398 394 399 394 398 397 400 399 401 399 400 398 402 401 403 401 402 400 404 405 406 405 404 407 406 408 409 408 406 405 409 410 411 410 409 408 411 412 413 412 411 410 413 414 415 414 413 412 415 416 417 416 415 414 418 416 419 416 418 417 420 419 421 419 420 418 422 421 423 421 422 420 424 423 425 423 424 422 426 425 427 425 426 424 428 429 430 429 428 431 432 430 433 430 432 428 434 432 433 432 434 435 436 434 437 434 436 435 438 437 439 437 438 436 440 439 441 439 440 438 442 441 443 441 442 440 444 443 445 443 444 442 446 445 447 445 446 444 448 447 449 447 448 446 450 449 451 449 450 448 452 451 453 451 452 450 454 455 456 455 454 457 458 456 459 456 458 454 460 458 459 458 460 461 462 463 464 463 462 465 466 464 467 464 466 462 468 467 469 467 468 466 470 468 469 468 470 471 472 471 470 471 472 473 474 473 472 473 474 475 476 477 478 477 476 479 480 479 476 479 480 481 482 481 480 481 482 483 484 292 485 292 484 290 486 485 487 485 486 484 488 489 490 489 488 491 492 493 494 493 492 495 496 492 497 492 496 495 498 497 499 497 498 496 500 498 499 498 500 501 502 503 504 503 502 505 506 505 502 505 506 507 508 507 506 507 508 509 510 509 508 509 510 511 512 511 510 511 512 513 514 512 515 512 514 513 516 515 517 515 516 514 518 517 519 517 518 516 520 519 521 519 520 518 522 521 523 521 522 520 524 523 525 523 524 522 522 524 526 524 527 528 527 524 525 528 529 530 529 528 527 531 532 533 532 531 534 535 536 537 536 535 538 537 539 540 539 537 536 540 541 542 541 540 539 542 543 544 543 542 541 544 545 546 545 544 543 546 547 548 547 546 545 548 549 550 549 548 547 550 551 552 551 550 549 552 553 554 553 552 551 554 555 556 555 554 553 556 557 558 557 556 555 557 559 558 559 557 560 561 562 563 564 565 566 565 564 567 568 569 570 569 568 571 569 571 572 573 574 575 574 573 576 574 576 577 577 576 578 577 578 579 579 578 580 579 580 581 581 580 582 581 582 583 583 582 584 583 584 585 585 584 586 585 586 587 587 586 588 587 588 589 589 588 590 589 590 591 591 590 592 591 592 593 593 592 568 593 568 594 594 568 595 595 568 570 595 570 596 596 570 597 596 597 598 598 597 599 600 601 602 601 600 603 601 603 604 604 603 605 605 603 606 604 605 607 604 607 608 608 607 609 608 609 610 608 610 611 611 610 612 611 612 613 613 612 614 613 614 615 615 614 616 615 616 617 615 617 618 618 617 619 618 619 620 620 619 621 620 621 622 622 621 623 623 621 624 623 624 625 625 624 626 626 624 627 626 627 628 626 628 629 629 628 630 629 630 631 629 631 632 629 632 633 629 633 634 634 633 635 635 633 636 636 633 637 636 637 638 638 637 639 638 639 640 640 639 641 638 640 575 638 575 642 575 640 573 640 641 643 643 641 644 644 641 645 644 645 646 646 645 647 647 645 648 648 645 649 648 649 650 650 649 651 651 649 652 652 649 653 653 649 654 654 649 599 594 655 593 655 594 656 657 605 606 605 657 658 658 657 659 659 657 660 659 660 661 659 661 662 659 662 663 659 663 664 659 664 665 659 665 666 659 666 667 667 666 668 667 668 669 667 669 670 670 669 671 670 671 672 672 671 673 672 673 674 674 673 675 674 675 676 676 675 677 676 677 678 676 678 679 676 679 680 680 679 681 680 681 682 682 681 683 682 683 684 684 683 685 685 683 686 682 684 687 685 686 688 688 686 689 689 686 690 690 686 691 691 686 692 692 686 693 692 693 694 694 693 695 695 693 696 696 693 697 697 693 698 697 698 699 699 698 700 700 698 701 701 698 702 682 703 704 703 682 705 705 682 706 706 682 687 704 703 707 704 707 708 704 708 709 704 709 710 704 710 711 711 710 712 711 712 713 713 712 714 713 714 715 713 715 716 713 716 702 713 702 628 628 702 698 628 698 630 717 718 719 718 717 720 718 720 721 721 720 722 722 720 723 723 720 724 723 724 725 725 724 726 725 726 727 727 726 728 728 726 729 728 729 730 730 729 731 730 731 732 732 731 733 732 733 734 734 733 735 735 733 736 735 736 737 737 736 738 737 738 739 739 738 740 739 740 741 741 740 630 630 740 631 742 743 744 743 742 745 743 745 746 746 745 747 746 747 748 748 747 749 749 747 750 750 747 751 751 747 752 751 752 753 753 752 754 753 754 755 755 754 756 755 756 757 757 756 758 757 758 759 759 758 760 759 760 761 761 760 762 761 762 763 763 762 764 763 764 765 765 764 766 765 766 700 700 766 699 749 767 768 767 749 750 769 706 687 706 769 770 770 769 746 770 746 748 666 771 668 771 666 772 771 772 773 773 772 774 774 772 775 774 775 776 776 775 777 776 777 677 677 777 678 771 778 668 778 771 779 778 779 780 780 779 781 780 781 782 782 781 783 782 783 784 642 785 638 785 642 786 785 786 787 785 787 788 788 787 789 788 789 790 788 790 791 788 791 792 788 792 793 793 792 794 793 794 795 793 795 796 793 796 797 793 797 598 793 598 599 793 599 649 793 649 798 793 798 799 799 798 800 799 800 801 799 801 802 802 801 803 802 803 804 804 803 805 805 803 806 804 805 807 805 806 808 808 806 809 808 809 810 810 809 811 810 811 812 812 811 813 812 813 814 814 813 815 816 637 633 637 816 817 817 816 818 817 818 819 819 818 820 820 818 821 820 821 822 822 821 823 822 823 824 824 823 825 824 825 826 826 825 827 827 825 828 827 828 829 829 828 830 829 830 831 831 830 832 831 832 833 833 832 834 833 834 835 835 834 836 836 834 837 837 834 838 838 834 839 838 839 840 841 842 843 842 841 836 842 836 844 844 836 845 845 836 846 846 836 847 847 836 837 807 848 804 848 807 849 848 849 850 850 849 851 850 851 852 852 851 815 852 815 853 853 815 813 853 813 841 853 841 854 854 841 843 854 843 855 854 855 856 854 856 857 854 857 858 858 857 859 858 859 860 858 860 861 636 862 635 862 636 863 862 863 864 864 863 865 864 865 866 866 865 867 866 867 868 868 867 869 869 867 870 869 870 871 871 870 872 872 870 873 872 873 874 874 873 875 874 875 876 874 876 877 877 876 878 877 878 879 879 878 880 879 880 881 881 880 882 881 882 883 883 882 884 883 884 858 883 858 861 883 861 885 883 885 886 883 886 887 887 886 888 889 890 891 890 889 892 892 889 893 892 893 894 894 893 895 894 895 815 815 895 814 722 896 721 896 722 665 896 665 897 897 665 898 898 665 899 899 665 900 900 665 664 294 901 295 901 294 902 903 904 905 904 903 906 904 906 907 907 906 908 907 908 909 909 908 910 909 910 911 911 910 912 911 912 913 913 912 914 913 914 915 915 914 916 915 916 917 917 916 918 917 918 919 919 918 920 919 920 921 921 920 922 921 922 923 923 922 924 923 924 925 925 924 926 925 926 927 927 926 928 929 930 931 930 929 932 932 929 933 934 326 323 326 934 935 935 934 936 936 934 937 936 937 938 939 940 941 940 939 942 943 944 945 944 943 946 947 946 943 946 947 948 949 948 947 948 949 950 951 950 949 950 951 952 953 952 951 952 953 954 955 954 953 954 955 956 957 956 955 956 957 958 959 958 957 958 959 960 941 961 962 961 941 940 962 963 964 963 962 961 964 965 966 965 964 963 966 967 968 967 966 965 968 969 970 969 968 967 970 971 972 971 970 969 972 973 974 973 972 971 974 975 976 975 974 973 976 977 978 977 976 975 978 979 980 979 978 977 980 981 982 981 980 979 983 531 984 531 983 534 534 983 985 986 987 988 987 986 989 990 991 992 991 990 993 902 994 901 994 902 995 988 996 997 996 988 987 998 995 902 995 998 999</p>
                </triangles>
            </mesh>
        </geometry>
        <geometry id="ID107">
            <mesh>
                <source id="ID108">
                    <float_array id="ID113" count="312">10.29792 19.68793 1.336135 10.35483 19.45167 1.379931 10.29775 19.45171 1.336135 10.35499 19.68789 1.379931 10.35499 19.68789 1.379931 10.29792 19.68793 1.336135 10.35483 19.45167 1.379931 10.29775 19.45171 1.336135 10.39879 19.68786 1.437008 10.39863 19.45164 1.437008 10.39879 19.68786 1.437008 10.39863 19.45164 1.437008 10.23145 19.68798 1.308603 10.23129 19.45176 1.308603 10.23145 19.68798 1.308603 10.23129 19.45176 1.308603 10.42632 19.68784 1.503475 10.42616 19.45162 1.503475 10.42632 19.68784 1.503475 10.42616 19.45162 1.503475 10.16012 19.68803 1.299213 10.15996 19.45181 1.299213 10.16012 19.68803 1.299213 10.15996 19.45181 1.299213 10.43571 19.68783 1.574803 10.43555 19.45161 1.574803 10.43571 19.68783 1.574803 10.43555 19.45161 1.574803 10.08879 19.68808 1.308603 10.08863 19.45186 1.308603 10.08879 19.68808 1.308603 10.08863 19.45186 1.308603 10.43571 19.68783 1.574803 10.42616 19.45162 1.646131 10.43555 19.45161 1.574803 10.42632 19.68784 1.646131 10.42632 19.68784 1.646131 10.43571 19.68783 1.574803 10.42616 19.45162 1.646131 10.43555 19.45161 1.574803 10.02233 19.68812 1.336135 10.02216 19.4519 1.336135 10.02233 19.68812 1.336135 10.02216 19.4519 1.336135 10.39863 19.45164 1.712598 10.39879 19.68786 1.712598 10.39879 19.68786 1.712598 10.39863 19.45164 1.712598 9.965251 19.68816 1.379931 9.965086 19.45194 1.379931 9.965251 19.68816 1.379931 9.965086 19.45194 1.379931 10.35483 19.45167 1.769675 10.35499 19.68789 1.769675 10.35499 19.68789 1.769675 10.35483 19.45167 1.769675 9.921289 19.45197 1.437008 9.921455 19.68819 1.437008 9.921455 19.68819 1.437008 9.921289 19.45197 1.437008 10.29792 19.68793 1.813472 10.29775 19.45171 1.813472 10.29792 19.68793 1.813472 10.29775 19.45171 1.813472 9.893757 19.45199 1.503475 9.893923 19.68821 1.503475 9.893923 19.68821 1.503475 9.893757 19.45199 1.503475 10.23145 19.68798 1.841003 10.23129 19.45176 1.841003 10.23145 19.68798 1.841003 10.23129 19.45176 1.841003 9.884367 19.452 1.574803 9.884533 19.68822 1.574803 9.884533 19.68822 1.574803 9.884367 19.452 1.574803 10.16012 19.68803 1.850394 10.15996 19.45181 1.850394 10.16012 19.68803 1.850394 10.15996 19.45181 1.850394 9.893923 19.68821 1.646131 9.884367 19.452 1.574803 9.893757 19.45199 1.646131 9.884533 19.68822 1.574803 9.884533 19.68822 1.574803 9.893923 19.68821 1.646131 9.884367 19.452 1.574803 9.893757 19.45199 1.646131 10.08879 19.68808 1.841003 10.08863 19.45186 1.841003 10.08879 19.68808 1.841003 10.08863 19.45186 1.841003 9.921455 19.68819 1.712598 9.921289 19.45197 1.712598 9.921455 19.68819 1.712598 9.921289 19.45197 1.712598 10.02233 19.68812 1.813472 10.02216 19.4519 1.813472 10.02233 19.68812 1.813472 10.02216 19.4519 1.813472 9.965251 19.68816 1.769675 9.965086 19.45194 1.769675 9.965251 19.68816 1.769675 9.965086 19.45194 1.769675</float_array>
                    <technique_common>
                        <accessor count="104" source="#ID113" stride="3">
                            <param name="X" type="float" />
                            <param name="Y" type="float" />
                            <param name="Z" type="float" />
                        </accessor>
                    </technique_common>
                </source>
                <source id="ID109">
                    <float_array id="ID114" count="312">0.4999999 -0.0003505374 -0.8660254 0.7071066 -0.0004957348 -0.7071068 0.4999999 -0.0003505374 -0.8660254 0.7071066 -0.0004957348 -0.7071068 -0.7071066 0.0004957348 0.7071068 -0.4999999 0.0003505374 0.8660254 -0.7071066 0.0004957348 0.7071068 -0.4999999 0.0003505374 0.8660254 0.8660252 -0.0006071486 -0.5 0.8660252 -0.0006071486 -0.5 -0.8660252 0.0006071486 0.5 -0.8660252 0.0006071486 0.5 0.258819 -0.0001814515 -0.9659258 0.258819 -0.0001814515 -0.9659258 -0.258819 0.0001814515 0.9659258 -0.258819 0.0001814515 0.9659258 0.9659256 -0.0006771863 -0.258819 0.9659256 -0.0006771863 -0.258819 -0.9659256 0.0006771863 0.258819 -0.9659256 0.0006771863 0.258819 9.356665e-16 4.768836e-18 -1 -1.461422e-15 6.457074e-18 -1 -9.356665e-16 -4.768836e-18 1 1.461422e-15 -6.457074e-18 1 0.9914446 -0.0006950771 -0.1305262 0.9914446 -0.0006950771 -0.1305262 -0.9914446 0.0006950771 0.1305262 -0.9914446 0.0006950771 0.1305262 -0.258819 0.0001814515 -0.9659258 -0.258819 0.0001814515 -0.9659258 0.258819 -0.0001814515 0.9659258 0.258819 -0.0001814515 0.9659258 0.9914446 -0.0006950771 0.1305262 0.9659256 -0.0006771863 0.258819 0.9914446 -0.0006950771 0.1305262 0.9659256 -0.0006771863 0.258819 -0.9659256 0.0006771863 -0.258819 -0.9914446 0.0006950771 -0.1305262 -0.9659256 0.0006771863 -0.258819 -0.9914446 0.0006950771 -0.1305262 -0.4999999 0.0003505374 -0.8660254 -0.4999999 0.0003505374 -0.8660254 0.4999999 -0.0003505374 0.8660254 0.4999999 -0.0003505374 0.8660254 0.8660252 -0.0006071486 0.5 0.8660252 -0.0006071486 0.5 -0.8660252 0.0006071486 -0.5 -0.8660252 0.0006071486 -0.5 -0.7071066 0.0004957348 -0.7071068 -0.7071066 0.0004957348 -0.7071068 0.7071066 -0.0004957348 0.7071068 0.7071066 -0.0004957348 0.7071068 0.7071066 -0.0004957348 0.7071068 0.7071066 -0.0004957348 0.7071068 -0.7071066 0.0004957348 -0.7071068 -0.7071066 0.0004957348 -0.7071068 -0.8660252 0.0006071486 -0.5 -0.8660252 0.0006071486 -0.5 0.8660252 -0.0006071486 0.5 0.8660252 -0.0006071486 0.5 0.4999999 -0.0003505374 0.8660254 0.4999999 -0.0003505374 0.8660254 -0.4999999 0.0003505374 -0.8660254 -0.4999999 0.0003505374 -0.8660254 -0.9659256 0.0006771863 -0.258819 -0.9659256 0.0006771863 -0.258819 0.9659256 -0.0006771863 0.258819 0.9659256 -0.0006771863 0.258819 0.258819 -0.0001814515 0.9659258 0.258819 -0.0001814515 0.9659258 -0.258819 0.0001814515 -0.9659258 -0.258819 0.0001814515 -0.9659258 -0.9914446 0.0006950771 -0.1305262 -0.9914446 0.0006950771 -0.1305262 0.9914446 -0.0006950771 0.1305262 0.9914446 -0.0006950771 0.1305262 1.693111e-16 -5.543337e-18 1 -2.236689e-15 -3.863802e-18 1 -1.693111e-16 5.543337e-18 -1 2.236689e-15 3.863802e-18 -1 -0.9659256 0.0006771863 0.258819 -0.9914446 0.0006950771 0.1305262 -0.9659256 0.0006771863 0.258819 -0.9914446 0.0006950771 0.1305262 0.9914446 -0.0006950771 -0.1305262 0.9659256 -0.0006771863 -0.258819 0.9914446 -0.0006950771 -0.1305262 0.9659256 -0.0006771863 -0.258819 -0.258819 0.0001814515 0.9659258 -0.258819 0.0001814515 0.9659258 0.258819 -0.0001814515 -0.9659258 0.258819 -0.0001814515 -0.9659258 -0.8660252 0.0006071486 0.5 -0.8660252 0.0006071486 0.5 0.8660252 -0.0006071486 -0.5 0.8660252 -0.0006071486 -0.5 -0.4999999 0.0003505374 0.8660254 -0.4999999 0.0003505374 0.8660254 0.4999999 -0.0003505374 -0.8660254 0.4999999 -0.0003505374 -0.8660254 -0.7071066 0.0004957348 0.7071068 -0.7071066 0.0004957348 0.7071068 0.7071066 -0.0004957348 -0.7071068 0.7071066 -0.0004957348 -0.7071068</float_array>
                    <technique_common>
                        <accessor count="104" source="#ID114" stride="3">
                            <param name="X" type="float" />
                            <param name="Y" type="float" />
                            <param name="Z" type="float" />
                        </accessor>
                    </technique_common>
                </source>
                <vertices id="ID110">
                    <input semantic="POSITION" source="#ID108" />
                    <input semantic="NORMAL" source="#ID109" />
                </vertices>
                <triangles count="48" material="Material2">
                    <input offset="0" semantic="VERTEX" source="#ID110" />
                    <p>0 1 2 1 0 3 1 8 9 8 1 3 12 2 13 2 12 0 9 16 17 16 9 8 20 13 21 13 20 12 17 24 25 24 17 16 28 21 29 21 28 20 32 33 34 33 32 35 40 29 41 29 40 28 35 44 33 44 35 45 48 41 49 41 48 40 45 52 44 52 45 53 56 48 49 48 56 57 52 60 61 60 52 53 64 57 56 57 64 65 61 68 69 68 61 60 72 65 64 65 72 73 69 76 77 76 69 68 80 81 82 81 80 83 77 88 89 88 77 76 92 82 93 82 92 80 89 96 97 96 89 88 100 93 101 93 100 92 97 100 101 100 97 96</p>
                </triangles>
                <triangles count="48" material="Material3">
                    <input offset="0" semantic="VERTEX" source="#ID110" />
                    <p>4 5 6 7 6 5 4 6 10 11 10 6 5 14 7 15 7 14 10 11 18 19 18 11 14 22 15 23 15 22 18 19 26 27 26 19 22 30 23 31 23 30 36 37 38 39 38 37 30 42 31 43 31 42 46 36 47 38 47 36 42 50 43 51 43 50 54 46 55 47 55 46 58 59 50 51 50 59 54 55 62 63 62 55 66 67 58 59 58 67 62 63 70 71 70 63 74 75 66 67 66 75 70 71 78 79 78 71 84 85 86 87 86 85 78 79 90 91 90 79 85 94 87 95 87 94 90 91 98 99 98 91 94 102 95 103 95 102 98 99 102 103 102 99</p>
                </triangles>
            </mesh>
        </geometry>
        <geometry id="ID115">
            <mesh>
                <source id="ID116">
                    <float_array id="ID119" count="144">10.3176 19.68792 1.302039 10.16012 19.68803 1.299213 10.24164 19.68797 1.270575 10.23145 19.68798 1.308603 10.38283 19.68787 1.352092 10.29792 19.68793 1.336135 10.35499 19.68789 1.379931 10.43289 19.68784 1.417323 10.39879 19.68786 1.437008 10.46435 19.68781 1.493285 10.42632 19.68784 1.503475 10.47508 19.68781 1.574803 10.43571 19.68783 1.574803 10.46435 19.68781 1.656321 10.42632 19.68784 1.646131 10.39879 19.68786 1.712598 10.43289 19.68784 1.732283 10.35499 19.68789 1.769675 10.38283 19.68787 1.797514 10.29792 19.68793 1.813472 10.3176 19.68792 1.847567 10.23145 19.68798 1.841003 10.16012 19.68803 1.850394 10.24164 19.68797 1.879032 10.07861 19.68808 1.270575 10.16012 19.68803 1.259843 10.00264 19.68814 1.302039 10.08879 19.68808 1.308603 9.937412 19.68818 1.352092 10.02233 19.68812 1.336135 9.965251 19.68816 1.379931 9.887359 19.68822 1.417323 9.921455 19.68819 1.437008 9.855895 19.68824 1.493285 9.893923 19.68821 1.503475 9.845162 19.68825 1.574803 9.884533 19.68822 1.574803 9.893923 19.68821 1.646131 9.855895 19.68824 1.656321 9.921455 19.68819 1.712598 9.887359 19.68822 1.732283 9.965251 19.68816 1.769675 9.937412 19.68818 1.797514 10.02233 19.68812 1.813472 10.00264 19.68814 1.847567 10.08879 19.68808 1.841003 10.07861 19.68808 1.879032 10.16012 19.68803 1.889764</float_array>
                    <technique_common>
                        <accessor count="48" source="#ID119" stride="3">
                            <param name="X" type="float" />
                            <param name="Y" type="float" />
                            <param name="Z" type="float" />
                        </accessor>
                    </technique_common>
                </source>
                <source id="ID117">
                    <float_array id="ID120" count="144">-0.0007010749 -0.9999998 -5.426741e-18 -0.0007010749 -0.9999998 -5.426741e-18 -0.0007010749 -0.9999998 -5.426741e-18 -0.0007010749 -0.9999998 -5.426741e-18 -0.0007010749 -0.9999998 -5.426741e-18 -0.0007010749 -0.9999998 -5.426741e-18 -0.0007010749 -0.9999998 -5.426741e-18 -0.0007010749 -0.9999998 -5.426741e-18 -0.0007010749 -0.9999998 -5.426741e-18 -0.0007010749 -0.9999998 -5.426741e-18 -0.0007010749 -0.9999998 -5.426741e-18 -0.0007010749 -0.9999998 -5.426741e-18 -0.0007010749 -0.9999998 -5.426741e-18 -0.0007010749 -0.9999998 -5.426741e-18 -0.0007010749 -0.9999998 -5.426741e-18 -0.0007010749 -0.9999998 -5.426741e-18 -0.0007010749 -0.9999998 -5.426741e-18 -0.0007010749 -0.9999998 -5.426741e-18 -0.0007010749 -0.9999998 -5.426741e-18 -0.0007010749 -0.9999998 -5.426741e-18 -0.0007010749 -0.9999998 -5.426741e-18 -0.0007010749 -0.9999998 -5.426741e-18 -0.0007010749 -0.9999998 -5.426741e-18 -0.0007010749 -0.9999998 -5.426741e-18 -0.0007010749 -0.9999998 -5.426741e-18 -0.0007010749 -0.9999998 -5.426741e-18 -0.0007010749 -0.9999998 -5.426741e-18 -0.0007010749 -0.9999998 -5.426741e-18 -0.0007010749 -0.9999998 -5.426741e-18 -0.0007010749 -0.9999998 -5.426741e-18 -0.0007010749 -0.9999998 -5.426741e-18 -0.0007010749 -0.9999998 -5.426741e-18 -0.0007010749 -0.9999998 -5.426741e-18 -0.0007010749 -0.9999998 -5.426741e-18 -0.0007010749 -0.9999998 -5.426741e-18 -0.0007010749 -0.9999998 -5.426741e-18 -0.0007010749 -0.9999998 -5.426741e-18 -0.0007010749 -0.9999998 -5.426741e-18 -0.0007010749 -0.9999998 -5.426741e-18 -0.0007010749 -0.9999998 -5.426741e-18 -0.0007010749 -0.9999998 -5.426741e-18 -0.0007010749 -0.9999998 -5.426741e-18 -0.0007010749 -0.9999998 -5.426741e-18 -0.0007010749 -0.9999998 -5.426741e-18 -0.0007010749 -0.9999998 -5.426741e-18 -0.0007010749 -0.9999998 -5.426741e-18 -0.0007010749 -0.9999998 -5.426741e-18 -0.0007010749 -0.9999998 -5.426741e-18</float_array>
                    <technique_common>
                        <accessor count="48" source="#ID120" stride="3">
                            <param name="X" type="float" />
                            <param name="Y" type="float" />
                            <param name="Z" type="float" />
                        </accessor>
                    </technique_common>
                </source>
                <vertices id="ID118">
                    <input semantic="POSITION" source="#ID116" />
                    <input semantic="NORMAL" source="#ID117" />
                </vertices>
                <triangles count="48" material="Material2">
                    <input offset="0" semantic="VERTEX" source="#ID118" />
                    <p>0 1 2 1 0 3 3 0 4 3 4 5 5 4 6 6 4 7 6 7 8 8 7 9 8 9 10 10 9 11 10 11 12 12 11 13 12 13 14 14 13 15 15 13 16 15 16 17 17 16 18 17 18 19 19 18 20 19 20 21 21 20 22 22 20 23 2 24 25 24 2 26 26 2 1 26 1 27 26 27 28 28 27 29 28 29 30 28 30 31 31 30 32 31 32 33 33 32 34 33 34 35 35 34 36 35 36 37 35 37 38 38 37 39 38 39 40 40 39 41 40 41 42 42 41 43 42 43 44 44 43 45 44 45 22 44 22 46 46 22 23 46 23 47</p>
                </triangles>
            </mesh>
        </geometry>
        <geometry id="ID121">
            <mesh>
                <source id="ID122">
                    <float_array id="ID125" count="594">15.17446 15.53142 1.456693 15.2458 15.54076 1.299213 15.17446 15.53142 1.299213 15.2458 15.54076 1.456693 15.10764 15.0266 1.456693 15.24561 15.26517 1.456693 15.07478 15.05185 1.456693 15.17409 14.99902 1.456693 15.24541 14.98958 1.456693 15.31675 14.99892 1.456693 15.2458 15.54076 1.456693 15.31712 15.53132 1.456693 15.38323 15.0264 1.456693 15.38357 15.50374 1.456693 15.44034 15.07016 1.456693 15.44061 15.4599 1.456693 15.48418 15.12721 1.456693 15.48437 15.4028 1.456693 15.51176 15.19365 1.456693 15.51186 15.33631 1.456693 15.5212 15.26498 1.456693 14.97936 15.19403 1.456693 14.97946 15.33668 1.456693 14.97002 15.26536 1.456693 15.00684 15.12754 1.456693 15.00703 15.40313 1.456693 15.03207 15.09461 1.456693 15.05087 15.46018 1.456693 15.10798 15.50393 1.456693 15.17446 15.53142 1.456693 15.31712 15.53132 1.299213 15.31712 15.53132 1.456693 14.97946 15.33668 1.299213 14.97936 15.19403 1.299213 14.97002 15.26536 1.299213 15.00684 15.12754 1.299213 15.00703 15.40313 1.299213 15.03207 15.09461 1.299213 15.05087 15.46018 1.299213 15.24561 15.26517 1.299213 15.10798 15.50393 1.299213 15.17446 15.53142 1.299213 15.2458 15.54076 1.299213 15.10764 15.0266 1.299213 15.07478 15.05185 1.299213 15.17409 14.99902 1.299213 15.24541 14.98958 1.299213 15.31675 14.99892 1.299213 15.31712 15.53132 1.299213 15.38323 15.0264 1.299213 15.38357 15.50374 1.299213 15.44034 15.07016 1.299213 15.44061 15.4599 1.299213 15.48418 15.12721 1.299213 15.48437 15.4028 1.299213 15.51176 15.19365 1.299213 15.51186 15.33631 1.299213 15.5212 15.26498 1.299213 15.10798 15.50393 1.456693 15.10798 15.50393 1.299213 15.0506 15.07043 1.456693 15.24561 15.26517 0.984252 12.58074 11.93758 1.771654 12.58074 11.93758 0.984252 15.07478 15.05185 1.299213 15.24561 15.26517 1.299213 15.07478 15.05185 1.456693 15.24561 15.26517 1.771654 15.24561 15.26517 1.456693 15.10764 15.0266 1.456693 15.07478 15.05185 1.299213 15.10764 15.0266 1.299213 15.07478 15.05185 1.456693 15.17409 14.99902 1.456693 15.17409 14.99902 1.299213 15.24541 14.98958 1.456693 15.24541 14.98958 1.299213 15.31675 14.99892 1.456693 15.31675 14.99892 1.299213 15.38323 15.0264 1.456693 15.38323 15.0264 1.299213 15.44034 15.07016 1.456693 15.44034 15.07016 1.299213 15.48418 15.12721 1.299213 15.48418 15.12721 1.456693 15.51176 15.19365 1.299213 15.48418 15.12721 1.456693 15.48418 15.12721 1.299213 15.51176 15.19365 1.456693 15.5212 15.26498 1.299213 15.5212 15.26498 1.456693 15.51186 15.33631 1.299213 15.51186 15.33631 1.456693 15.48437 15.4028 1.299213 15.48437 15.4028 1.456693 15.44061 15.4599 1.299213 15.44061 15.4599 1.456693 15.38357 15.50374 1.456693 15.38357 15.50374 1.299213 15.05087 15.46018 1.456693 15.05087 15.46018 1.299213 15.00703 15.40313 1.299213 15.00703 15.40313 1.456693 15.00703 15.40313 1.456693 14.97946 15.33668 1.299213 14.97946 15.33668 1.456693 15.00703 15.40313 1.299213 14.97002 15.26536 1.299213 14.97002 15.26536 1.456693 14.97936 15.19403 1.299213 14.97936 15.19403 1.456693 15.00684 15.12754 1.299213 15.00684 15.12754 1.456693 15.03207 15.09461 1.299213 15.03207 15.09461 1.456693 11.90508 12.59696 1.771654 15.24561 15.26517 0.984252 11.90508 12.59696 0.984252 15.03207 15.09461 1.299213 15.03207 15.09461 1.456693 15.24561 15.26517 1.456693 15.24561 15.26517 1.771654 15.24561 15.26517 1.299213 11.99982 12.45329 1.771654 15.24561 15.26517 1.771654 11.90508 12.59696 1.771654 12.58074 11.93758 1.771654 12.58074 11.93758 0.984252 12.64033 11.88468 0.7874016 12.58074 11.93758 0.7874016 12.64033 11.88468 1.968504 12.58074 11.93758 1.771654 12.58074 11.93758 1.968504 15.24561 15.26517 0.984252 12.58074 11.93758 0.984252 11.90508 12.59696 0.984252 11.38265 13.38918 0.7874016 11.90508 12.59696 0.984252 11.90508 12.59696 0.7874016 11.90508 12.59696 1.771654 11.90508 12.59696 1.968504 11.38265 13.38918 1.968504 11.90508 12.59696 1.771654 11.99982 12.45329 1.968504 11.99982 12.45329 1.771654 11.90508 12.59696 1.968504 12.58074 11.93758 1.771654 12.58074 11.93758 1.968504 12.64033 11.88468 1.968504 12.83819 11.70904 0.7874016 12.64033 11.88468 0.7874016 12.83819 11.70904 1.968504 11.90508 12.59696 0.984252 12.58074 11.93758 0.7874016 11.90508 12.59696 0.7874016 12.58074 11.93758 0.984252 11.02874 14.45291 0.7874016 11.02874 14.45291 1.968504 13.84061 11.20712 0.7874016 13.84061 11.20712 1.968504 10.96219 15.57199 0.7874016 10.96219 15.57199 1.968504 14.93879 10.98176 0.7874016 14.93879 10.98176 1.968504 11.18756 16.67016 0.7874016 11.18756 16.67016 1.968504 16.05787 11.0483 0.7874016 16.05787 11.0483 1.968504 11.68947 17.67259 0.7874016 11.68947 17.67259 1.968504 17.1216 11.40222 0.7874016 17.1216 11.40222 1.968504 12.43373 18.51095 0.7874016 12.43373 18.51095 1.968504 18.05748 12.01938 0.7874016 18.05748 12.01938 1.968504 13.36961 19.12812 1.968504 13.36961 19.12812 0.7874016 18.80174 12.85775 1.968504 18.80174 12.85775 0.7874016 14.43334 19.48204 1.968504 14.43334 19.48204 0.7874016 19.30365 13.86017 1.968504 19.30365 13.86017 0.7874016 15.55243 19.54858 1.968504 15.55243 19.54858 0.7874016 19.52902 14.95835 1.968504 19.52902 14.95835 0.7874016 16.6506 19.32322 1.968504 16.6506 19.32322 0.7874016 19.46248 16.07743 1.968504 19.46248 16.07743 0.7874016 17.65303 18.8213 1.968504 17.65303 18.8213 0.7874016 19.10856 17.14116 1.968504 19.10856 17.14116 0.7874016 18.49139 18.07704 1.968504 18.49139 18.07704 0.7874016</float_array>
                    <technique_common>
                        <accessor count="198" source="#ID125" stride="3">
                            <param name="X" type="float" />
                            <param name="Y" type="float" />
                            <param name="Z" type="float" />
                        </accessor>
                    </technique_common>
                </source>
                <source id="ID123">
                    <float_array id="ID126" count="594">-0.2581418 0.966107 7.065819e-18 0.0007010749 0.9999998 5.426741e-18 -0.2581418 0.966107 7.065819e-18 0.0007010749 0.9999998 5.426741e-18 7.04355e-18 -5.43168e-18 1 7.04355e-18 -5.43168e-18 1 7.04355e-18 -5.43168e-18 1 7.04355e-18 -5.43168e-18 1 7.04355e-18 -5.43168e-18 1 7.04355e-18 -5.43168e-18 1 7.04355e-18 -5.43168e-18 1 7.04355e-18 -5.43168e-18 1 7.04355e-18 -5.43168e-18 1 7.04355e-18 -5.43168e-18 1 7.04355e-18 -5.43168e-18 1 7.04355e-18 -5.43168e-18 1 7.04355e-18 -5.43168e-18 1 7.04355e-18 -5.43168e-18 1 7.04355e-18 -5.43168e-18 1 7.04355e-18 -5.43168e-18 1 7.04355e-18 -5.43168e-18 1 7.04355e-18 -5.43168e-18 1 7.04355e-18 -5.43168e-18 1 7.04355e-18 -5.43168e-18 1 7.04355e-18 -5.43168e-18 1 7.04355e-18 -5.43168e-18 1 7.04355e-18 -5.43168e-18 1 7.04355e-18 -5.43168e-18 1 7.04355e-18 -5.43168e-18 1 7.04355e-18 -5.43168e-18 1 0.2594962 0.9657441 3.417839e-18 0.2594962 0.9657441 3.417839e-18 -7.04355e-18 5.43168e-18 -1 -7.04355e-18 5.43168e-18 -1 -7.04355e-18 5.43168e-18 -1 -7.04355e-18 5.43168e-18 -1 -7.04355e-18 5.43168e-18 -1 -7.04355e-18 5.43168e-18 -1 -7.04355e-18 5.43168e-18 -1 -7.04355e-18 5.43168e-18 -1 -7.04355e-18 5.43168e-18 -1 -7.04355e-18 5.43168e-18 -1 -7.04355e-18 5.43168e-18 -1 -7.04355e-18 5.43168e-18 -1 -7.04355e-18 5.43168e-18 -1 -7.04355e-18 5.43168e-18 -1 -7.04355e-18 5.43168e-18 -1 -7.04355e-18 5.43168e-18 -1 -7.04355e-18 5.43168e-18 -1 -7.04355e-18 5.43168e-18 -1 -7.04355e-18 5.43168e-18 -1 -7.04355e-18 5.43168e-18 -1 -7.04355e-18 5.43168e-18 -1 -7.04355e-18 5.43168e-18 -1 -7.04355e-18 5.43168e-18 -1 -7.04355e-18 5.43168e-18 -1 -7.04355e-18 5.43168e-18 -1 -7.04355e-18 5.43168e-18 -1 -0.4993927 0.8663757 8.223374e-18 -0.4993927 0.8663757 8.223374e-18 7.04355e-18 -5.43168e-18 1 0.7805492 -0.6250943 -2.75396e-15 0.7805492 -0.6250943 -2.75396e-15 0.7805492 -0.6250943 -2.75396e-15 0.7805492 -0.6250943 -2.75396e-15 0.7805492 -0.6250943 -2.75396e-15 0.7805492 -0.6250943 -2.75396e-15 0.7805492 -0.6250943 -2.75396e-15 0.7805492 -0.6250943 -2.75396e-15 -0.500607 -0.8656747 -1.176017e-18 -0.6093175 -0.7929264 -1.516438e-20 -0.500607 -0.8656747 -1.176017e-18 -0.6093175 -0.7929264 -1.516438e-20 -0.2594962 -0.9657441 -3.417839e-18 -0.2594962 -0.9657441 -3.417839e-18 -0.0007010749 -0.9999998 -5.426741e-18 -0.0007010749 -0.9999998 -5.426741e-18 0.2581418 -0.966107 -7.065819e-18 0.2581418 -0.966107 -7.065819e-18 0.4993927 -0.8663757 -8.223374e-18 0.4993927 -0.8663757 -8.223374e-18 0.7066109 -0.7076023 -8.820519e-18 0.7066109 -0.7076023 -8.820519e-18 0.7929264 -0.6093175 -8.894634e-18 0.7929264 -0.6093175 -8.894634e-18 0.9657441 -0.2594962 -8.211768e-18 0.923611 -0.383331 -8.587632e-18 0.923611 -0.383331 -8.587632e-18 0.9657441 -0.2594962 -8.211768e-18 0.9999998 -0.0007010749 -7.047356e-18 0.9999998 -0.0007010749 -7.047356e-18 0.966107 0.2581418 -5.40268e-18 0.966107 0.2581418 -5.40268e-18 0.8663757 0.4993927 -3.389819e-18 0.8663757 0.4993927 -3.389819e-18 0.7076023 0.7066109 -1.145948e-18 0.7076023 0.7066109 -1.145948e-18 0.500607 0.8656747 1.176017e-18 0.500607 0.8656747 1.176017e-18 -0.7066109 0.7076023 8.820519e-18 -0.7066109 0.7076023 8.820519e-18 -0.7929264 0.6093175 8.894634e-18 -0.7929264 0.6093175 8.894634e-18 -0.923611 0.383331 8.587632e-18 -0.9657441 0.2594962 8.211768e-18 -0.9657441 0.2594962 8.211768e-18 -0.923611 0.383331 8.587632e-18 -0.9999998 0.0007010749 7.047356e-18 -0.9999998 0.0007010749 7.047356e-18 -0.966107 -0.2581418 5.40268e-18 -0.966107 -0.2581418 5.40268e-18 -0.8663757 -0.4993927 3.389819e-18 -0.8663757 -0.4993927 3.389819e-18 -0.7937799 -0.6082051 2.287453e-18 -0.7937799 -0.6082051 2.287453e-18 -0.6240951 0.7813484 -3.757256e-17 -0.6240951 0.7813484 -3.757256e-17 -0.6240951 0.7813484 -3.757256e-17 -0.6240951 0.7813484 -3.757256e-17 -0.6240951 0.7813484 -3.757256e-17 -0.6240951 0.7813484 -3.757256e-17 -0.6240951 0.7813484 -3.757256e-17 -0.6240951 0.7813484 -3.757256e-17 7.04355e-18 -5.43168e-18 1 7.04355e-18 -5.43168e-18 1 7.04355e-18 -5.43168e-18 1 7.04355e-18 -5.43168e-18 1 0.6638883 0.7478317 -6.141476e-19 0.6638883 0.7478317 -6.141476e-19 0.6638883 0.7478317 -6.141476e-19 0.6638883 0.7478317 -6.141476e-19 0.6638883 0.7478317 -6.141476e-19 0.6638883 0.7478317 -6.141476e-19 -7.04355e-18 5.43168e-18 -1 -7.04355e-18 5.43168e-18 -1 -7.04355e-18 5.43168e-18 -1 0.8995356 0.4368474 -3.963109e-18 0.83482 0.550523 -2.889831e-18 0.83482 0.550523 -2.889831e-18 0.83482 0.550523 -2.889831e-18 0.83482 0.550523 -2.889831e-18 0.8995356 0.4368474 -3.963109e-18 0.83482 0.550523 -2.889831e-18 0.7558203 0.6547791 -1.767107e-18 0.7558203 0.6547791 -1.767107e-18 0.83482 0.550523 -2.889831e-18 0.6638883 0.7478317 -6.141476e-19 0.6638883 0.7478317 -6.141476e-19 0.6638883 0.7478317 -6.141476e-19 0.560597 0.8280887 5.493202e-19 0.6638883 0.7478317 -6.141476e-19 0.560597 0.8280887 5.493202e-19 0.6984299 0.7156784 -1.03209e-18 0.6984299 0.7156784 -1.03209e-18 0.6984299 0.7156784 -1.03209e-18 0.6984299 0.7156784 -1.03209e-18 0.9819491 0.1891452 -5.889032e-18 0.9819491 0.1891452 -5.889032e-18 0.32717 0.9449655 2.828312e-18 0.32717 0.9449655 2.828312e-18 0.9974444 -0.0714469 -7.413626e-18 0.9974444 -0.0714469 -7.413626e-18 0.0714469 0.9974444 4.91456e-18 0.0714469 0.9974444 4.91456e-18 0.9449655 -0.32717 -8.432995e-18 0.9449655 -0.32717 -8.432995e-18 -0.1891452 0.9819491 6.665888e-18 -0.1891452 0.9819491 6.665888e-18 0.8280887 -0.560597 -8.877669e-18 0.8280887 -0.560597 -8.877669e-18 -0.4368474 0.8995356 7.962947e-18 -0.4368474 0.8995356 7.962947e-18 0.6547791 -0.7558203 -8.717344e-18 0.6547791 -0.7558203 -8.717344e-18 -0.6547791 0.7558203 8.717344e-18 -0.6547791 0.7558203 8.717344e-18 0.4368474 -0.8995356 -7.962947e-18 0.4368474 -0.8995356 -7.962947e-18 -0.8280887 0.560597 8.877669e-18 -0.8280887 0.560597 8.877669e-18 0.1891452 -0.9819491 -6.665888e-18 0.1891452 -0.9819491 -6.665888e-18 -0.9449655 0.32717 8.432995e-18 -0.9449655 0.32717 8.432995e-18 -0.0714469 -0.9974444 -4.91456e-18 -0.0714469 -0.9974444 -4.91456e-18 -0.9974444 0.0714469 7.413626e-18 -0.9974444 0.0714469 7.413626e-18 -0.32717 -0.9449655 -2.828312e-18 -0.32717 -0.9449655 -2.828312e-18 -0.9819491 -0.1891452 5.889032e-18 -0.9819491 -0.1891452 5.889032e-18 -0.560597 -0.8280887 -5.493202e-19 -0.560597 -0.8280887 -5.493202e-19 -0.8995356 -0.4368474 3.963109e-18 -0.8995356 -0.4368474 3.963109e-18 -0.7558203 -0.6547791 1.767107e-18 -0.7558203 -0.6547791 1.767107e-18</float_array>
                    <technique_common>
                        <accessor count="198" source="#ID126" stride="3">
                            <param name="X" type="float" />
                            <param name="Y" type="float" />
                            <param name="Z" type="float" />
                        </accessor>
                    </technique_common>
                </source>
                <vertices id="ID124">
                    <input semantic="POSITION" source="#ID122" />
                    <input semantic="NORMAL" source="#ID123" />
                </vertices>
                <triangles count="173" material="Material2">
                    <input offset="0" semantic="VERTEX" source="#ID124" />
                    <p>0 1 2 1 0 3 4 5 6 5 4 7 5 7 8 5 8 9 5 9 10 10 9 11 11 9 12 11 12 13 13 12 14 13 14 15 15 14 16 15 16 17 17 16 18 17 18 19 19 18 20 21 22 23 22 21 24 22 24 25 25 24 26 25 26 27 27 26 5 27 5 28 28 5 29 29 5 10 3 30 1 30 3 31 32 33 34 33 32 35 35 32 36 35 36 37 37 36 38 37 38 39 39 38 40 39 40 41 39 41 42 39 43 44 43 39 45 45 39 46 46 39 47 47 39 42 47 42 48 47 48 49 49 48 50 49 50 51 51 50 52 51 52 53 53 52 54 53 54 55 55 54 56 55 56 57 58 2 59 2 58 0 60 5 26 5 60 6 61 62 63 62 61 64 64 61 65 62 66 67 66 62 64 67 66 68 69 70 71 70 69 72 73 71 74 71 73 69 75 74 76 74 75 73 77 76 78 76 77 75 79 78 80 78 79 77 81 80 82 80 81 79 83 81 82 81 83 84 85 86 87 86 85 88 89 88 85 88 89 90 91 90 89 90 91 92 93 92 91 92 93 94 95 94 93 94 95 96 97 95 98 95 97 96 31 98 30 98 31 97 99 59 100 59 99 58 99 101 102 101 99 100 103 104 105 104 103 106 105 107 108 107 105 104 108 109 110 109 108 107 110 111 112 111 110 109 112 113 114 113 112 111 115 116 117 116 115 118 118 115 119 119 115 120 120 115 121 122 116 118 123 124 125 124 123 126 127 128 129 128 127 130 130 127 131 130 131 132 133 134 135 136 137 138 137 136 139 139 136 140 140 136 141 142 143 144 143 142 145 143 146 144 146 143 147 148 149 150 149 148 151 152 153 154 153 152 155 156 141 136 141 156 157 151 158 149 158 151 159 160 157 156 157 160 161 159 162 158 162 159 163 164 161 160 161 164 165 163 166 162 166 163 167 168 165 164 165 168 169 167 170 166 170 167 171 172 169 168 169 172 173 171 174 170 174 171 175 176 172 177 172 176 173 178 174 175 174 178 179 180 177 181 177 180 176 182 179 178 179 182 183 184 181 185 181 184 180 186 183 182 183 186 187 188 185 189 185 188 184 190 187 186 187 190 191 192 189 193 189 192 188 194 191 190 191 194 195 196 193 197 193 196 192 196 195 194 195 196 197</p>
                </triangles>
            </mesh>
        </geometry>
        <geometry id="ID127">
            <mesh>
                <source id="ID128">
                    <float_array id="ID132" count="144">14.85936 15.62545 1.299213 15.00703 15.40313 1.456693 15.00703 15.40313 1.299213 14.85936 15.62545 1.456693 12.49634 16.71811 1.456693 12.61502 16.92332 1.456693 12.34866 16.94043 1.456693 12.66208 16.5089 1.456693 12.87901 16.88402 1.456693 12.84472 16.31428 1.456693 13.04299 16.1356 1.456693 13.13879 16.82279 1.456693 13.2555 15.97412 1.456693 13.39255 16.74007 1.456693 13.48076 15.83096 1.456693 13.6385 16.63643 1.456693 13.71719 15.70713 1.456693 13.87494 16.5126 1.456693 13.96315 15.60349 1.456693 14.1002 16.36944 1.456693 14.21691 15.52077 1.456693 14.3127 16.20796 1.456693 14.47669 15.45954 1.456693 14.51097 16.02928 1.456693 14.74068 15.42024 1.456693 14.69362 15.83466 1.456693 14.74068 15.42024 1.299213 12.61502 16.92332 1.299213 12.49634 16.71811 1.299213 12.34866 16.94043 1.299213 12.66208 16.5089 1.299213 12.87901 16.88402 1.299213 12.84472 16.31428 1.299213 13.04299 16.1356 1.299213 13.13879 16.82279 1.299213 13.2555 15.97412 1.299213 13.39255 16.74007 1.299213 13.48076 15.83096 1.299213 13.6385 16.63643 1.299213 13.71719 15.70713 1.299213 13.87494 16.5126 1.299213 13.96315 15.60349 1.299213 14.1002 16.36944 1.299213 14.21691 15.52077 1.299213 14.3127 16.20796 1.299213 14.47669 15.45954 1.299213 14.51097 16.02928 1.299213 14.69362 15.83466 1.299213</float_array>
                    <technique_common>
                        <accessor count="48" source="#ID132" stride="3">
                            <param name="X" type="float" />
                            <param name="Y" type="float" />
                            <param name="Z" type="float" />
                        </accessor>
                    </technique_common>
                </source>
                <source id="ID129">
                    <float_array id="ID133" count="144">0.5795494 0.4209258 -0.6978137 0.7226146 -0.4178775 0.550642 0.7226146 -0.4178775 -0.550642 0.5795494 0.4209258 0.6978137 -0.5795494 -0.4209258 0.6978137 0.07575646 0.7122619 0.6978137 -0.7226146 0.4178775 0.550642 -0.5423453 -0.4678863 0.6978137 0.1350152 0.7034394 0.6978137 -0.5013469 -0.5115733 0.6978137 -0.456841 -0.5516814 0.6978137 0.1933293 0.6896954 0.6978137 -0.4091389 -0.5879297 0.6978137 0.2502908 0.6711263 0.6978137 -0.3585744 -0.6200648 0.6978137 0.3055013 0.6478618 0.6978137 -0.3055013 -0.6478618 0.6978137 0.3585744 0.6200648 0.6978137 -0.2502908 -0.6711263 0.6978137 0.4091389 0.5879297 0.6978137 -0.1933293 -0.6896954 0.6978137 0.456841 0.5516814 0.6978137 -0.1350152 -0.7034394 0.6978137 0.5013469 0.5115733 0.6978137 -0.07575646 -0.7122619 0.6978137 0.5423453 0.4678863 0.6978137 -0.07575646 -0.7122619 -0.6978137 0.07575646 0.7122619 -0.6978137 -0.5795494 -0.4209258 -0.6978137 -0.7226146 0.4178775 -0.550642 -0.5423453 -0.4678863 -0.6978137 0.1350152 0.7034394 -0.6978137 -0.5013469 -0.5115733 -0.6978137 -0.456841 -0.5516814 -0.6978137 0.1933293 0.6896954 -0.6978137 -0.4091389 -0.5879297 -0.6978137 0.2502908 0.6711263 -0.6978137 -0.3585744 -0.6200648 -0.6978137 0.3055013 0.6478618 -0.6978137 -0.3055013 -0.6478618 -0.6978137 0.3585744 0.6200648 -0.6978137 -0.2502908 -0.6711263 -0.6978137 0.4091389 0.5879297 -0.6978137 -0.1933293 -0.6896954 -0.6978137 0.456841 0.5516814 -0.6978137 -0.1350152 -0.7034394 -0.6978137 0.5013469 0.5115733 -0.6978137 0.5423453 0.4678863 -0.6978137</float_array>
                    <technique_common>
                        <accessor count="48" source="#ID133" stride="3">
                            <param name="X" type="float" />
                            <param name="Y" type="float" />
                            <param name="Z" type="float" />
                        </accessor>
                    </technique_common>
                </source>
                <source id="ID131">
                    <float_array id="ID134" count="288">1.01472 0.275 0.9582261 0.3083333 0.9582261 0.275 1.01472 0.3083333 2.645059 3.538666 2.670178 3.582104 2.6138 3.585724 2.68014 3.494384 2.726056 3.573785 2.7188 3.453189 2.760767 3.41537 2.781044 3.560825 2.805748 3.381189 2.834756 3.543315 2.853427 3.350887 2.886817 3.521378 2.903473 3.324676 2.936862 3.495166 2.955534 3.302739 2.984542 3.464865 3.009246 3.285229 3.029523 3.430684 3.064233 3.272269 3.071489 3.392864 3.120111 3.26395 3.110149 3.351669 3.145231 3.307388 3.176489 3.26033 2.961024 0.3083333 2.90453 0.275 2.961024 0.275 2.90453 0.3083333 -2.670178 3.582104 -2.645059 3.538666 -2.6138 3.585724 -2.68014 3.494384 -2.726056 3.573785 -2.7188 3.453189 -2.760767 3.41537 -2.781044 3.560825 -2.805748 3.381189 -2.834756 3.543315 -2.853427 3.350887 -2.886817 3.521378 -2.903473 3.324676 -2.936862 3.495166 -2.955534 3.302739 -2.984542 3.464865 -3.009246 3.285229 -3.029523 3.430684 -3.064233 3.272269 -3.071489 3.392864 -3.120111 3.26395 -3.110149 3.351669 -3.145231 3.307388 -3.176489 3.26033 0.6957862 0.275 0.6392923 0.3083333 0.6392923 0.275 0.6957862 0.3083333 0.3721821 0.275 0.3156882 0.3083333 0.3156882 0.275 0.3721821 0.3083333 0.04617182 0.3083333 -0.01032217 0.275 0.04617182 0.275 -0.01032217 0.3083333 -0.2799639 0.3083333 -0.3364579 0.275 -0.2799639 0.275 -0.3364579 0.3083333 -0.6039434 0.3083333 -0.6604373 0.275 -0.6039434 0.275 -0.6604373 0.3083333 -0.9234999 0.3083333 -0.9799939 0.275 -0.9234999 0.275 -0.9799939 0.3083333 -1.236398 0.3083333 -1.292892 0.275 -1.236398 0.275 -1.292892 0.3083333 -1.540448 0.3083333 -1.596942 0.275 -1.540448 0.275 -1.596942 0.3083333 -1.833523 0.3083333 -1.890017 0.275 -1.833523 0.275 -1.890017 0.3083333 -2.113574 0.3083333 -2.170068 0.275 -2.113574 0.275 -2.170068 0.3083333 -2.378639 0.3083333 -2.435133 0.275 -2.378639 0.275 -2.435133 0.3083333 -1.540611 0.3083333 -1.484117 0.275 -1.484117 0.3083333 -1.540611 0.275 -1.131171 0.3083333 -1.074677 0.275 -1.074677 0.3083333 -1.131171 0.275 -0.7140145 0.3083333 -0.6575205 0.275 -0.6575205 0.3083333 -0.7140145 0.275 -0.2355665 0.3083333 -0.2920605 0.275 -0.2355665 0.275 -0.2920605 0.3083333 0.1882332 0.3083333 0.1317392 0.275 0.1882332 0.275 0.1317392 0.3083333 0.6109136 0.3083333 0.5544196 0.275 0.6109136 0.275 0.5544196 0.3083333 1.029518 0.3083333 0.9730236 0.275 1.029518 0.275 0.9730236 0.3083333 1.441116 0.3083333 1.384622 0.275 1.441116 0.275 1.384622 0.3083333 1.842831 0.3083333 1.786337 0.275 1.842831 0.275 1.786337 0.3083333 2.23185 0.3083333 2.175356 0.275 2.23185 0.275 2.175356 0.3083333 2.605452 0.3083333 2.548958 0.275 2.605452 0.275 2.548958 0.3083333</float_array>
                    <technique_common>
                        <accessor count="144" source="#ID134" stride="2">
                            <param name="S" type="float" />
                            <param name="T" type="float" />
                        </accessor>
                    </technique_common>
                </source>
                <vertices id="ID130">
                    <input semantic="POSITION" source="#ID128" />
                    <input semantic="NORMAL" source="#ID129" />
                </vertices>
                <triangles count="92" material="Material2">
                    <input offset="0" semantic="VERTEX" source="#ID130" />
                    <input offset="1" semantic="TEXCOORD" source="#ID131" />
                    <p>0 0 1 1 2 2 1 1 0 0 3 3 4 4 5 5 6 6 5 5 4 4 7 7 5 5 7 7 8 8 8 8 7 7 9 9 8 8 9 9 10 10 8 8 10 10 11 11 11 11 10 10 12 12 11 11 12 12 13 13 13 13 12 12 14 14 13 13 14 14 15 15 15 15 14 14 16 16 15 15 16 16 17 17 17 17 16 16 18 18 17 17 18 18 19 19 19 19 18 18 20 20 19 19 20 20 21 21 21 21 20 20 22 22 21 21 22 22 23 23 23 23 22 22 24 24 23 23 24 24 25 25 25 25 24 24 3 26 3 26 24 24 1 27 1 28 26 29 2 30 26 29 1 28 24 31 27 32 28 33 29 34 28 33 27 32 30 35 30 35 27 32 31 36 30 35 31 36 32 37 32 37 31 36 33 38 33 38 31 36 34 39 33 38 34 39 35 40 35 40 34 39 36 41 35 40 36 41 37 42 37 42 36 41 38 43 37 42 38 43 39 44 39 44 38 43 40 45 39 44 40 45 41 46 41 46 40 45 42 47 41 46 42 47 43 48 43 48 42 47 44 49 43 48 44 49 45 50 45 50 44 49 46 51 45 50 46 51 26 52 26 52 46 51 47 53 26 52 47 53 0 54 26 52 0 54 2 55 47 56 3 57 0 58 3 57 47 56 25 59 46 60 25 61 47 62 25 61 46 60 23 63 21 64 46 65 44 66 46 65 21 64 23 67 19 68 44 69 42 70 44 69 19 68 21 71 17 72 42 73 40 74 42 73 17 72 19 75 15 76 40 77 38 78 40 77 15 76 17 79 13 80 38 81 36 82 38 81 13 80 15 83 11 84 36 85 34 86 36 85 11 84 13 87 8 88 34 89 31 90 34 89 8 88 11 91 5 92 31 93 27 94 31 93 5 92 8 95 6 96 27 97 29 98 27 97 6 96 5 99 6 100 28 101 4 102 28 101 6 100 29 103 4 104 30 105 7 106 30 105 4 104 28 107 7 108 32 109 9 110 32 109 7 108 30 111 10 112 32 113 33 114 32 113 10 112 9 115 12 116 33 117 35 118 33 117 12 116 10 119 14 120 35 121 37 122 35 121 14 120 12 123 16 124 37 125 39 126 37 125 16 124 14 127 18 128 39 129 41 130 39 129 18 128 16 131 20 132 41 133 43 134 41 133 20 132 18 135 22 136 43 137 45 138 43 137 22 136 20 139 24 140 45 141 26 142 45 141 24 140 22 143</p>
                </triangles>
            </mesh>
        </geometry>
        <geometry id="ID135">
            <mesh>
                <source id="ID136">
                    <float_array id="ID139" count="312">9.887359 19.68822 1.417323 9.855812 19.57013 1.493285 9.887276 19.57011 1.417323 9.855895 19.68824 1.493285 9.855895 19.68824 1.493285 9.887359 19.68822 1.417323 9.855812 19.57013 1.493285 9.887276 19.57011 1.417323 9.937412 19.68818 1.352092 9.93733 19.57007 1.352092 9.937412 19.68818 1.352092 9.93733 19.57007 1.352092 9.84508 19.57014 1.574803 9.845162 19.68825 1.574803 9.845162 19.68825 1.574803 9.84508 19.57014 1.574803 10.00256 19.57003 1.302039 10.00264 19.68814 1.302039 10.00264 19.68814 1.302039 10.00256 19.57003 1.302039 9.84508 19.57014 1.574803 9.855895 19.68824 1.656321 9.855812 19.57013 1.656321 9.845162 19.68825 1.574803 9.845162 19.68825 1.574803 9.84508 19.57014 1.574803 9.855895 19.68824 1.656321 9.855812 19.57013 1.656321 10.07852 19.56997 1.270575 10.07861 19.68808 1.270575 10.07861 19.68808 1.270575 10.07852 19.56997 1.270575 9.887359 19.68822 1.732283 9.887276 19.57011 1.732283 9.887359 19.68822 1.732283 9.887276 19.57011 1.732283 10.16004 19.56992 1.259843 10.16012 19.68803 1.259843 10.16012 19.68803 1.259843 10.16004 19.56992 1.259843 9.937412 19.68818 1.797514 9.93733 19.57007 1.797514 9.937412 19.68818 1.797514 9.93733 19.57007 1.797514 10.24156 19.56986 1.270575 10.24164 19.68797 1.270575 10.24164 19.68797 1.270575 10.24156 19.56986 1.270575 10.00256 19.57003 1.847567 10.00264 19.68814 1.847567 10.00264 19.68814 1.847567 10.00256 19.57003 1.847567 10.31752 19.56981 1.302039 10.3176 19.68792 1.302039 10.3176 19.68792 1.302039 10.31752 19.56981 1.302039 10.07852 19.56997 1.879032 10.07861 19.68808 1.879032 10.07861 19.68808 1.879032 10.07852 19.56997 1.879032 10.38275 19.56976 1.352092 10.38283 19.68787 1.352092 10.38283 19.68787 1.352092 10.38275 19.56976 1.352092 10.16004 19.56992 1.889764 10.16012 19.68803 1.889764 10.16012 19.68803 1.889764 10.16004 19.56992 1.889764 10.43289 19.68784 1.417323 10.4328 19.56973 1.417323 10.43289 19.68784 1.417323 10.4328 19.56973 1.417323 10.24156 19.56986 1.879032 10.24164 19.68797 1.879032 10.24164 19.68797 1.879032 10.24156 19.56986 1.879032 10.46435 19.68781 1.493285 10.46427 19.5697 1.493285 10.46435 19.68781 1.493285 10.46427 19.5697 1.493285 10.31752 19.56981 1.847567 10.3176 19.68792 1.847567 10.3176 19.68792 1.847567 10.31752 19.56981 1.847567 10.47508 19.68781 1.574803 10.475 19.5697 1.574803 10.47508 19.68781 1.574803 10.475 19.5697 1.574803 10.38275 19.56976 1.797514 10.38283 19.68787 1.797514 10.38283 19.68787 1.797514 10.38275 19.56976 1.797514 10.46427 19.5697 1.656321 10.47508 19.68781 1.574803 10.475 19.5697 1.574803 10.46435 19.68781 1.656321 10.46435 19.68781 1.656321 10.46427 19.5697 1.656321 10.47508 19.68781 1.574803 10.475 19.5697 1.574803 10.43289 19.68784 1.732283 10.4328 19.56973 1.732283 10.43289 19.68784 1.732283 10.4328 19.56973 1.732283</float_array>
                    <technique_common>
                        <accessor count="104" source="#ID139" stride="3">
                            <param name="X" type="float" />
                            <param name="Y" type="float" />
                            <param name="Z" type="float" />
                        </accessor>
                    </technique_common>
                </source>
                <source id="ID137">
                    <float_array id="ID140" count="312">0.8660252 -0.0006071486 0.5 0.9659256 -0.0006771863 0.258819 0.8660252 -0.0006071486 0.5 0.9659256 -0.0006771863 0.258819 -0.9659256 0.0006771863 -0.258819 -0.8660252 0.0006071486 -0.5 -0.9659256 0.0006771863 -0.258819 -0.8660252 0.0006071486 -0.5 0.7071066 -0.0004957348 0.7071068 0.7071066 -0.0004957348 0.7071068 -0.7071066 0.0004957348 -0.7071068 -0.7071066 0.0004957348 -0.7071068 0.9914446 -0.0006950771 0.1305262 0.9914446 -0.0006950771 0.1305262 -0.9914446 0.0006950771 -0.1305262 -0.9914446 0.0006950771 -0.1305262 0.4999999 -0.0003505374 0.8660254 0.4999999 -0.0003505374 0.8660254 -0.4999999 0.0003505374 -0.8660254 -0.4999999 0.0003505374 -0.8660254 0.9914446 -0.0006950771 -0.1305262 0.9659256 -0.0006771863 -0.258819 0.9659256 -0.0006771863 -0.258819 0.9914446 -0.0006950771 -0.1305262 -0.9914446 0.0006950771 0.1305262 -0.9914446 0.0006950771 0.1305262 -0.9659256 0.0006771863 0.258819 -0.9659256 0.0006771863 0.258819 0.258819 -0.0001814515 0.9659258 0.258819 -0.0001814515 0.9659258 -0.258819 0.0001814515 -0.9659258 -0.258819 0.0001814515 -0.9659258 0.8660252 -0.0006071486 -0.5 0.8660252 -0.0006071486 -0.5 -0.8660252 0.0006071486 0.5 -0.8660252 0.0006071486 0.5 -2.824822e-15 -3.446093e-18 1 1.497066e-15 -6.474478e-18 1 -1.497066e-15 6.474478e-18 -1 2.824822e-15 3.446093e-18 -1 0.7071066 -0.0004957348 -0.7071068 0.7071066 -0.0004957348 -0.7071068 -0.7071066 0.0004957348 0.7071068 -0.7071066 0.0004957348 0.7071068 -0.258819 0.0001814515 0.9659258 -0.258819 0.0001814515 0.9659258 0.258819 -0.0001814515 -0.9659258 0.258819 -0.0001814515 -0.9659258 0.4999999 -0.0003505374 -0.8660254 0.4999999 -0.0003505374 -0.8660254 -0.4999999 0.0003505374 0.8660254 -0.4999999 0.0003505374 0.8660254 -0.4999999 0.0003505374 0.8660254 -0.4999999 0.0003505374 0.8660254 0.4999999 -0.0003505374 -0.8660254 0.4999999 -0.0003505374 -0.8660254 0.258819 -0.0001814515 -0.9659258 0.258819 -0.0001814515 -0.9659258 -0.258819 0.0001814515 0.9659258 -0.258819 0.0001814515 0.9659258 -0.7071066 0.0004957348 0.7071068 -0.7071066 0.0004957348 0.7071068 0.7071066 -0.0004957348 -0.7071068 0.7071066 -0.0004957348 -0.7071068 -2.156489e-15 6.9444e-18 -1 2.1654e-15 3.907313e-18 -1 -2.1654e-15 -3.907313e-18 1 2.156489e-15 -6.9444e-18 1 -0.8660252 0.0006071486 0.5 -0.8660252 0.0006071486 0.5 0.8660252 -0.0006071486 -0.5 0.8660252 -0.0006071486 -0.5 -0.258819 0.0001814515 -0.9659258 -0.258819 0.0001814515 -0.9659258 0.258819 -0.0001814515 0.9659258 0.258819 -0.0001814515 0.9659258 -0.9659256 0.0006771863 0.258819 -0.9659256 0.0006771863 0.258819 0.9659256 -0.0006771863 -0.258819 0.9659256 -0.0006771863 -0.258819 -0.4999999 0.0003505374 -0.8660254 -0.4999999 0.0003505374 -0.8660254 0.4999999 -0.0003505374 0.8660254 0.4999999 -0.0003505374 0.8660254 -0.9914446 0.0006950771 0.1305262 -0.9914446 0.0006950771 0.1305262 0.9914446 -0.0006950771 -0.1305262 0.9914446 -0.0006950771 -0.1305262 -0.7071066 0.0004957348 -0.7071068 -0.7071066 0.0004957348 -0.7071068 0.7071066 -0.0004957348 0.7071068 0.7071066 -0.0004957348 0.7071068 -0.9659256 0.0006771863 -0.258819 -0.9914446 0.0006950771 -0.1305262 -0.9914446 0.0006950771 -0.1305262 -0.9659256 0.0006771863 -0.258819 0.9659256 -0.0006771863 0.258819 0.9659256 -0.0006771863 0.258819 0.9914446 -0.0006950771 0.1305262 0.9914446 -0.0006950771 0.1305262 -0.8660252 0.0006071486 -0.5 -0.8660252 0.0006071486 -0.5 0.8660252 -0.0006071486 0.5 0.8660252 -0.0006071486 0.5</float_array>
                    <technique_common>
                        <accessor count="104" source="#ID140" stride="3">
                            <param name="X" type="float" />
                            <param name="Y" type="float" />
                            <param name="Z" type="float" />
                        </accessor>
                    </technique_common>
                </source>
                <vertices id="ID138">
                    <input semantic="POSITION" source="#ID136" />
                    <input semantic="NORMAL" source="#ID137" />
                </vertices>
                <triangles count="48" material="Material2">
                    <input offset="0" semantic="VERTEX" source="#ID138" />
                    <p>0 1 2 1 0 3 8 2 9 2 8 0 3 12 1 12 3 13 16 8 9 8 16 17 20 21 22 21 20 23 28 17 16 17 28 29 22 32 33 32 22 21 36 29 28 29 36 37 33 40 41 40 33 32 44 37 36 37 44 45 40 48 41 48 40 49 52 45 44 45 52 53 49 56 48 56 49 57 60 53 52 53 60 61 57 64 56 64 57 65 68 60 69 60 68 61 65 72 64 72 65 73 76 69 77 69 76 68 73 80 72 80 73 81 84 77 85 77 84 76 81 88 80 88 81 89 92 93 94 93 92 95 88 100 101 100 88 89 101 95 92 95 101 100</p>
                </triangles>
                <triangles count="48" material="Material3">
                    <input offset="0" semantic="VERTEX" source="#ID138" />
                    <p>4 5 6 7 6 5 5 10 7 11 7 10 14 4 15 6 15 4 18 19 10 11 10 19 24 25 26 27 26 25 30 31 18 19 18 31 26 27 34 35 34 27 38 39 30 31 30 39 34 35 42 43 42 35 46 47 38 39 38 47 50 42 51 43 51 42 54 55 46 47 46 55 58 50 59 51 59 50 62 63 54 55 54 63 66 58 67 59 67 58 62 70 63 71 63 70 74 66 75 67 75 66 70 78 71 79 71 78 82 74 83 75 83 74 78 86 79 87 79 86 90 82 91 83 91 82 96 97 98 99 98 97 90 91 102 103 102 91 102 103 96 97 96 103</p>
                </triangles>
            </mesh>
        </geometry>
        <geometry id="ID141">
            <mesh>
                <source id="ID142">
                    <float_array id="ID145" count="300">10.25838 19.45174 1.404326 10.21102 19.60925 1.38466 10.21091 19.45177 1.38466 10.25849 19.60922 1.404326 10.29915 19.45171 1.435609 10.29926 19.60919 1.435609 10.29926 19.60919 1.435609 10.16007 19.60929 1.417323 10.25849 19.60922 1.404326 10.20083 19.60926 1.422689 10.23881 19.60923 1.438421 10.33055 19.60917 1.476378 10.27142 19.60921 1.463448 10.29645 19.60919 1.496063 10.35021 19.60915 1.523855 10.31218 19.60918 1.534044 10.35692 19.60915 1.574803 10.31755 19.60918 1.574803 10.35021 19.60915 1.625752 10.31218 19.60918 1.615562 10.29645 19.60919 1.653543 10.33055 19.60917 1.673228 10.27142 19.60921 1.686159 10.29926 19.60919 1.713997 10.23881 19.60923 1.711185 10.20083 19.60926 1.726917 10.25849 19.60922 1.745281 10.16007 19.60929 1.732283 10.21102 19.60925 1.38466 10.10912 19.60932 1.38466 10.16007 19.60929 1.377953 10.06164 19.60936 1.404326 10.02087 19.60938 1.435609 10.11931 19.60932 1.422689 10.08133 19.60934 1.438421 9.98959 19.60941 1.476378 10.04871 19.60936 1.463448 10.02369 19.60938 1.496063 9.969925 19.60942 1.523855 10.00795 19.60939 1.534044 9.963217 19.60942 1.574803 10.00259 19.6094 1.574803 10.00795 19.60939 1.615562 9.969925 19.60942 1.625752 10.02369 19.60938 1.653543 9.98959 19.60941 1.673228 10.04871 19.60936 1.686159 10.02087 19.60938 1.713997 10.08133 19.60934 1.711185 10.11931 19.60932 1.726917 10.06164 19.60936 1.745281 10.21102 19.60925 1.764946 10.10912 19.60932 1.764946 10.16007 19.60929 1.771654 10.16007 19.60929 1.377953 10.15996 19.45181 1.377953 10.33055 19.60917 1.476378 10.33043 19.45169 1.476378 9.963107 19.45194 1.574803 9.969925 19.60942 1.625752 9.969815 19.45194 1.625752 9.963217 19.60942 1.574803 9.969925 19.60942 1.523855 9.963107 19.45194 1.574803 9.969815 19.45194 1.523855 9.963217 19.60942 1.574803 9.98959 19.60941 1.476378 9.98948 19.45193 1.476378 10.02087 19.60938 1.435609 10.02076 19.4519 1.435609 10.06153 19.45188 1.404326 10.06164 19.60936 1.404326 10.10901 19.45184 1.38466 10.10912 19.60932 1.38466 10.35021 19.60915 1.523855 10.3501 19.45167 1.523855 10.35692 19.60915 1.574803 10.35681 19.45167 1.574803 10.3501 19.45167 1.625752 10.35692 19.60915 1.574803 10.35681 19.45167 1.574803 10.35021 19.60915 1.625752 10.33043 19.45169 1.673228 10.33055 19.60917 1.673228 10.29915 19.45171 1.713997 10.29926 19.60919 1.713997 10.25849 19.60922 1.745281 10.25838 19.45174 1.745281 10.21102 19.60925 1.764946 10.21091 19.45177 1.764946 10.16007 19.60929 1.771654 10.15996 19.45181 1.771654 10.10912 19.60932 1.764946 10.10901 19.45184 1.764946 10.06164 19.60936 1.745281 10.06153 19.45188 1.745281 10.02087 19.60938 1.713997 10.02076 19.4519 1.713997 9.98948 19.45193 1.673228 9.98959 19.60941 1.673228</float_array>
                    <technique_common>
                        <accessor count="100" source="#ID145" stride="3">
                            <param name="X" type="float" />
                            <param name="Y" type="float" />
                            <param name="Z" type="float" />
                        </accessor>
                    </technique_common>
                </source>
                <source id="ID143">
                    <float_array id="ID146" count="300">-0.4999999 0.0003505374 0.8660254 -0.258819 0.0001814515 0.9659258 -0.258819 0.0001814515 0.9659258 -0.4999999 0.0003505374 0.8660254 -0.7071066 0.0004957348 0.7071068 -0.7071066 0.0004957348 0.7071068 -0.0007010749 -0.9999998 -5.426741e-18 -0.0007010749 -0.9999998 -5.426741e-18 -0.0007010749 -0.9999998 -5.426741e-18 -0.0007010749 -0.9999998 -5.426741e-18 -0.0007010749 -0.9999998 -5.426741e-18 -0.0007010749 -0.9999998 -5.426741e-18 -0.0007010749 -0.9999998 -5.426741e-18 -0.0007010749 -0.9999998 -5.426741e-18 -0.0007010749 -0.9999998 -5.426741e-18 -0.0007010749 -0.9999998 -5.426741e-18 -0.0007010749 -0.9999998 -5.426741e-18 -0.0007010749 -0.9999998 -5.426741e-18 -0.0007010749 -0.9999998 -5.426741e-18 -0.0007010749 -0.9999998 -5.426741e-18 -0.0007010749 -0.9999998 -5.426741e-18 -0.0007010749 -0.9999998 -5.426741e-18 -0.0007010749 -0.9999998 -5.426741e-18 -0.0007010749 -0.9999998 -5.426741e-18 -0.0007010749 -0.9999998 -5.426741e-18 -0.0007010749 -0.9999998 -5.426741e-18 -0.0007010749 -0.9999998 -5.426741e-18 -0.0007010749 -0.9999998 -5.426741e-18 -0.0007010749 -0.9999998 -5.426741e-18 -0.0007010749 -0.9999998 -5.426741e-18 -0.0007010749 -0.9999998 -5.426741e-18 -0.0007010749 -0.9999998 -5.426741e-18 -0.0007010749 -0.9999998 -5.426741e-18 -0.0007010749 -0.9999998 -5.426741e-18 -0.0007010749 -0.9999998 -5.426741e-18 -0.0007010749 -0.9999998 -5.426741e-18 -0.0007010749 -0.9999998 -5.426741e-18 -0.0007010749 -0.9999998 -5.426741e-18 -0.0007010749 -0.9999998 -5.426741e-18 -0.0007010749 -0.9999998 -5.426741e-18 -0.0007010749 -0.9999998 -5.426741e-18 -0.0007010749 -0.9999998 -5.426741e-18 -0.0007010749 -0.9999998 -5.426741e-18 -0.0007010749 -0.9999998 -5.426741e-18 -0.0007010749 -0.9999998 -5.426741e-18 -0.0007010749 -0.9999998 -5.426741e-18 -0.0007010749 -0.9999998 -5.426741e-18 -0.0007010749 -0.9999998 -5.426741e-18 -0.0007010749 -0.9999998 -5.426741e-18 -0.0007010749 -0.9999998 -5.426741e-18 -0.0007010749 -0.9999998 -5.426741e-18 -0.0007010749 -0.9999998 -5.426741e-18 -0.0007010749 -0.9999998 -5.426741e-18 -0.0007010749 -0.9999998 -5.426741e-18 1.7644e-15 -6.657226e-18 1 5.640733e-15 -9.381032e-18 1 -0.8660252 0.0006071486 0.5 -0.8660252 0.0006071486 0.5 0.9914446 -0.0006950771 -0.1305262 0.9659256 -0.0006771863 -0.258819 0.9659256 -0.0006771863 -0.258819 0.9914446 -0.0006950771 -0.1305262 0.9659256 -0.0006771863 0.258819 0.9914446 -0.0006950771 0.1305262 0.9659256 -0.0006771863 0.258819 0.9914446 -0.0006950771 0.1305262 0.8660252 -0.0006071486 0.5 0.8660252 -0.0006071486 0.5 0.7071066 -0.0004957348 0.7071068 0.7071066 -0.0004957348 0.7071068 0.4999999 -0.0003505374 0.8660254 0.4999999 -0.0003505374 0.8660254 0.258819 -0.0001814515 0.9659258 0.258819 -0.0001814515 0.9659258 -0.9659256 0.0006771863 0.258819 -0.9659256 0.0006771863 0.258819 -0.9914446 0.0006950771 0.1305262 -0.9914446 0.0006950771 0.1305262 -0.9659256 0.0006771863 -0.258819 -0.9914446 0.0006950771 -0.1305262 -0.9914446 0.0006950771 -0.1305262 -0.9659256 0.0006771863 -0.258819 -0.8660252 0.0006071486 -0.5 -0.8660252 0.0006071486 -0.5 -0.7071066 0.0004957348 -0.7071068 -0.7071066 0.0004957348 -0.7071068 -0.4999999 0.0003505374 -0.8660254 -0.4999999 0.0003505374 -0.8660254 -0.258819 0.0001814515 -0.9659258 -0.258819 0.0001814515 -0.9659258 -4.90111e-16 5.769596e-18 -1 3.386222e-15 3.054492e-18 -1 0.258819 -0.0001814515 -0.9659258 0.258819 -0.0001814515 -0.9659258 0.4999999 -0.0003505374 -0.8660254 0.4999999 -0.0003505374 -0.8660254 0.7071066 -0.0004957348 -0.7071068 0.7071066 -0.0004957348 -0.7071068 0.8660252 -0.0006071486 -0.5 0.8660252 -0.0006071486 -0.5</float_array>
                    <technique_common>
                        <accessor count="100" source="#ID146" stride="3">
                            <param name="X" type="float" />
                            <param name="Y" type="float" />
                            <param name="Z" type="float" />
                        </accessor>
                    </technique_common>
                </source>
                <vertices id="ID144">
                    <input semantic="POSITION" source="#ID142" />
                    <input semantic="NORMAL" source="#ID143" />
                </vertices>
                <triangles count="96" material="Material2">
                    <input offset="0" semantic="VERTEX" source="#ID144" />
                    <p>0 1 2 1 0 3 4 3 0 3 4 5 6 7 8 7 6 9 9 6 10 10 6 11 10 11 12 12 11 13 13 11 14 13 14 15 15 14 16 15 16 17 17 16 18 17 18 19 19 18 20 20 18 21 20 21 22 22 21 23 22 23 24 24 23 25 25 23 26 25 26 27 28 29 30 29 28 8 29 8 31 31 8 32 32 8 7 32 7 33 32 33 34 32 34 35 35 34 36 35 36 37 35 37 38 38 37 39 38 39 40 40 39 41 40 41 42 40 42 43 43 42 44 43 44 45 45 44 46 45 46 47 47 46 48 47 48 49 47 49 50 50 49 27 50 27 26 50 26 51 50 51 52 52 51 53 2 54 55 54 2 1 56 4 57 4 56 5 58 59 60 59 58 61 62 63 64 63 62 65 66 64 67 64 66 62 68 67 69 67 68 66 70 68 69 68 70 71 72 71 70 71 72 73 55 73 72 73 55 54 74 57 75 57 74 56 76 75 77 75 76 74 78 79 80 79 78 81 82 81 78 81 82 83 84 83 82 83 84 85 86 84 87 84 86 85 88 87 89 87 88 86 90 89 91 89 90 88 92 91 93 91 92 90 94 93 95 93 94 92 96 95 97 95 96 94 98 96 97 96 98 99 60 99 98 99 60 59</p>
                </triangles>
            </mesh>
        </geometry>
        <geometry id="ID147">
            <mesh>
                <source id="ID148">
                    <float_array id="ID153" count="288">10.23129 19.45176 1.308603 10.08863 19.45186 1.308603 10.15996 19.45181 1.299213 10.29775 19.45171 1.336135 10.02216 19.4519 1.336135 10.35483 19.45167 1.379931 10.15996 19.45181 1.377953 10.21091 19.45177 1.38466 10.39863 19.45164 1.437008 10.25838 19.45174 1.404326 10.29915 19.45171 1.435609 10.33043 19.45169 1.476378 10.42616 19.45162 1.503475 10.3501 19.45167 1.523855 10.43555 19.45161 1.574803 10.35681 19.45167 1.574803 9.965086 19.45194 1.379931 10.10901 19.45184 1.38466 9.921289 19.45197 1.437008 10.06153 19.45188 1.404326 10.02076 19.4519 1.435609 9.98948 19.45193 1.476378 9.893757 19.45199 1.503475 9.969815 19.45194 1.523855 9.884367 19.452 1.574803 9.963107 19.45194 1.574803 9.963107 19.45194 1.574803 9.969815 19.45194 1.523855 9.884367 19.452 1.574803 9.893757 19.45199 1.503475 9.98948 19.45193 1.476378 9.921289 19.45197 1.437008 10.02076 19.4519 1.435609 10.06153 19.45188 1.404326 10.10901 19.45184 1.38466 9.965086 19.45194 1.379931 10.15996 19.45181 1.377953 10.02216 19.4519 1.336135 10.35681 19.45167 1.574803 10.43555 19.45161 1.574803 10.3501 19.45167 1.523855 10.42616 19.45162 1.503475 10.33043 19.45169 1.476378 10.39863 19.45164 1.437008 10.29915 19.45171 1.435609 10.25838 19.45174 1.404326 10.21091 19.45177 1.38466 10.35483 19.45167 1.379931 10.29775 19.45171 1.336135 10.08863 19.45186 1.308603 10.23129 19.45176 1.308603 10.15996 19.45181 1.299213 10.42616 19.45162 1.646131 10.3501 19.45167 1.625752 10.33043 19.45169 1.673228 10.39863 19.45164 1.712598 10.29915 19.45171 1.713997 10.35483 19.45167 1.769675 10.25838 19.45174 1.745281 10.21091 19.45177 1.764946 10.15996 19.45181 1.771654 10.29775 19.45171 1.813472 9.969815 19.45194 1.625752 9.893757 19.45199 1.646131 9.98948 19.45193 1.673228 9.921289 19.45197 1.712598 10.02076 19.4519 1.713997 9.965086 19.45194 1.769675 10.06153 19.45188 1.745281 10.10901 19.45184 1.764946 10.02216 19.4519 1.813472 10.23129 19.45176 1.841003 10.08863 19.45186 1.841003 10.15996 19.45181 1.850394 10.15996 19.45181 1.850394 10.23129 19.45176 1.841003 10.08863 19.45186 1.841003 10.02216 19.4519 1.813472 10.29775 19.45171 1.813472 10.15996 19.45181 1.771654 9.965086 19.45194 1.769675 10.10901 19.45184 1.764946 10.06153 19.45188 1.745281 10.02076 19.4519 1.713997 9.921289 19.45197 1.712598 9.98948 19.45193 1.673228 9.893757 19.45199 1.646131 9.969815 19.45194 1.625752 10.35483 19.45167 1.769675 10.21091 19.45177 1.764946 10.25838 19.45174 1.745281 10.29915 19.45171 1.713997 10.39863 19.45164 1.712598 10.33043 19.45169 1.673228 10.42616 19.45162 1.646131 10.3501 19.45167 1.625752</float_array>
                    <technique_common>
                        <accessor count="96" source="#ID153" stride="3">
                            <param name="X" type="float" />
                            <param name="Y" type="float" />
                            <param name="Z" type="float" />
                        </accessor>
                    </technique_common>
                </source>
                <source id="ID149">
                    <float_array id="ID154" count="288">-0.0007010749 -0.9999998 -5.426741e-18 -0.0007010749 -0.9999998 -5.426741e-18 -0.0007010749 -0.9999998 -5.426741e-18 -0.0007010749 -0.9999998 -5.426741e-18 -0.0007010749 -0.9999998 -5.426741e-18 -0.0007010749 -0.9999998 -5.426741e-18 -0.0007010749 -0.9999998 -5.426741e-18 -0.0007010749 -0.9999998 -5.426741e-18 -0.0007010749 -0.9999998 -5.426741e-18 -0.0007010749 -0.9999998 -5.426741e-18 -0.0007010749 -0.9999998 -5.426741e-18 -0.0007010749 -0.9999998 -5.426741e-18 -0.0007010749 -0.9999998 -5.426741e-18 -0.0007010749 -0.9999998 -5.426741e-18 -0.0007010749 -0.9999998 -5.426741e-18 -0.0007010749 -0.9999998 -5.426741e-18 -0.0007010749 -0.9999998 -5.426741e-18 -0.0007010749 -0.9999998 -5.426741e-18 -0.0007010749 -0.9999998 -5.426741e-18 -0.0007010749 -0.9999998 -5.426741e-18 -0.0007010749 -0.9999998 -5.426741e-18 -0.0007010749 -0.9999998 -5.426741e-18 -0.0007010749 -0.9999998 -5.426741e-18 -0.0007010749 -0.9999998 -5.426741e-18 -0.0007010749 -0.9999998 -5.426741e-18 -0.0007010749 -0.9999998 -5.426741e-18 0.0007010749 0.9999998 5.426741e-18 0.0007010749 0.9999998 5.426741e-18 0.0007010749 0.9999998 5.426741e-18 0.0007010749 0.9999998 5.426741e-18 0.0007010749 0.9999998 5.426741e-18 0.0007010749 0.9999998 5.426741e-18 0.0007010749 0.9999998 5.426741e-18 0.0007010749 0.9999998 5.426741e-18 0.0007010749 0.9999998 5.426741e-18 0.0007010749 0.9999998 5.426741e-18 0.0007010749 0.9999998 5.426741e-18 0.0007010749 0.9999998 5.426741e-18 0.0007010749 0.9999998 5.426741e-18 0.0007010749 0.9999998 5.426741e-18 0.0007010749 0.9999998 5.426741e-18 0.0007010749 0.9999998 5.426741e-18 0.0007010749 0.9999998 5.426741e-18 0.0007010749 0.9999998 5.426741e-18 0.0007010749 0.9999998 5.426741e-18 0.0007010749 0.9999998 5.426741e-18 0.0007010749 0.9999998 5.426741e-18 0.0007010749 0.9999998 5.426741e-18 0.0007010749 0.9999998 5.426741e-18 0.0007010749 0.9999998 5.426741e-18 0.0007010749 0.9999998 5.426741e-18 0.0007010749 0.9999998 5.426741e-18 -0.0007010749 -0.9999998 -5.426741e-18 -0.0007010749 -0.9999998 -5.426741e-18 -0.0007010749 -0.9999998 -5.426741e-18 -0.0007010749 -0.9999998 -5.426741e-18 -0.0007010749 -0.9999998 -5.426741e-18 -0.0007010749 -0.9999998 -5.426741e-18 -0.0007010749 -0.9999998 -5.426741e-18 -0.0007010749 -0.9999998 -5.426741e-18 -0.0007010749 -0.9999998 -5.426741e-18 -0.0007010749 -0.9999998 -5.426741e-18 -0.0007010749 -0.9999998 -5.426741e-18 -0.0007010749 -0.9999998 -5.426741e-18 -0.0007010749 -0.9999998 -5.426741e-18 -0.0007010749 -0.9999998 -5.426741e-18 -0.0007010749 -0.9999998 -5.426741e-18 -0.0007010749 -0.9999998 -5.426741e-18 -0.0007010749 -0.9999998 -5.426741e-18 -0.0007010749 -0.9999998 -5.426741e-18 -0.0007010749 -0.9999998 -5.426741e-18 -0.0007010749 -0.9999998 -5.426741e-18 -0.0007010749 -0.9999998 -5.426741e-18 -0.0007010749 -0.9999998 -5.426741e-18 0.0007010749 0.9999998 5.426741e-18 0.0007010749 0.9999998 5.426741e-18 0.0007010749 0.9999998 5.426741e-18 0.0007010749 0.9999998 5.426741e-18 0.0007010749 0.9999998 5.426741e-18 0.0007010749 0.9999998 5.426741e-18 0.0007010749 0.9999998 5.426741e-18 0.0007010749 0.9999998 5.426741e-18 0.0007010749 0.9999998 5.426741e-18 0.0007010749 0.9999998 5.426741e-18 0.0007010749 0.9999998 5.426741e-18 0.0007010749 0.9999998 5.426741e-18 0.0007010749 0.9999998 5.426741e-18 0.0007010749 0.9999998 5.426741e-18 0.0007010749 0.9999998 5.426741e-18 0.0007010749 0.9999998 5.426741e-18 0.0007010749 0.9999998 5.426741e-18 0.0007010749 0.9999998 5.426741e-18 0.0007010749 0.9999998 5.426741e-18 0.0007010749 0.9999998 5.426741e-18 0.0007010749 0.9999998 5.426741e-18 0.0007010749 0.9999998 5.426741e-18</float_array>
                    <technique_common>
                        <accessor count="96" source="#ID154" stride="3">
                            <param name="X" type="float" />
                            <param name="Y" type="float" />
                            <param name="Z" type="float" />
                        </accessor>
                    </technique_common>
                </source>
                <vertices id="ID150">
                    <input semantic="POSITION" source="#ID148" />
                    <input semantic="NORMAL" source="#ID149" />
                </vertices>
                <triangles count="48" material="Material2">
                    <input offset="0" semantic="VERTEX" source="#ID150" />
                    <p>0 1 2 1 0 3 1 3 4 4 3 5 4 5 6 6 5 7 7 5 8 7 8 9 9 8 10 10 8 11 11 8 12 11 12 13 13 12 14 13 14 15 6 16 4 16 6 17 16 17 18 18 17 19 18 19 20 18 20 21 18 21 22 22 21 23 22 23 24 24 23 25 52 15 14 15 52 53 53 52 54 54 52 55 54 55 56 56 55 57 56 57 58 58 57 59 59 57 60 60 57 61 62 24 25 24 62 63 63 62 64 63 64 65 65 64 66 65 66 67 67 66 68 67 68 69 67 69 60 67 60 70 70 60 61 70 61 71 70 71 72 72 71 73</p>
                </triangles>
                <triangles count="48" material="Material3">
                    <input offset="0" semantic="VERTEX" source="#ID150" />
                    <p>26 27 28 28 27 29 27 30 29 29 30 31 30 32 31 32 33 31 33 34 31 31 34 35 34 36 35 37 35 36 38 39 40 39 41 40 40 41 42 41 43 42 42 43 44 44 43 45 45 43 46 43 47 46 46 47 36 36 47 37 47 48 37 37 48 49 48 50 49 51 49 50 74 75 76 76 75 77 75 78 77 78 79 77 77 79 80 79 81 80 81 82 80 82 83 80 80 83 84 83 85 84 84 85 86 85 87 86 86 87 28 26 28 87 78 88 79 79 88 89 89 88 90 90 88 91 88 92 91 91 92 93 92 94 93 93 94 95 95 94 38 39 38 94</p>
                </triangles>
            </mesh>
        </geometry>
        <geometry id="ID155">
            <mesh>
                <source id="ID156">
                    <float_array id="ID159" count="156">10.0025 19.49129 1.574803 10.00795 19.60939 1.534044 10.00787 19.49128 1.534044 10.00259 19.6094 1.574803 10.02369 19.60938 1.496063 10.0236 19.49127 1.496063 10.00795 19.60939 1.615562 10.0025 19.49129 1.574803 10.00787 19.49128 1.615562 10.00259 19.6094 1.574803 10.04871 19.60936 1.463448 10.04863 19.49125 1.463448 10.02369 19.60938 1.653543 10.0236 19.49127 1.653543 10.08124 19.49123 1.438421 10.08133 19.60934 1.438421 10.04871 19.60936 1.686159 10.04863 19.49125 1.686159 10.11923 19.49121 1.422689 10.11931 19.60932 1.422689 10.08124 19.49123 1.711185 10.08133 19.60934 1.711185 10.15999 19.49118 1.417323 10.16007 19.60929 1.417323 10.11923 19.49121 1.726917 10.11931 19.60932 1.726917 10.20074 19.49115 1.422689 10.20083 19.60926 1.422689 10.15999 19.49118 1.732283 10.16007 19.60929 1.732283 10.23873 19.49112 1.438421 10.23881 19.60923 1.438421 10.20074 19.49115 1.726917 10.20083 19.60926 1.726917 10.27134 19.4911 1.463448 10.27142 19.60921 1.463448 10.23873 19.49112 1.711185 10.23881 19.60923 1.711185 10.29645 19.60919 1.496063 10.29637 19.49108 1.496063 10.27134 19.4911 1.686159 10.27142 19.60921 1.686159 10.31218 19.60918 1.534044 10.3121 19.49107 1.534044 10.29645 19.60919 1.653543 10.29637 19.49108 1.653543 10.31755 19.60918 1.574803 10.31747 19.49107 1.574803 10.31218 19.60918 1.615562 10.3121 19.49107 1.615562 10.31755 19.60918 1.574803 10.31747 19.49107 1.574803</float_array>
                    <technique_common>
                        <accessor count="52" source="#ID159" stride="3">
                            <param name="X" type="float" />
                            <param name="Y" type="float" />
                            <param name="Z" type="float" />
                        </accessor>
                    </technique_common>
                </source>
                <source id="ID157">
                    <float_array id="ID160" count="156">-0.9914446 0.0006950771 -0.1305262 -0.9659256 0.0006771863 -0.258819 -0.9659256 0.0006771863 -0.258819 -0.9914446 0.0006950771 -0.1305262 -0.8660252 0.0006071486 -0.5 -0.8660252 0.0006071486 -0.5 -0.9659256 0.0006771863 0.258819 -0.9914446 0.0006950771 0.1305262 -0.9659256 0.0006771863 0.258819 -0.9914446 0.0006950771 0.1305262 -0.7071066 0.0004957348 -0.7071068 -0.7071066 0.0004957348 -0.7071068 -0.8660252 0.0006071486 0.5 -0.8660252 0.0006071486 0.5 -0.4999999 0.0003505374 -0.8660254 -0.4999999 0.0003505374 -0.8660254 -0.7071066 0.0004957348 0.7071068 -0.7071066 0.0004957348 0.7071068 -0.258819 0.0001814515 -0.9659258 -0.258819 0.0001814515 -0.9659258 -0.4999999 0.0003505374 0.8660254 -0.4999999 0.0003505374 0.8660254 -9.000221e-16 6.05677e-18 -1 8.91111e-16 4.803645e-18 -1 -0.258819 0.0001814515 0.9659258 -0.258819 0.0001814515 0.9659258 0.258819 -0.0001814515 -0.9659258 0.258819 -0.0001814515 -0.9659258 -9.000221e-16 -4.794943e-18 1 8.91111e-16 -6.05677e-18 1 0.4999999 -0.0003505374 -0.8660254 0.4999999 -0.0003505374 -0.8660254 0.258819 -0.0001814515 0.9659258 0.258819 -0.0001814515 0.9659258 0.7071066 -0.0004957348 -0.7071068 0.7071066 -0.0004957348 -0.7071068 0.4999999 -0.0003505374 0.8660254 0.4999999 -0.0003505374 0.8660254 0.8660252 -0.0006071486 -0.5 0.8660252 -0.0006071486 -0.5 0.7071066 -0.0004957348 0.7071068 0.7071066 -0.0004957348 0.7071068 0.9659256 -0.0006771863 -0.258819 0.9659256 -0.0006771863 -0.258819 0.8660252 -0.0006071486 0.5 0.8660252 -0.0006071486 0.5 0.9914446 -0.0006950771 -0.1305262 0.9914446 -0.0006950771 -0.1305262 0.9659256 -0.0006771863 0.258819 0.9659256 -0.0006771863 0.258819 0.9914446 -0.0006950771 0.1305262 0.9914446 -0.0006950771 0.1305262</float_array>
                    <technique_common>
                        <accessor count="52" source="#ID160" stride="3">
                            <param name="X" type="float" />
                            <param name="Y" type="float" />
                            <param name="Z" type="float" />
                        </accessor>
                    </technique_common>
                </source>
                <vertices id="ID158">
                    <input semantic="POSITION" source="#ID156" />
                    <input semantic="NORMAL" source="#ID157" />
                </vertices>
                <triangles count="48" material="Material2">
                    <input offset="0" semantic="VERTEX" source="#ID158" />
                    <p>0 1 2 1 0 3 2 4 5 4 2 1 6 7 8 7 6 9 5 10 11 10 5 4 12 8 13 8 12 6 10 14 11 14 10 15 16 13 17 13 16 12 15 18 14 18 15 19 20 16 17 16 20 21 19 22 18 22 19 23 24 21 20 21 24 25 23 26 22 26 23 27 28 25 24 25 28 29 27 30 26 30 27 31 32 29 28 29 32 33 31 34 30 34 31 35 36 33 32 33 36 37 34 38 39 38 34 35 40 37 36 37 40 41 39 42 43 42 39 38 44 40 45 40 44 41 43 46 47 46 43 42 48 45 49 45 48 44 50 49 51 49 50 48</p>
                </triangles>
            </mesh>
        </geometry>
        <geometry id="ID161">
            <mesh>
                <source id="ID162">
                    <float_array id="ID166" count="144">15.63186 14.90488 1.456693 15.7976 14.69568 1.299213 15.7976 14.69568 1.456693 15.63186 14.90488 1.299213 15.75053 15.1101 1.456693 15.48418 15.12721 1.456693 16.01452 15.0708 1.456693 15.98024 14.50106 1.456693 16.17851 14.32238 1.456693 16.2743 15.00957 1.456693 16.39101 14.1609 1.456693 16.52806 14.92685 1.456693 16.61627 14.01774 1.456693 16.77402 14.82321 1.456693 16.85271 13.89391 1.456693 17.01045 14.69937 1.456693 17.09867 13.79027 1.456693 17.23571 14.55622 1.456693 17.35242 13.70754 1.456693 17.44822 14.39473 1.456693 17.61221 13.64632 1.456693 17.64649 14.21606 1.456693 17.8762 13.60701 1.456693 17.82913 14.02144 1.456693 17.99487 13.81223 1.456693 18.14255 13.58991 1.456693 15.48418 15.12721 1.299213 15.75053 15.1101 1.299213 16.01452 15.0708 1.299213 15.98024 14.50106 1.299213 16.17851 14.32238 1.299213 16.2743 15.00957 1.299213 16.39101 14.1609 1.299213 16.52806 14.92685 1.299213 16.61627 14.01774 1.299213 16.77402 14.82321 1.299213 16.85271 13.89391 1.299213 17.01045 14.69937 1.299213 17.09867 13.79027 1.299213 17.23571 14.55622 1.299213 17.35242 13.70754 1.299213 17.44822 14.39473 1.299213 17.61221 13.64632 1.299213 17.64649 14.21606 1.299213 17.8762 13.60701 1.299213 17.82913 14.02144 1.299213 17.99487 13.81223 1.299213 18.14255 13.58991 1.299213</float_array>
                    <technique_common>
                        <accessor count="48" source="#ID166" stride="3">
                            <param name="X" type="float" />
                            <param name="Y" type="float" />
                            <param name="Z" type="float" />
                        </accessor>
                    </technique_common>
                </source>
                <source id="ID163">
                    <float_array id="ID167" count="144">-0.5795494 -0.4209258 0.6978137 -0.5423453 -0.4678863 -0.6978137 -0.5423453 -0.4678863 0.6978137 -0.5795494 -0.4209258 -0.6978137 0.07575646 0.7122619 0.6978137 -0.7226146 0.4178775 0.550642 0.1350152 0.7034394 0.6978137 -0.5013469 -0.5115733 0.6978137 -0.456841 -0.5516814 0.6978137 0.1933293 0.6896954 0.6978137 -0.4091389 -0.5879297 0.6978137 0.2502908 0.6711263 0.6978137 -0.3585744 -0.6200648 0.6978137 0.3055013 0.6478618 0.6978137 -0.3055013 -0.6478618 0.6978137 0.3585744 0.6200648 0.6978137 -0.2502908 -0.6711263 0.6978137 0.4091389 0.5879297 0.6978137 -0.1933293 -0.6896954 0.6978137 0.456841 0.5516814 0.6978137 -0.1350152 -0.7034394 0.6978137 0.5013469 0.5115733 0.6978137 -0.07575646 -0.7122619 0.6978137 0.5423453 0.4678863 0.6978137 0.5795494 0.4209258 0.6978137 0.7226146 -0.4178775 0.550642 -0.7226146 0.4178775 -0.550642 0.07575646 0.7122619 -0.6978137 0.1350152 0.7034394 -0.6978137 -0.5013469 -0.5115733 -0.6978137 -0.456841 -0.5516814 -0.6978137 0.1933293 0.6896954 -0.6978137 -0.4091389 -0.5879297 -0.6978137 0.2502908 0.6711263 -0.6978137 -0.3585744 -0.6200648 -0.6978137 0.3055013 0.6478618 -0.6978137 -0.3055013 -0.6478618 -0.6978137 0.3585744 0.6200648 -0.6978137 -0.2502908 -0.6711263 -0.6978137 0.4091389 0.5879297 -0.6978137 -0.1933293 -0.6896954 -0.6978137 0.456841 0.5516814 -0.6978137 -0.1350152 -0.7034394 -0.6978137 0.5013469 0.5115733 -0.6978137 -0.07575646 -0.7122619 -0.6978137 0.5423453 0.4678863 -0.6978137 0.5795494 0.4209258 -0.6978137 0.7226146 -0.4178775 -0.550642</float_array>
                    <technique_common>
                        <accessor count="48" source="#ID167" stride="3">
                            <param name="X" type="float" />
                            <param name="Y" type="float" />
                            <param name="Z" type="float" />
                        </accessor>
                    </technique_common>
                </source>
                <source id="ID165">
                    <float_array id="ID168" count="288">-0.4182047 0.3083333 -0.3617107 0.275 -0.3617107 0.3083333 -0.4182047 0.275 3.308743 3.154867 3.333862 3.198305 3.277484 3.201925 3.343824 3.110586 3.38974 3.189986 3.382484 3.069391 3.424451 3.031571 3.444728 3.177026 3.469431 2.99739 3.49844 3.159516 3.517111 2.967089 3.5505 3.137579 3.567157 2.940877 3.600546 3.111368 3.619218 2.91894 3.648226 3.081066 3.67293 2.90143 3.693206 3.046885 3.727917 2.88847 3.735173 3.009065 3.783795 2.880151 3.773833 2.967871 3.808915 2.923589 3.840173 2.876531 -0.8536956 0.3083333 -0.7972016 0.275 -0.7972016 0.3083333 -0.8536956 0.275 -3.333862 3.198305 -3.308743 3.154867 -3.277484 3.201925 -3.343824 3.110586 -3.38974 3.189986 -3.382484 3.069391 -3.424451 3.031571 -3.444728 3.177026 -3.469431 2.99739 -3.49844 3.159516 -3.517111 2.967089 -3.5505 3.137579 -3.567157 2.940877 -3.600546 3.111368 -3.619218 2.91894 -3.648226 3.081066 -3.67293 2.90143 -3.693206 3.046885 -3.727917 2.88847 -3.735173 3.009065 -3.783795 2.880151 -3.773833 2.967871 -3.808915 2.923589 -3.840173 2.876531 0.02001437 0.3083333 0.07650836 0.275 0.07650836 0.3083333 0.02001437 0.275 3.647939 0.3083333 3.591445 0.275 3.647939 0.275 3.591445 0.3083333 0.3278049 0.275 0.271311 0.3083333 0.271311 0.275 0.3278049 0.3083333 -0.01717978 0.275 -0.07367377 0.3083333 -0.07367377 0.275 -0.01717978 0.3083333 -0.3618467 0.275 -0.4183407 0.3083333 -0.4183407 0.275 -0.3618467 0.3083333 -0.7037845 0.3083333 -0.7602784 0.275 -0.7037845 0.275 -0.7602784 0.3083333 -1.040601 0.3083333 -1.097095 0.275 -1.040601 0.275 -1.097095 0.3083333 -1.369939 0.3083333 -1.426433 0.275 -1.369939 0.275 -1.426433 0.3083333 -1.689496 0.3083333 -1.74599 0.275 -1.689496 0.275 -1.74599 0.3083333 -1.997035 0.3083333 -2.053529 0.275 -1.997035 0.275 -2.053529 0.3083333 -2.290404 0.3083333 -2.346898 0.275 -2.290404 0.275 -2.346898 0.3083333 -2.567552 0.3083333 -2.624046 0.275 -2.567552 0.275 -2.624046 0.3083333 -2.82654 0.3083333 -2.883034 0.275 -2.82654 0.275 -2.883034 0.3083333 -3.065554 0.3083333 -3.122048 0.275 -3.065554 0.275 -3.122048 0.3083333 0.5143898 0.3083333 0.4578958 0.275 0.5143898 0.275 0.4578958 0.3083333 0.9488701 0.3083333 0.8923761 0.275 0.9488701 0.275 0.8923761 0.3083333 1.37691 0.3083333 1.320416 0.275 1.37691 0.275 1.320416 0.3083333 1.795513 0.3083333 1.73902 0.275 1.795513 0.275 1.73902 0.3083333 2.201753 0.3083333 2.145259 0.275 2.201753 0.275 2.145259 0.3083333 2.592787 0.3083333 2.536293 0.275 2.592787 0.275 2.536293 0.3083333 2.965879 0.3083333 2.909385 0.275 2.965879 0.275 2.909385 0.3083333 3.318418 0.3083333 3.261924 0.275 3.318418 0.275 3.261924 0.3083333</float_array>
                    <technique_common>
                        <accessor count="144" source="#ID168" stride="2">
                            <param name="S" type="float" />
                            <param name="T" type="float" />
                        </accessor>
                    </technique_common>
                </source>
                <vertices id="ID164">
                    <input semantic="POSITION" source="#ID162" />
                    <input semantic="NORMAL" source="#ID163" />
                </vertices>
                <triangles count="92" material="Material2">
                    <input offset="0" semantic="VERTEX" source="#ID164" />
                    <input offset="1" semantic="TEXCOORD" source="#ID165" />
                    <p>0 0 1 1 2 2 1 1 0 0 3 3 0 4 4 5 5 6 4 5 0 4 2 7 4 5 2 7 6 8 6 8 2 7 7 9 6 8 7 9 8 10 6 8 8 10 9 11 9 11 8 10 10 12 9 11 10 12 11 13 11 13 10 12 12 14 11 13 12 14 13 15 13 15 12 14 14 16 13 15 14 16 15 17 15 17 14 16 16 18 15 17 16 18 17 19 17 19 16 18 18 20 17 19 18 20 19 21 19 21 18 20 20 22 19 21 20 22 21 23 21 23 20 22 22 24 21 23 22 24 23 25 23 25 22 24 24 26 24 26 22 24 25 27 5 28 3 29 0 30 3 29 5 28 26 31 27 32 3 33 26 34 3 33 27 32 1 35 1 35 27 32 28 36 1 35 28 36 29 37 29 37 28 36 30 38 30 38 28 36 31 39 30 38 31 39 32 40 32 40 31 39 33 41 32 40 33 41 34 42 34 42 33 41 35 43 34 42 35 43 36 44 36 44 35 43 37 45 36 44 37 45 38 46 38 46 37 45 39 47 38 46 39 47 40 48 40 48 39 47 41 49 40 48 41 49 42 50 42 50 41 49 43 51 42 50 43 51 44 52 44 52 43 51 45 53 44 52 45 53 46 54 44 52 46 54 47 55 2 56 29 57 7 58 29 57 2 56 1 59 25 60 44 61 47 62 44 61 25 60 22 63 46 64 25 65 47 66 25 65 46 64 24 67 45 68 24 69 46 70 24 69 45 68 23 71 43 72 23 73 45 74 23 73 43 72 21 75 19 76 43 77 41 78 43 77 19 76 21 79 17 80 41 81 39 82 41 81 17 80 19 83 15 84 39 85 37 86 39 85 15 84 17 87 13 88 37 89 35 90 37 89 13 88 15 91 11 92 35 93 33 94 35 93 11 92 13 95 9 96 33 97 31 98 33 97 9 96 11 99 6 100 31 101 28 102 31 101 6 100 9 103 4 104 28 105 27 106 28 105 4 104 6 107 5 108 27 109 26 110 27 109 5 108 4 111 8 112 29 113 30 114 29 113 8 112 7 115 10 116 30 117 32 118 30 117 10 116 8 119 12 120 32 121 34 122 32 121 12 120 10 123 14 124 34 125 36 126 34 125 14 124 12 127 16 128 36 129 38 130 36 129 16 128 14 131 18 132 38 133 40 134 38 133 18 132 16 135 20 136 40 137 42 138 40 137 20 136 18 139 22 140 42 141 44 142 42 141 22 140 20 143</p>
                </triangles>
            </mesh>
        </geometry>
        <geometry id="ID169">
            <mesh>
                <source id="ID170">
                    <float_array id="ID173" count="192">9.372639 19.57047 1.968504 10.9463 17.94704 2.165354 9.371501 17.94815 2.165354 10.94744 19.56936 1.968504 10.94744 19.56936 1.968504 9.372639 19.57047 1.968504 10.9463 17.94704 2.165354 9.371501 17.94815 2.165354 10.94744 19.56936 1.181102 10.16004 19.56992 1.259843 9.372639 19.57047 1.181102 10.24156 19.56986 1.270575 10.31752 19.56981 1.302039 10.38275 19.56976 1.352092 10.94744 19.56936 1.968504 10.4328 19.56973 1.417323 10.46427 19.5697 1.493285 10.475 19.5697 1.574803 10.46427 19.5697 1.656321 10.4328 19.56973 1.732283 10.38275 19.56976 1.797514 10.31752 19.56981 1.847567 10.24156 19.56986 1.879032 10.16004 19.56992 1.889764 9.93733 19.57007 1.352092 9.372639 19.57047 1.968504 10.00256 19.57003 1.302039 10.07852 19.56997 1.270575 9.887276 19.57011 1.417323 9.855812 19.57013 1.493285 9.84508 19.57014 1.574803 9.855812 19.57013 1.656321 9.887276 19.57011 1.732283 9.93733 19.57007 1.797514 10.00256 19.57003 1.847567 10.07852 19.56997 1.879032 10.94744 19.56936 1.968504 10.16004 19.56992 1.889764 9.372639 19.57047 1.968504 10.07852 19.56997 1.879032 10.00256 19.57003 1.847567 9.93733 19.57007 1.797514 9.887276 19.57011 1.732283 9.855812 19.57013 1.656321 9.84508 19.57014 1.574803 9.855812 19.57013 1.493285 9.887276 19.57011 1.417323 9.93733 19.57007 1.352092 10.16004 19.56992 1.259843 9.372639 19.57047 1.181102 10.07852 19.56997 1.270575 10.00256 19.57003 1.302039 10.24156 19.56986 1.879032 10.31752 19.56981 1.847567 10.38275 19.56976 1.797514 10.4328 19.56973 1.732283 10.46427 19.5697 1.656321 10.475 19.5697 1.574803 10.46427 19.5697 1.493285 10.4328 19.56973 1.417323 10.38275 19.56976 1.352092 10.94744 19.56936 1.181102 10.31752 19.56981 1.302039 10.24156 19.56986 1.270575</float_array>
                    <technique_common>
                        <accessor count="64" source="#ID173" stride="3">
                            <param name="X" type="float" />
                            <param name="Y" type="float" />
                            <param name="Z" type="float" />
                        </accessor>
                    </technique_common>
                </source>
                <source id="ID171">
                    <float_array id="ID174" count="192">-8.444817e-05 -0.1204553 -0.9927188 -8.444817e-05 -0.1204553 -0.9927188 -8.444817e-05 -0.1204553 -0.9927188 -8.444817e-05 -0.1204553 -0.9927188 8.444817e-05 0.1204553 0.9927188 8.444817e-05 0.1204553 0.9927188 8.444817e-05 0.1204553 0.9927188 8.444817e-05 0.1204553 0.9927188 -0.0007010749 -0.9999998 -5.426741e-18 -0.0007010749 -0.9999998 -5.426741e-18 -0.0007010749 -0.9999998 -5.426741e-18 -0.0007010749 -0.9999998 -5.426741e-18 -0.0007010749 -0.9999998 -5.426741e-18 -0.0007010749 -0.9999998 -5.426741e-18 -0.0007010749 -0.9999998 -5.426741e-18 -0.0007010749 -0.9999998 -5.426741e-18 -0.0007010749 -0.9999998 -5.426741e-18 -0.0007010749 -0.9999998 -5.426741e-18 -0.0007010749 -0.9999998 -5.426741e-18 -0.0007010749 -0.9999998 -5.426741e-18 -0.0007010749 -0.9999998 -5.426741e-18 -0.0007010749 -0.9999998 -5.426741e-18 -0.0007010749 -0.9999998 -5.426741e-18 -0.0007010749 -0.9999998 -5.426741e-18 -0.0007010749 -0.9999998 -5.426741e-18 -0.0007010749 -0.9999998 -5.426741e-18 -0.0007010749 -0.9999998 -5.426741e-18 -0.0007010749 -0.9999998 -5.426741e-18 -0.0007010749 -0.9999998 -5.426741e-18 -0.0007010749 -0.9999998 -5.426741e-18 -0.0007010749 -0.9999998 -5.426741e-18 -0.0007010749 -0.9999998 -5.426741e-18 -0.0007010749 -0.9999998 -5.426741e-18 -0.0007010749 -0.9999998 -5.426741e-18 -0.0007010749 -0.9999998 -5.426741e-18 -0.0007010749 -0.9999998 -5.426741e-18 0.0007010749 0.9999998 5.426741e-18 0.0007010749 0.9999998 5.426741e-18 0.0007010749 0.9999998 5.426741e-18 0.0007010749 0.9999998 5.426741e-18 0.0007010749 0.9999998 5.426741e-18 0.0007010749 0.9999998 5.426741e-18 0.0007010749 0.9999998 5.426741e-18 0.0007010749 0.9999998 5.426741e-18 0.0007010749 0.9999998 5.426741e-18 0.0007010749 0.9999998 5.426741e-18 0.0007010749 0.9999998 5.426741e-18 0.0007010749 0.9999998 5.426741e-18 0.0007010749 0.9999998 5.426741e-18 0.0007010749 0.9999998 5.426741e-18 0.0007010749 0.9999998 5.426741e-18 0.0007010749 0.9999998 5.426741e-18 0.0007010749 0.9999998 5.426741e-18 0.0007010749 0.9999998 5.426741e-18 0.0007010749 0.9999998 5.426741e-18 0.0007010749 0.9999998 5.426741e-18 0.0007010749 0.9999998 5.426741e-18 0.0007010749 0.9999998 5.426741e-18 0.0007010749 0.9999998 5.426741e-18 0.0007010749 0.9999998 5.426741e-18 0.0007010749 0.9999998 5.426741e-18 0.0007010749 0.9999998 5.426741e-18 0.0007010749 0.9999998 5.426741e-18 0.0007010749 0.9999998 5.426741e-18</float_array>
                    <technique_common>
                        <accessor count="64" source="#ID174" stride="3">
                            <param name="X" type="float" />
                            <param name="Y" type="float" />
                            <param name="Z" type="float" />
                        </accessor>
                    </technique_common>
                </source>
                <vertices id="ID172">
                    <input semantic="POSITION" source="#ID170" />
                    <input semantic="NORMAL" source="#ID171" />
                </vertices>
                <triangles count="60" material="Material2">
                    <input offset="0" semantic="VERTEX" source="#ID172" />
                    <p>0 1 2 1 0 3 4 5 6 7 6 5 8 9 10 9 8 11 11 8 12 12 8 13 13 8 14 13 14 15 15 14 16 16 14 17 17 14 18 18 14 19 19 14 20 20 14 21 21 14 22 22 14 23 10 24 25 24 10 26 26 10 27 27 10 9 25 24 28 25 28 29 25 29 30 25 30 31 25 31 32 25 32 33 25 33 34 25 34 35 25 35 23 25 23 14 36 37 38 37 39 38 39 40 38 40 41 38 41 42 38 42 43 38 43 44 38 44 45 38 45 46 38 46 47 38 48 49 50 50 49 51 51 49 47 38 47 49 37 36 52 52 36 53 53 36 54 54 36 55 55 36 56 56 36 57 57 36 58 58 36 59 59 36 60 36 61 60 60 61 62 62 61 63 63 61 48 49 48 61</p>
                </triangles>
            </mesh>
        </geometry>
        <geometry id="ID175">
            <mesh>
                <source id="ID176">
                    <float_array id="ID179" count="12">10.94255 12.58956 1.181102 10.93918 7.788404 1.574803 10.93918 7.788404 1.181102 10.94255 12.58956 1.574803</float_array>
                    <technique_common>
                        <accessor count="4" source="#ID179" stride="3">
                            <param name="X" type="float" />
                            <param name="Y" type="float" />
                            <param name="Z" type="float" />
                        </accessor>
                    </technique_common>
                </source>
                <source id="ID177">
                    <float_array id="ID180" count="12">0.9999998 -0.0007010749 -7.047356e-18 0.9999998 -0.0007010749 -7.047356e-18 0.9999998 -0.0007010749 -7.047356e-18 0.9999998 -0.0007010749 -7.047356e-18</float_array>
                    <technique_common>
                        <accessor count="4" source="#ID180" stride="3">
                            <param name="X" type="float" />
                            <param name="Y" type="float" />
                            <param name="Z" type="float" />
                        </accessor>
                    </technique_common>
                </source>
                <vertices id="ID178">
                    <input semantic="POSITION" source="#ID176" />
                    <input semantic="NORMAL" source="#ID177" />
                </vertices>
                <triangles count="2" material="Material2">
                    <input offset="0" semantic="VERTEX" source="#ID178" />
                    <p>0 1 2 1 0 3</p>
                </triangles>
            </mesh>
        </geometry>
        <geometry id="ID181">
            <mesh>
                <source id="ID182">
                    <float_array id="ID187" count="144">10.20074 19.49115 1.422689 10.11923 19.49121 1.422689 10.15999 19.49118 1.417323 10.23873 19.49112 1.438421 10.08124 19.49123 1.438421 10.27134 19.4911 1.463448 10.04863 19.49125 1.463448 10.29637 19.49108 1.496063 10.0236 19.49127 1.496063 10.3121 19.49107 1.534044 10.00787 19.49128 1.534044 10.31747 19.49107 1.574803 10.0025 19.49129 1.574803 10.3121 19.49107 1.615562 10.00787 19.49128 1.615562 10.29637 19.49108 1.653543 10.0236 19.49127 1.653543 10.27134 19.4911 1.686159 10.04863 19.49125 1.686159 10.23873 19.49112 1.711185 10.08124 19.49123 1.711185 10.20074 19.49115 1.726917 10.11923 19.49121 1.726917 10.15999 19.49118 1.732283 10.15999 19.49118 1.732283 10.20074 19.49115 1.726917 10.11923 19.49121 1.726917 10.08124 19.49123 1.711185 10.23873 19.49112 1.711185 10.04863 19.49125 1.686159 10.27134 19.4911 1.686159 10.0236 19.49127 1.653543 10.29637 19.49108 1.653543 10.00787 19.49128 1.615562 10.3121 19.49107 1.615562 10.0025 19.49129 1.574803 10.31747 19.49107 1.574803 10.00787 19.49128 1.534044 10.3121 19.49107 1.534044 10.0236 19.49127 1.496063 10.29637 19.49108 1.496063 10.04863 19.49125 1.463448 10.27134 19.4911 1.463448 10.08124 19.49123 1.438421 10.23873 19.49112 1.438421 10.11923 19.49121 1.422689 10.20074 19.49115 1.422689 10.15999 19.49118 1.417323</float_array>
                    <technique_common>
                        <accessor count="48" source="#ID187" stride="3">
                            <param name="X" type="float" />
                            <param name="Y" type="float" />
                            <param name="Z" type="float" />
                        </accessor>
                    </technique_common>
                </source>
                <source id="ID183">
                    <float_array id="ID188" count="144">-0.0007010749 -0.9999998 -5.426741e-18 -0.0007010749 -0.9999998 -5.426741e-18 -0.0007010749 -0.9999998 -5.426741e-18 -0.0007010749 -0.9999998 -5.426741e-18 -0.0007010749 -0.9999998 -5.426741e-18 -0.0007010749 -0.9999998 -5.426741e-18 -0.0007010749 -0.9999998 -5.426741e-18 -0.0007010749 -0.9999998 -5.426741e-18 -0.0007010749 -0.9999998 -5.426741e-18 -0.0007010749 -0.9999998 -5.426741e-18 -0.0007010749 -0.9999998 -5.426741e-18 -0.0007010749 -0.9999998 -5.426741e-18 -0.0007010749 -0.9999998 -5.426741e-18 -0.0007010749 -0.9999998 -5.426741e-18 -0.0007010749 -0.9999998 -5.426741e-18 -0.0007010749 -0.9999998 -5.426741e-18 -0.0007010749 -0.9999998 -5.426741e-18 -0.0007010749 -0.9999998 -5.426741e-18 -0.0007010749 -0.9999998 -5.426741e-18 -0.0007010749 -0.9999998 -5.426741e-18 -0.0007010749 -0.9999998 -5.426741e-18 -0.0007010749 -0.9999998 -5.426741e-18 -0.0007010749 -0.9999998 -5.426741e-18 -0.0007010749 -0.9999998 -5.426741e-18 0.0007010749 0.9999998 5.426741e-18 0.0007010749 0.9999998 5.426741e-18 0.0007010749 0.9999998 5.426741e-18 0.0007010749 0.9999998 5.426741e-18 0.0007010749 0.9999998 5.426741e-18 0.0007010749 0.9999998 5.426741e-18 0.0007010749 0.9999998 5.426741e-18 0.0007010749 0.9999998 5.426741e-18 0.0007010749 0.9999998 5.426741e-18 0.0007010749 0.9999998 5.426741e-18 0.0007010749 0.9999998 5.426741e-18 0.0007010749 0.9999998 5.426741e-18 0.0007010749 0.9999998 5.426741e-18 0.0007010749 0.9999998 5.426741e-18 0.0007010749 0.9999998 5.426741e-18 0.0007010749 0.9999998 5.426741e-18 0.0007010749 0.9999998 5.426741e-18 0.0007010749 0.9999998 5.426741e-18 0.0007010749 0.9999998 5.426741e-18 0.0007010749 0.9999998 5.426741e-18 0.0007010749 0.9999998 5.426741e-18 0.0007010749 0.9999998 5.426741e-18 0.0007010749 0.9999998 5.426741e-18 0.0007010749 0.9999998 5.426741e-18</float_array>
                    <technique_common>
                        <accessor count="48" source="#ID188" stride="3">
                            <param name="X" type="float" />
                            <param name="Y" type="float" />
                            <param name="Z" type="float" />
                        </accessor>
                    </technique_common>
                </source>
                <vertices id="ID184">
                    <input semantic="POSITION" source="#ID182" />
                    <input semantic="NORMAL" source="#ID183" />
                </vertices>
                <triangles count="22" material="Material2">
                    <input offset="0" semantic="VERTEX" source="#ID184" />
                    <p>0 1 2 1 0 3 1 3 4 4 3 5 4 5 6 6 5 7 6 7 8 8 7 9 8 9 10 10 9 11 10 11 12 12 11 13 12 13 14 14 13 15 14 15 16 16 15 17 16 17 18 18 17 19 18 19 20 20 19 21 20 21 22 22 21 23</p>
                </triangles>
                <triangles count="22" material="Material3">
                    <input offset="0" semantic="VERTEX" source="#ID184" />
                    <p>24 25 26 26 25 27 25 28 27 27 28 29 28 30 29 29 30 31 30 32 31 31 32 33 32 34 33 33 34 35 34 36 35 35 36 37 36 38 37 37 38 39 38 40 39 39 40 41 40 42 41 41 42 43 42 44 43 43 44 45 44 46 45 47 45 46</p>
                </triangles>
            </mesh>
        </geometry>
        <geometry id="ID189">
            <mesh>
                <source id="ID192">
                    <float_array id="ID194" count="6">10.93918 7.788404 1.574803 10.93918 7.788404 1.968504</float_array>
                    <technique_common>
                        <accessor count="2" source="#ID194" stride="3">
                            <param name="X" type="float" />
                            <param name="Y" type="float" />
                            <param name="Z" type="float" />
                        </accessor>
                    </technique_common>
                </source>
                <vertices id="ID193">
                    <input semantic="POSITION" source="#ID192" />
                </vertices>
                <lines count="1" material="Material2">
                    <input offset="0" semantic="VERTEX" source="#ID193" />
                    <p>1 0</p>
                </lines>
            </mesh>
        </geometry>
        <geometry id="ID195">
            <mesh>
                <source id="ID196">
                    <float_array id="ID198" count="6">10.94255 12.58956 1.574803 10.94255 12.58956 1.968504</float_array>
                    <technique_common>
                        <accessor count="2" source="#ID198" stride="3">
                            <param name="X" type="float" />
                            <param name="Y" type="float" />
                            <param name="Z" type="float" />
                        </accessor>
                    </technique_common>
                </source>
                <vertices id="ID197">
                    <input semantic="POSITION" source="#ID196" />
                </vertices>
                <lines count="1" material="Material2">
                    <input offset="0" semantic="VERTEX" source="#ID197" />
                    <p>1 0</p>
                </lines>
            </mesh>
        </geometry>
        <geometry id="ID199">
            <mesh>
                <source id="ID200">
                    <float_array id="ID202" count="6">9.367745 12.59067 1.574803 9.367745 12.59067 1.968504</float_array>
                    <technique_common>
                        <accessor count="2" source="#ID202" stride="3">
                            <param name="X" type="float" />
                            <param name="Y" type="float" />
                            <param name="Z" type="float" />
                        </accessor>
                    </technique_common>
                </source>
                <vertices id="ID201">
                    <input semantic="POSITION" source="#ID200" />
                </vertices>
                <lines count="1" material="Material2">
                    <input offset="0" semantic="VERTEX" source="#ID201" />
                    <p>1 0</p>
                </lines>
            </mesh>
        </geometry>
        <geometry id="ID203">
            <mesh>
                <source id="ID204">
                    <float_array id="ID206" count="6">10.11778 15.26876 1.968504 10.19144 15.26871 1.968504</float_array>
                    <technique_common>
                        <accessor count="2" source="#ID206" stride="3">
                            <param name="X" type="float" />
                            <param name="Y" type="float" />
                            <param name="Z" type="float" />
                        </accessor>
                    </technique_common>
                </source>
                <vertices id="ID205">
                    <input semantic="POSITION" source="#ID204" />
                </vertices>
                <lines count="1" material="Material2">
                    <input offset="0" semantic="VERTEX" source="#ID205" />
                    <p>1 0</p>
                </lines>
            </mesh>
        </geometry>
        <geometry id="ID207">
            <mesh>
                <source id="ID208">
                    <float_array id="ID210" count="6">10.15979 5.091567 1.968504 10.10755 5.091603 1.968504</float_array>
                    <technique_common>
                        <accessor count="2" source="#ID210" stride="3">
                            <param name="X" type="float" />
                            <param name="Y" type="float" />
                            <param name="Z" type="float" />
                        </accessor>
                    </technique_common>
                </source>
                <vertices id="ID209">
                    <input semantic="POSITION" source="#ID208" />
                </vertices>
                <lines count="1" material="Material2">
                    <input offset="0" semantic="VERTEX" source="#ID209" />
                    <p>1 0</p>
                </lines>
            </mesh>
        </geometry>
    </library_geometries>
    <library_materials>
        <material id="ID5" name="Aluminum">
            <instance_effect url="#ID6" />
        </material>
        <material id="ID18" name="Color_008">
            <instance_effect url="#ID19" />
        </material>
        <material id="ID111" name="Color_003">
            <instance_effect url="#ID112" />
        </material>
        <material id="ID151" name="Color_009">
            <instance_effect url="#ID152" />
        </material>
        <material id="ID185" name="Color_H12">
            <instance_effect url="#ID186" />
        </material>
        <material id="ID190" name="edge_color716560255">
            <instance_effect url="#ID191" />
        </material>
    </library_materials>
    <library_effects>
        <effect id="ID6">
            <profile_COMMON>
                <newparam sid="ID8">
                    <surface type="2D">
                        <init_from>ID7</init_from>
                    </surface>
                </newparam>
                <newparam sid="ID9">
                    <sampler2D>
                        <source>ID8</source>
                    </sampler2D>
                </newparam>
                <technique sid="COMMON">
                    <lambert>
                        <diffuse>
                            <texture texture="ID9" texcoord="UVSET0" />
                        </diffuse>
                    </lambert>
                </technique>
            </profile_COMMON>
        </effect>
        <effect id="ID19">
            <profile_COMMON>
                <technique sid="COMMON">
                    <lambert>
                        <diffuse>
                            <color>0.2784314 0.254902 0.2352941 1</color>
                        </diffuse>
                    </lambert>
                </technique>
            </profile_COMMON>
        </effect>
        <effect id="ID112">
            <profile_COMMON>
                <technique sid="COMMON">
                    <lambert>
                        <diffuse>
                            <color>0.6666667 0.6666667 0.6666667 1</color>
                        </diffuse>
                    </lambert>
                </technique>
            </profile_COMMON>
        </effect>
        <effect id="ID152">
            <profile_COMMON>
                <technique sid="COMMON">
                    <lambert>
                        <diffuse>
                            <color>0 0 0 1</color>
                        </diffuse>
                    </lambert>
                </technique>
            </profile_COMMON>
        </effect>
        <effect id="ID186">
            <profile_COMMON>
                <technique sid="COMMON">
                    <lambert>
                        <diffuse>
                            <color>0.1176471 0.6 0.6 1</color>
                        </diffuse>
                    </lambert>
                </technique>
            </profile_COMMON>
        </effect>
        <effect id="ID191">
            <profile_COMMON>
                <technique sid="COMMON">
                    <constant>
                        <transparent opaque="A_ONE">
                            <color>0.2784314 0.254902 0.2352941 1</color>
                        </transparent>
                        <transparency>
                            <float>1</float>
                        </transparency>
                    </constant>
                </technique>
            </profile_COMMON>
        </effect>
    </library_effects>
    <library_images>
        <image id="ID7">
            <init_from>model/Aluminum.jpg</init_from>
        </image>
    </library_images>
    <scene>
        <instance_visual_scene url="#ID2" />
    </scene>
</COLLADA>
